[2m2026-05-16T01:08:12.837168Z[0m [32m INFO[0m [2mdashboard_server[0m[2m:[0m CRDTdb Dashboard Server → http://0.0.0.0:8888
[2m2026-05-16T01:08:20.042521Z[0m [32m INFO[0m [2mdashboard_server[0m[2m:[0m Resetting entire cluster state — wiping ALL peers
[2m2026-05-16T01:08:20.044699Z[0m [32m INFO[0m [2mdashboard_server[0m[2m:[0m Added peer A
[2m2026-05-16T01:08:20.045683Z[0m [32m INFO[0m [2mdashboard_server[0m[2m:[0m Applying schema to peer A: CREATE TABLE users (
         id    TEXT PRIMARY KEY,
         email TEXT NOT NULL UNIQUE,
         name  TEXT
       )
[2m2026-05-16T01:08:20.046911Z[0m [32m INFO[0m [2mdashboard_server[0m[2m:[0m Applying schema to peer A: CREATE TABLE orders (
         id          TEXT PRIMARY KEY,
         user_id     TEXT NOT NULL REFERENCES users(id) ON DELETE CASCADE,
         status      TEXT NOT NULL,
         total_cents INTEGER NOT NULL DEFAULT 0
       )
[2m2026-05-16T01:08:20.048239Z[0m [32m INFO[0m [2mdashboard_server[0m[2m:[0m Applying schema to peer A: CREATE INDEX orders_by_user ON orders(user_id, status)
[2m2026-05-16T01:08:20.049393Z[0m [32m INFO[0m [2mdashboard_server[0m[2m:[0m Added peer B
[2m2026-05-16T01:08:20.050373Z[0m [32m INFO[0m [2mdashboard_server[0m[2m:[0m Applying schema to peer B: CREATE TABLE users (
         id    TEXT PRIMARY KEY,
         email TEXT NOT NULL UNIQUE,
         name  TEXT
       )
[2m2026-05-16T01:08:20.051677Z[0m [32m INFO[0m [2mdashboard_server[0m[2m:[0m Applying schema to peer B: CREATE TABLE orders (
         id          TEXT PRIMARY KEY,
         user_id     TEXT NOT NULL REFERENCES users(id) ON DELETE CASCADE,
         status      TEXT NOT NULL,
         total_cents INTEGER NOT NULL DEFAULT 0
       )
[2m2026-05-16T01:08:20.052823Z[0m [32m INFO[0m [2mdashboard_server[0m[2m:[0m Applying schema to peer B: CREATE INDEX orders_by_user ON orders(user_id, status)
[2m2026-05-16T01:08:20.053834Z[0m [32m INFO[0m [2mdashboard_server[0m[2m:[0m Added peer C
[2m2026-05-16T01:08:20.054586Z[0m [32m INFO[0m [2mdashboard_server[0m[2m:[0m Applying schema to peer C: CREATE TABLE users (
         id    TEXT PRIMARY KEY,
         email TEXT NOT NULL UNIQUE,
         name  TEXT
       )
[2m2026-05-16T01:08:20.056314Z[0m [32m INFO[0m [2mdashboard_server[0m[2m:[0m Applying schema to peer C: CREATE TABLE orders (
         id          TEXT PRIMARY KEY,
         user_id     TEXT NOT NULL REFERENCES users(id) ON DELETE CASCADE,
         status      TEXT NOT NULL,
         total_cents INTEGER NOT NULL DEFAULT 0
       )
[2m2026-05-16T01:08:20.057998Z[0m [32m INFO[0m [2mdashboard_server[0m[2m:[0m Applying schema to peer C: CREATE INDEX orders_by_user ON orders(user_id, status)
[2m2026-05-16T01:08:20.059124Z[0m [32m INFO[0m [2mdashboard_server[0m[2m:[0m Executing on peer A: INSERT INTO users (id, email, name) VALUES (?, ?, ?)
[2m2026-05-16T01:08:20.060681Z[0m [32m INFO[0m [2mdashboard_server[0m[2m:[0m Executing on peer A: INSERT INTO users (id, email, name) VALUES (?, ?, ?)
[2m2026-05-16T01:08:20.062283Z[0m [32m INFO[0m [2mdashboard_server[0m[2m:[0m Executing on peer B: INSERT INTO users (id, email, name) VALUES (?, ?, ?)
[2m2026-05-16T01:08:20.063744Z[0m [32m INFO[0m [2mdashboard_server[0m[2m:[0m Sync request: A -> C
[2m2026-05-16T01:08:20.064946Z[0m [32m INFO[0m [2mdashboard_server[0m[2m:[0m Executing on peer C: DELETE FROM users WHERE id = ?
[2m2026-05-16T01:08:20.065777Z[0m [32m INFO[0m [2mdashboard_server[0m[2m:[0m Executing on peer A: INSERT INTO orders (id, user_id, status, total_cents) VALUES (?, ?, ?, ?)
[2m2026-05-16T01:08:20.066696Z[0m [32m INFO[0m [2mdashboard_server[0m[2m:[0m Sync request: A -> B
[2m2026-05-16T01:08:20.068105Z[0m [32m INFO[0m [2mdashboard_server[0m[2m:[0m Executing on peer A: UPDATE users SET name  = ? WHERE id = ?
[2m2026-05-16T01:08:20.068956Z[0m [32m INFO[0m [2mdashboard_server[0m[2m:[0m Executing on peer B: UPDATE users SET email = ? WHERE id = ?
[2m2026-05-16T01:08:20.069807Z[0m [32m INFO[0m [2mdashboard_server[0m[2m:[0m Sync request: A -> B
[2m2026-05-16T01:08:20.070985Z[0m [32m INFO[0m [2mdashboard_server[0m[2m:[0m Sync request: B -> C
[2m2026-05-16T01:08:20.072443Z[0m [32m INFO[0m [2mdashboard_server[0m[2m:[0m Sync request: A -> C
[2m2026-05-16T01:08:20.076457Z[0m [32m INFO[0m [2mdashboard_server[0m[2m:[0m Sync request: A -> B
[2m2026-05-16T01:08:20.078100Z[0m [32m INFO[0m [2mdashboard_server[0m[2m:[0m Sync request: B -> C
[2m2026-05-16T01:08:20.079378Z[0m [32m INFO[0m [2mdashboard_server[0m[2m:[0m Sync request: A -> C
[2m2026-05-16T01:08:20.083417Z[0m [32m INFO[0m [2mdashboard_server[0m[2m:[0m Added peer CL:A
[2m2026-05-16T01:08:20.084166Z[0m [32m INFO[0m [2mdashboard_server[0m[2m:[0m Applying schema to peer CL:A: CREATE TABLE users (
         id    TEXT PRIMARY KEY,
         email TEXT NOT NULL UNIQUE,
         name  TEXT
       )
[2m2026-05-16T01:08:20.084902Z[0m [32m INFO[0m [2mdashboard_server[0m[2m:[0m Applying schema to peer CL:A: CREATE TABLE orders (
         id          TEXT PRIMARY KEY,
         user_id     TEXT NOT NULL REFERENCES users(id) ON DELETE CASCADE,
         status      TEXT NOT NULL,
         total_cents INTEGER NOT NULL DEFAULT 0
       )
[2m2026-05-16T01:08:20.085598Z[0m [32m INFO[0m [2mdashboard_server[0m[2m:[0m Applying schema to peer CL:A: CREATE INDEX orders_by_user ON orders(user_id, status)
[2m2026-05-16T01:08:20.086169Z[0m [32m INFO[0m [2mdashboard_server[0m[2m:[0m Added peer CL:B
[2m2026-05-16T01:08:20.086679Z[0m [32m INFO[0m [2mdashboard_server[0m[2m:[0m Applying schema to peer CL:B: CREATE TABLE users (
         id    TEXT PRIMARY KEY,
         email TEXT NOT NULL UNIQUE,
         name  TEXT
       )
[2m2026-05-16T01:08:20.087245Z[0m [32m INFO[0m [2mdashboard_server[0m[2m:[0m Applying schema to peer CL:B: CREATE TABLE orders (
         id          TEXT PRIMARY KEY,
         user_id     TEXT NOT NULL REFERENCES users(id) ON DELETE CASCADE,
         status      TEXT NOT NULL,
         total_cents INTEGER NOT NULL DEFAULT 0
       )
[2m2026-05-16T01:08:20.087859Z[0m [32m INFO[0m [2mdashboard_server[0m[2m:[0m Applying schema to peer CL:B: CREATE INDEX orders_by_user ON orders(user_id, status)
[2m2026-05-16T01:08:20.088458Z[0m [32m INFO[0m [2mdashboard_server[0m[2m:[0m Added peer CL:C
[2m2026-05-16T01:08:20.089642Z[0m [32m INFO[0m [2mdashboard_server[0m[2m:[0m Applying schema to peer CL:C: CREATE TABLE users (
         id    TEXT PRIMARY KEY,
         email TEXT NOT NULL UNIQUE,
         name  TEXT
       )
[2m2026-05-16T01:08:20.090729Z[0m [32m INFO[0m [2mdashboard_server[0m[2m:[0m Applying schema to peer CL:C: CREATE TABLE orders (
         id          TEXT PRIMARY KEY,
         user_id     TEXT NOT NULL REFERENCES users(id) ON DELETE CASCADE,
         status      TEXT NOT NULL,
         total_cents INTEGER NOT NULL DEFAULT 0
       )
[2m2026-05-16T01:08:20.091406Z[0m [32m INFO[0m [2mdashboard_server[0m[2m:[0m Applying schema to peer CL:C: CREATE INDEX orders_by_user ON orders(user_id, status)
[2m2026-05-16T01:08:20.092005Z[0m [32m INFO[0m [2mdashboard_server[0m[2m:[0m Executing on peer CL:A: INSERT INTO users (id, email, name) VALUES (?, ?, ?)
[2m2026-05-16T01:08:20.092997Z[0m [32m INFO[0m [2mdashboard_server[0m[2m:[0m Executing on peer CL:A: INSERT INTO users (id, email, name) VALUES (?, ?, ?)
[2m2026-05-16T01:08:20.093792Z[0m [32m INFO[0m [2mdashboard_server[0m[2m:[0m Sync request: CL:A -> CL:B
[2m2026-05-16T01:08:20.094875Z[0m [32m INFO[0m [2mdashboard_server[0m[2m:[0m Sync request: CL:A -> CL:C
[2m2026-05-16T01:08:20.095946Z[0m [32m INFO[0m [2mdashboard_server[0m[2m:[0m Sync request: CL:B -> CL:C
[2m2026-05-16T01:08:20.096928Z[0m [32m INFO[0m [2mdashboard_server[0m[2m:[0m Executing on peer CL:A: UPDATE users SET name  = ? WHERE id = ?
[2m2026-05-16T01:08:20.097787Z[0m [32m INFO[0m [2mdashboard_server[0m[2m:[0m Executing on peer CL:B: UPDATE users SET email = ? WHERE id = ?
[2m2026-05-16T01:08:20.098608Z[0m [32m INFO[0m [2mdashboard_server[0m[2m:[0m Sync request: CL:A -> CL:B
[2m2026-05-16T01:08:20.099587Z[0m [32m INFO[0m [2mdashboard_server[0m[2m:[0m Sync request: CL:B -> CL:C
[2m2026-05-16T01:08:20.100503Z[0m [32m INFO[0m [2mdashboard_server[0m[2m:[0m Sync request: CL:A -> CL:C
[2m2026-05-16T01:08:20.101417Z[0m [32m INFO[0m [2mdashboard_server[0m[2m:[0m Sync request: CL:A -> CL:B
[2m2026-05-16T01:08:20.102364Z[0m [32m INFO[0m [2mdashboard_server[0m[2m:[0m Sync request: CL:B -> CL:C
[2m2026-05-16T01:08:20.103344Z[0m [32m INFO[0m [2mdashboard_server[0m[2m:[0m Sync request: CL:A -> CL:C
[2m2026-05-16T01:08:20.106743Z[0m [32m INFO[0m [2mdashboard_server[0m[2m:[0m Added peer A@1
[2m2026-05-16T01:08:20.107374Z[0m [32m INFO[0m [2mdashboard_server[0m[2m:[0m Applying schema to peer A@1: CREATE TABLE users (
         id    TEXT PRIMARY KEY,
         email TEXT NOT NULL UNIQUE,
         name  TEXT
       )
[2m2026-05-16T01:08:20.108057Z[0m [32m INFO[0m [2mdashboard_server[0m[2m:[0m Applying schema to peer A@1: CREATE TABLE orders (
         id          TEXT PRIMARY KEY,
         user_id     TEXT NOT NULL REFERENCES users(id) ON DELETE CASCADE,
         status      TEXT NOT NULL,
         total_cents INTEGER NOT NULL DEFAULT 0
       )
[2m2026-05-16T01:08:20.108704Z[0m [32m INFO[0m [2mdashboard_server[0m[2m:[0m Applying schema to peer A@1: CREATE INDEX orders_by_user ON orders(user_id, status)
[2m2026-05-16T01:08:20.109268Z[0m [32m INFO[0m [2mdashboard_server[0m[2m:[0m Added peer B@1
[2m2026-05-16T01:08:20.109805Z[0m [32m INFO[0m [2mdashboard_server[0m[2m:[0m Applying schema to peer B@1: CREATE TABLE users (
         id    TEXT PRIMARY KEY,
         email TEXT NOT NULL UNIQUE,
         name  TEXT
       )
[2m2026-05-16T01:08:20.110399Z[0m [32m INFO[0m [2mdashboard_server[0m[2m:[0m Applying schema to peer B@1: CREATE TABLE orders (
         id          TEXT PRIMARY KEY,
         user_id     TEXT NOT NULL REFERENCES users(id) ON DELETE CASCADE,
         status      TEXT NOT NULL,
         total_cents INTEGER NOT NULL DEFAULT 0
       )
[2m2026-05-16T01:08:20.111027Z[0m [32m INFO[0m [2mdashboard_server[0m[2m:[0m Applying schema to peer B@1: CREATE INDEX orders_by_user ON orders(user_id, status)
[2m2026-05-16T01:08:20.111585Z[0m [32m INFO[0m [2mdashboard_server[0m[2m:[0m Added peer C@1
[2m2026-05-16T01:08:20.112091Z[0m [32m INFO[0m [2mdashboard_server[0m[2m:[0m Applying schema to peer C@1: CREATE TABLE users (
         id    TEXT PRIMARY KEY,
         email TEXT NOT NULL UNIQUE,
         name  TEXT
       )
[2m2026-05-16T01:08:20.112684Z[0m [32m INFO[0m [2mdashboard_server[0m[2m:[0m Applying schema to peer C@1: CREATE TABLE orders (
         id          TEXT PRIMARY KEY,
         user_id     TEXT NOT NULL REFERENCES users(id) ON DELETE CASCADE,
         status      TEXT NOT NULL,
         total_cents INTEGER NOT NULL DEFAULT 0
       )
[2m2026-05-16T01:08:20.113296Z[0m [32m INFO[0m [2mdashboard_server[0m[2m:[0m Applying schema to peer C@1: CREATE INDEX orders_by_user ON orders(user_id, status)
[2m2026-05-16T01:08:20.113886Z[0m [32m INFO[0m [2mdashboard_server[0m[2m:[0m Executing on peer A@1: INSERT INTO users (id, email, name) VALUES (?, ?, ?)
[2m2026-05-16T01:08:20.114747Z[0m [32m INFO[0m [2mdashboard_server[0m[2m:[0m Executing on peer A@1: INSERT INTO users (id, email, name) VALUES (?, ?, ?)
[2m2026-05-16T01:08:20.115588Z[0m [32m INFO[0m [2mdashboard_server[0m[2m:[0m Executing on peer B@1: INSERT INTO users (id, email, name) VALUES (?, ?, ?)
[2m2026-05-16T01:08:20.116463Z[0m [32m INFO[0m [2mdashboard_server[0m[2m:[0m Sync request: A@1 -> C@1
[2m2026-05-16T01:08:20.117548Z[0m [32m INFO[0m [2mdashboard_server[0m[2m:[0m Executing on peer C@1: DELETE FROM users WHERE id = ?
[2m2026-05-16T01:08:20.118406Z[0m [32m INFO[0m [2mdashboard_server[0m[2m:[0m Executing on peer A@1: INSERT INTO orders (id, user_id, status, total_cents) VALUES (?, ?, ?, ?)
[2m2026-05-16T01:08:20.119392Z[0m [32m INFO[0m [2mdashboard_server[0m[2m:[0m Sync request: A@1 -> B@1
[2m2026-05-16T01:08:20.121129Z[0m [32m INFO[0m [2mdashboard_server[0m[2m:[0m Executing on peer A@1: UPDATE users SET name  = ? WHERE id = ?
[2m2026-05-16T01:08:20.122140Z[0m [32m INFO[0m [2mdashboard_server[0m[2m:[0m Executing on peer B@1: UPDATE users SET email = ? WHERE id = ?
[2m2026-05-16T01:08:20.123329Z[0m [32m INFO[0m [2mdashboard_server[0m[2m:[0m Sync request: A@1 -> C@1
[2m2026-05-16T01:08:20.125288Z[0m [32m INFO[0m [2mdashboard_server[0m[2m:[0m Sync request: A@1 -> B@1
[2m2026-05-16T01:08:20.126802Z[0m [32m INFO[0m [2mdashboard_server[0m[2m:[0m Sync request: A@1 -> C@1
[2m2026-05-16T01:08:20.128117Z[0m [32m INFO[0m [2mdashboard_server[0m[2m:[0m Sync request: A@1 -> B@1
[2m2026-05-16T01:08:20.129373Z[0m [32m INFO[0m [2mdashboard_server[0m[2m:[0m Sync request: B@1 -> C@1
[2m2026-05-16T01:08:20.130869Z[0m [32m INFO[0m [2mdashboard_server[0m[2m:[0m Sync request: B@1 -> C@1
[2m2026-05-16T01:08:20.132044Z[0m [32m INFO[0m [2mdashboard_server[0m[2m:[0m Sync request: A@1 -> B@1
[2m2026-05-16T01:08:20.133349Z[0m [32m INFO[0m [2mdashboard_server[0m[2m:[0m Sync request: B@1 -> C@1
[2m2026-05-16T01:08:20.134671Z[0m [32m INFO[0m [2mdashboard_server[0m[2m:[0m Sync request: A@1 -> C@1
[2m2026-05-16T01:08:20.138546Z[0m [32m INFO[0m [2mdashboard_server[0m[2m:[0m Added peer A@2
[2m2026-05-16T01:08:20.139242Z[0m [32m INFO[0m [2mdashboard_server[0m[2m:[0m Applying schema to peer A@2: CREATE TABLE users (
         id    TEXT PRIMARY KEY,
         email TEXT NOT NULL UNIQUE,
         name  TEXT
       )
[2m2026-05-16T01:08:20.139939Z[0m [32m INFO[0m [2mdashboard_server[0m[2m:[0m Applying schema to peer A@2: CREATE TABLE orders (
         id          TEXT PRIMARY KEY,
         user_id     TEXT NOT NULL REFERENCES users(id) ON DELETE CASCADE,
         status      TEXT NOT NULL,
         total_cents INTEGER NOT NULL DEFAULT 0
       )
[2m2026-05-16T01:08:20.140685Z[0m [32m INFO[0m [2mdashboard_server[0m[2m:[0m Applying schema to peer A@2: CREATE INDEX orders_by_user ON orders(user_id, status)
[2m2026-05-16T01:08:20.141302Z[0m [32m INFO[0m [2mdashboard_server[0m[2m:[0m Added peer B@2
[2m2026-05-16T01:08:20.141855Z[0m [32m INFO[0m [2mdashboard_server[0m[2m:[0m Applying schema to peer B@2: CREATE TABLE users (
         id    TEXT PRIMARY KEY,
         email TEXT NOT NULL UNIQUE,
         name  TEXT
       )
[2m2026-05-16T01:08:20.142476Z[0m [32m INFO[0m [2mdashboard_server[0m[2m:[0m Applying schema to peer B@2: CREATE TABLE orders (
         id          TEXT PRIMARY KEY,
         user_id     TEXT NOT NULL REFERENCES users(id) ON DELETE CASCADE,
         status      TEXT NOT NULL,
         total_cents INTEGER NOT NULL DEFAULT 0
       )
[2m2026-05-16T01:08:20.143152Z[0m [32m INFO[0m [2mdashboard_server[0m[2m:[0m Applying schema to peer B@2: CREATE INDEX orders_by_user ON orders(user_id, status)
[2m2026-05-16T01:08:20.143832Z[0m [32m INFO[0m [2mdashboard_server[0m[2m:[0m Added peer C@2
[2m2026-05-16T01:08:20.144501Z[0m [32m INFO[0m [2mdashboard_server[0m[2m:[0m Applying schema to peer C@2: CREATE TABLE users (
         id    TEXT PRIMARY KEY,
         email TEXT NOT NULL UNIQUE,
         name  TEXT
       )
[2m2026-05-16T01:08:20.145133Z[0m [32m INFO[0m [2mdashboard_server[0m[2m:[0m Applying schema to peer C@2: CREATE TABLE orders (
         id          TEXT PRIMARY KEY,
         user_id     TEXT NOT NULL REFERENCES users(id) ON DELETE CASCADE,
         status      TEXT NOT NULL,
         total_cents INTEGER NOT NULL DEFAULT 0
       )
[2m2026-05-16T01:08:20.145791Z[0m [32m INFO[0m [2mdashboard_server[0m[2m:[0m Applying schema to peer C@2: CREATE INDEX orders_by_user ON orders(user_id, status)
[2m2026-05-16T01:08:20.146425Z[0m [32m INFO[0m [2mdashboard_server[0m[2m:[0m Executing on peer A@2: INSERT INTO users (id, email, name) VALUES (?, ?, ?)
[2m2026-05-16T01:08:20.147756Z[0m [32m INFO[0m [2mdashboard_server[0m[2m:[0m Executing on peer A@2: INSERT INTO users (id, email, name) VALUES (?, ?, ?)
[2m2026-05-16T01:08:20.148851Z[0m [32m INFO[0m [2mdashboard_server[0m[2m:[0m Executing on peer B@2: INSERT INTO users (id, email, name) VALUES (?, ?, ?)
[2m2026-05-16T01:08:20.150023Z[0m [32m INFO[0m [2mdashboard_server[0m[2m:[0m Sync request: A@2 -> C@2
[2m2026-05-16T01:08:20.151675Z[0m [32m INFO[0m [2mdashboard_server[0m[2m:[0m Executing on peer C@2: DELETE FROM users WHERE id = ?
[2m2026-05-16T01:08:20.152833Z[0m [32m INFO[0m [2mdashboard_server[0m[2m:[0m Executing on peer A@2: INSERT INTO orders (id, user_id, status, total_cents) VALUES (?, ?, ?, ?)
[2m2026-05-16T01:08:20.154023Z[0m [32m INFO[0m [2mdashboard_server[0m[2m:[0m Sync request: A@2 -> B@2
[2m2026-05-16T01:08:20.155757Z[0m [32m INFO[0m [2mdashboard_server[0m[2m:[0m Executing on peer A@2: UPDATE users SET name  = ? WHERE id = ?
[2m2026-05-16T01:08:20.157052Z[0m [32m INFO[0m [2mdashboard_server[0m[2m:[0m Executing on peer B@2: UPDATE users SET email = ? WHERE id = ?
[2m2026-05-16T01:08:20.158575Z[0m [32m INFO[0m [2mdashboard_server[0m[2m:[0m Sync request: A@2 -> C@2
[2m2026-05-16T01:08:20.160180Z[0m [32m INFO[0m [2mdashboard_server[0m[2m:[0m Sync request: A@2 -> B@2
[2m2026-05-16T01:08:20.161905Z[0m [32m INFO[0m [2mdashboard_server[0m[2m:[0m Sync request: B@2 -> C@2
[2m2026-05-16T01:08:20.163569Z[0m [32m INFO[0m [2mdashboard_server[0m[2m:[0m Sync request: B@2 -> C@2
[2m2026-05-16T01:08:20.164928Z[0m [32m INFO[0m [2mdashboard_server[0m[2m:[0m Sync request: A@2 -> C@2
[2m2026-05-16T01:08:20.166660Z[0m [32m INFO[0m [2mdashboard_server[0m[2m:[0m Sync request: A@2 -> B@2
[2m2026-05-16T01:08:20.168286Z[0m [32m INFO[0m [2mdashboard_server[0m[2m:[0m Sync request: A@2 -> B@2
[2m2026-05-16T01:08:20.169794Z[0m [32m INFO[0m [2mdashboard_server[0m[2m:[0m Sync request: B@2 -> C@2
[2m2026-05-16T01:08:20.171221Z[0m [32m INFO[0m [2mdashboard_server[0m[2m:[0m Sync request: A@2 -> C@2
[2m2026-05-16T01:08:20.175643Z[0m [32m INFO[0m [2mdashboard_server[0m[2m:[0m Added peer A@3
[2m2026-05-16T01:08:20.176272Z[0m [32m INFO[0m [2mdashboard_server[0m[2m:[0m Applying schema to peer A@3: CREATE TABLE users (
         id    TEXT PRIMARY KEY,
         email TEXT NOT NULL UNIQUE,
         name  TEXT
       )
[2m2026-05-16T01:08:20.177002Z[0m [32m INFO[0m [2mdashboard_server[0m[2m:[0m Applying schema to peer A@3: CREATE TABLE orders (
         id          TEXT PRIMARY KEY,
         user_id     TEXT NOT NULL REFERENCES users(id) ON DELETE CASCADE,
         status      TEXT NOT NULL,
         total_cents INTEGER NOT NULL DEFAULT 0
       )
[2m2026-05-16T01:08:20.177731Z[0m [32m INFO[0m [2mdashboard_server[0m[2m:[0m Applying schema to peer A@3: CREATE INDEX orders_by_user ON orders(user_id, status)
[2m2026-05-16T01:08:20.178355Z[0m [32m INFO[0m [2mdashboard_server[0m[2m:[0m Added peer B@3
[2m2026-05-16T01:08:20.178905Z[0m [32m INFO[0m [2mdashboard_server[0m[2m:[0m Applying schema to peer B@3: CREATE TABLE users (
         id    TEXT PRIMARY KEY,
         email TEXT NOT NULL UNIQUE,
         name  TEXT
       )
[2m2026-05-16T01:08:20.179549Z[0m [32m INFO[0m [2mdashboard_server[0m[2m:[0m Applying schema to peer B@3: CREATE TABLE orders (
         id          TEXT PRIMARY KEY,
         user_id     TEXT NOT NULL REFERENCES users(id) ON DELETE CASCADE,
         status      TEXT NOT NULL,
         total_cents INTEGER NOT NULL DEFAULT 0
       )
[2m2026-05-16T01:08:20.180260Z[0m [32m INFO[0m [2mdashboard_server[0m[2m:[0m Applying schema to peer B@3: CREATE INDEX orders_by_user ON orders(user_id, status)
[2m2026-05-16T01:08:20.180867Z[0m [32m INFO[0m [2mdashboard_server[0m[2m:[0m Added peer C@3
[2m2026-05-16T01:08:20.181421Z[0m [32m INFO[0m [2mdashboard_server[0m[2m:[0m Applying schema to peer C@3: CREATE TABLE users (
         id    TEXT PRIMARY KEY,
         email TEXT NOT NULL UNIQUE,
         name  TEXT
       )
[2m2026-05-16T01:08:20.182046Z[0m [32m INFO[0m [2mdashboard_server[0m[2m:[0m Applying schema to peer C@3: CREATE TABLE orders (
         id          TEXT PRIMARY KEY,
         user_id     TEXT NOT NULL REFERENCES users(id) ON DELETE CASCADE,
         status      TEXT NOT NULL,
         total_cents INTEGER NOT NULL DEFAULT 0
       )
[2m2026-05-16T01:08:20.182693Z[0m [32m INFO[0m [2mdashboard_server[0m[2m:[0m Applying schema to peer C@3: CREATE INDEX orders_by_user ON orders(user_id, status)
[2m2026-05-16T01:08:20.183303Z[0m [32m INFO[0m [2mdashboard_server[0m[2m:[0m Executing on peer A@3: INSERT INTO users (id, email, name) VALUES (?, ?, ?)
[2m2026-05-16T01:08:20.184758Z[0m [32m INFO[0m [2mdashboard_server[0m[2m:[0m Executing on peer A@3: INSERT INTO users (id, email, name) VALUES (?, ?, ?)
[2m2026-05-16T01:08:20.186087Z[0m [32m INFO[0m [2mdashboard_server[0m[2m:[0m Executing on peer B@3: INSERT INTO users (id, email, name) VALUES (?, ?, ?)
[2m2026-05-16T01:08:20.187402Z[0m [32m INFO[0m [2mdashboard_server[0m[2m:[0m Sync request: A@3 -> C@3
[2m2026-05-16T01:08:20.189044Z[0m [32m INFO[0m [2mdashboard_server[0m[2m:[0m Executing on peer C@3: DELETE FROM users WHERE id = ?
[2m2026-05-16T01:08:20.190659Z[0m [32m INFO[0m [2mdashboard_server[0m[2m:[0m Executing on peer A@3: INSERT INTO orders (id, user_id, status, total_cents) VALUES (?, ?, ?, ?)
[2m2026-05-16T01:08:20.192065Z[0m [32m INFO[0m [2mdashboard_server[0m[2m:[0m Sync request: A@3 -> B@3
[2m2026-05-16T01:08:20.194095Z[0m [32m INFO[0m [2mdashboard_server[0m[2m:[0m Executing on peer A@3: UPDATE users SET name  = ? WHERE id = ?
[2m2026-05-16T01:08:20.195545Z[0m [32m INFO[0m [2mdashboard_server[0m[2m:[0m Executing on peer B@3: UPDATE users SET email = ? WHERE id = ?
[2m2026-05-16T01:08:20.196973Z[0m [32m INFO[0m [2mdashboard_server[0m[2m:[0m Sync request: A@3 -> B@3
[2m2026-05-16T01:08:20.198890Z[0m [32m INFO[0m [2mdashboard_server[0m[2m:[0m Sync request: A@3 -> C@3
[2m2026-05-16T01:08:20.200593Z[0m [32m INFO[0m [2mdashboard_server[0m[2m:[0m Sync request: A@3 -> B@3
[2m2026-05-16T01:08:20.202179Z[0m [32m INFO[0m [2mdashboard_server[0m[2m:[0m Sync request: A@3 -> C@3
[2m2026-05-16T01:08:20.203818Z[0m [32m INFO[0m [2mdashboard_server[0m[2m:[0m Sync request: B@3 -> C@3
[2m2026-05-16T01:08:20.206051Z[0m [32m INFO[0m [2mdashboard_server[0m[2m:[0m Sync request: B@3 -> C@3
[2m2026-05-16T01:08:20.208090Z[0m [32m INFO[0m [2mdashboard_server[0m[2m:[0m Sync request: A@3 -> B@3
[2m2026-05-16T01:08:20.210139Z[0m [32m INFO[0m [2mdashboard_server[0m[2m:[0m Sync request: B@3 -> C@3
[2m2026-05-16T01:08:20.212131Z[0m [32m INFO[0m [2mdashboard_server[0m[2m:[0m Sync request: A@3 -> C@3
[2m2026-05-16T01:08:20.216623Z[0m [32m INFO[0m [2mdashboard_server[0m[2m:[0m Added peer A@5
[2m2026-05-16T01:08:20.217266Z[0m [32m INFO[0m [2mdashboard_server[0m[2m:[0m Applying schema to peer A@5: CREATE TABLE users (
         id    TEXT PRIMARY KEY,
         email TEXT NOT NULL UNIQUE,
         name  TEXT
       )
[2m2026-05-16T01:08:20.218158Z[0m [32m INFO[0m [2mdashboard_server[0m[2m:[0m Applying schema to peer A@5: CREATE TABLE orders (
         id          TEXT PRIMARY KEY,
         user_id     TEXT NOT NULL REFERENCES users(id) ON DELETE CASCADE,
         status      TEXT NOT NULL,
         total_cents INTEGER NOT NULL DEFAULT 0
       )
[2m2026-05-16T01:08:20.218924Z[0m [32m INFO[0m [2mdashboard_server[0m[2m:[0m Applying schema to peer A@5: CREATE INDEX orders_by_user ON orders(user_id, status)
[2m2026-05-16T01:08:20.219606Z[0m [32m INFO[0m [2mdashboard_server[0m[2m:[0m Added peer B@5
[2m2026-05-16T01:08:20.220213Z[0m [32m INFO[0m [2mdashboard_server[0m[2m:[0m Applying schema to peer B@5: CREATE TABLE users (
         id    TEXT PRIMARY KEY,
         email TEXT NOT NULL UNIQUE,
         name  TEXT
       )
[2m2026-05-16T01:08:20.220920Z[0m [32m INFO[0m [2mdashboard_server[0m[2m:[0m Applying schema to peer B@5: CREATE TABLE orders (
         id          TEXT PRIMARY KEY,
         user_id     TEXT NOT NULL REFERENCES users(id) ON DELETE CASCADE,
         status      TEXT NOT NULL,
         total_cents INTEGER NOT NULL DEFAULT 0
       )
[2m2026-05-16T01:08:20.221650Z[0m [32m INFO[0m [2mdashboard_server[0m[2m:[0m Applying schema to peer B@5: CREATE INDEX orders_by_user ON orders(user_id, status)
[2m2026-05-16T01:08:20.222292Z[0m [32m INFO[0m [2mdashboard_server[0m[2m:[0m Added peer C@5
[2m2026-05-16T01:08:20.222920Z[0m [32m INFO[0m [2mdashboard_server[0m[2m:[0m Applying schema to peer C@5: CREATE TABLE users (
         id    TEXT PRIMARY KEY,
         email TEXT NOT NULL UNIQUE,
         name  TEXT
       )
[2m2026-05-16T01:08:20.223958Z[0m [32m INFO[0m [2mdashboard_server[0m[2m:[0m Applying schema to peer C@5: CREATE TABLE orders (
         id          TEXT PRIMARY KEY,
         user_id     TEXT NOT NULL REFERENCES users(id) ON DELETE CASCADE,
         status      TEXT NOT NULL,
         total_cents INTEGER NOT NULL DEFAULT 0
       )
[2m2026-05-16T01:08:20.224788Z[0m [32m INFO[0m [2mdashboard_server[0m[2m:[0m Applying schema to peer C@5: CREATE INDEX orders_by_user ON orders(user_id, status)
[2m2026-05-16T01:08:20.225498Z[0m [32m INFO[0m [2mdashboard_server[0m[2m:[0m Executing on peer A@5: INSERT INTO users (id, email, name) VALUES (?, ?, ?)
[2m2026-05-16T01:08:20.226958Z[0m [32m INFO[0m [2mdashboard_server[0m[2m:[0m Executing on peer A@5: INSERT INTO users (id, email, name) VALUES (?, ?, ?)
[2m2026-05-16T01:08:20.228710Z[0m [32m INFO[0m [2mdashboard_server[0m[2m:[0m Executing on peer B@5: INSERT INTO users (id, email, name) VALUES (?, ?, ?)
[2m2026-05-16T01:08:20.230422Z[0m [32m INFO[0m [2mdashboard_server[0m[2m:[0m Sync request: A@5 -> C@5
[2m2026-05-16T01:08:20.232316Z[0m [32m INFO[0m [2mdashboard_server[0m[2m:[0m Executing on peer C@5: DELETE FROM users WHERE id = ?
[2m2026-05-16T01:08:20.233755Z[0m [32m INFO[0m [2mdashboard_server[0m[2m:[0m Executing on peer A@5: INSERT INTO orders (id, user_id, status, total_cents) VALUES (?, ?, ?, ?)
[2m2026-05-16T01:08:20.235451Z[0m [32m INFO[0m [2mdashboard_server[0m[2m:[0m Sync request: A@5 -> B@5
[2m2026-05-16T01:08:20.237776Z[0m [32m INFO[0m [2mdashboard_server[0m[2m:[0m Executing on peer A@5: UPDATE users SET name  = ? WHERE id = ?
[2m2026-05-16T01:08:20.239801Z[0m [32m INFO[0m [2mdashboard_server[0m[2m:[0m Executing on peer B@5: UPDATE users SET email = ? WHERE id = ?
[2m2026-05-16T01:08:20.241831Z[0m [32m INFO[0m [2mdashboard_server[0m[2m:[0m Sync request: B@5 -> C@5
[2m2026-05-16T01:08:20.244234Z[0m [32m INFO[0m [2mdashboard_server[0m[2m:[0m Sync request: A@5 -> B@5
[2m2026-05-16T01:08:20.246232Z[0m [32m INFO[0m [2mdashboard_server[0m[2m:[0m Sync request: A@5 -> B@5
[2m2026-05-16T01:08:20.248507Z[0m [32m INFO[0m [2mdashboard_server[0m[2m:[0m Sync request: A@5 -> C@5
[2m2026-05-16T01:08:20.250510Z[0m [32m INFO[0m [2mdashboard_server[0m[2m:[0m Sync request: A@5 -> C@5
[2m2026-05-16T01:08:20.252757Z[0m [32m INFO[0m [2mdashboard_server[0m[2m:[0m Sync request: B@5 -> C@5
[2m2026-05-16T01:08:20.254951Z[0m [32m INFO[0m [2mdashboard_server[0m[2m:[0m Sync request: A@5 -> B@5
[2m2026-05-16T01:08:20.257253Z[0m [32m INFO[0m [2mdashboard_server[0m[2m:[0m Sync request: B@5 -> C@5
[2m2026-05-16T01:08:20.259495Z[0m [32m INFO[0m [2mdashboard_server[0m[2m:[0m Sync request: A@5 -> C@5
[2m2026-05-16T01:08:20.264529Z[0m [32m INFO[0m [2mdashboard_server[0m[2m:[0m Added peer A@8
[2m2026-05-16T01:08:20.265199Z[0m [32m INFO[0m [2mdashboard_server[0m[2m:[0m Applying schema to peer A@8: CREATE TABLE users (
         id    TEXT PRIMARY KEY,
         email TEXT NOT NULL UNIQUE,
         name  TEXT
       )
[2m2026-05-16T01:08:20.265966Z[0m [32m INFO[0m [2mdashboard_server[0m[2m:[0m Applying schema to peer A@8: CREATE TABLE orders (
         id          TEXT PRIMARY KEY,
         user_id     TEXT NOT NULL REFERENCES users(id) ON DELETE CASCADE,
         status      TEXT NOT NULL,
         total_cents INTEGER NOT NULL DEFAULT 0
       )
[2m2026-05-16T01:08:20.266769Z[0m [32m INFO[0m [2mdashboard_server[0m[2m:[0m Applying schema to peer A@8: CREATE INDEX orders_by_user ON orders(user_id, status)
[2m2026-05-16T01:08:20.267492Z[0m [32m INFO[0m [2mdashboard_server[0m[2m:[0m Added peer B@8
[2m2026-05-16T01:08:20.268163Z[0m [32m INFO[0m [2mdashboard_server[0m[2m:[0m Applying schema to peer B@8: CREATE TABLE users (
         id    TEXT PRIMARY KEY,
         email TEXT NOT NULL UNIQUE,
         name  TEXT
       )
[2m2026-05-16T01:08:20.269010Z[0m [32m INFO[0m [2mdashboard_server[0m[2m:[0m Applying schema to peer B@8: CREATE TABLE orders (
         id          TEXT PRIMARY KEY,
         user_id     TEXT NOT NULL REFERENCES users(id) ON DELETE CASCADE,
         status      TEXT NOT NULL,
         total_cents INTEGER NOT NULL DEFAULT 0
       )
[2m2026-05-16T01:08:20.269826Z[0m [32m INFO[0m [2mdashboard_server[0m[2m:[0m Applying schema to peer B@8: CREATE INDEX orders_by_user ON orders(user_id, status)
[2m2026-05-16T01:08:20.270548Z[0m [32m INFO[0m [2mdashboard_server[0m[2m:[0m Added peer C@8
[2m2026-05-16T01:08:20.271228Z[0m [32m INFO[0m [2mdashboard_server[0m[2m:[0m Applying schema to peer C@8: CREATE TABLE users (
         id    TEXT PRIMARY KEY,
         email TEXT NOT NULL UNIQUE,
         name  TEXT
       )
[2m2026-05-16T01:08:20.271990Z[0m [32m INFO[0m [2mdashboard_server[0m[2m:[0m Applying schema to peer C@8: CREATE TABLE orders (
         id          TEXT PRIMARY KEY,
         user_id     TEXT NOT NULL REFERENCES users(id) ON DELETE CASCADE,
         status      TEXT NOT NULL,
         total_cents INTEGER NOT NULL DEFAULT 0
       )
[2m2026-05-16T01:08:20.272859Z[0m [32m INFO[0m [2mdashboard_server[0m[2m:[0m Applying schema to peer C@8: CREATE INDEX orders_by_user ON orders(user_id, status)
[2m2026-05-16T01:08:20.273747Z[0m [32m INFO[0m [2mdashboard_server[0m[2m:[0m Executing on peer A@8: INSERT INTO users (id, email, name) VALUES (?, ?, ?)
[2m2026-05-16T01:08:20.275818Z[0m [32m INFO[0m [2mdashboard_server[0m[2m:[0m Executing on peer A@8: INSERT INTO users (id, email, name) VALUES (?, ?, ?)
[2m2026-05-16T01:08:20.277866Z[0m [32m INFO[0m [2mdashboard_server[0m[2m:[0m Executing on peer B@8: INSERT INTO users (id, email, name) VALUES (?, ?, ?)
[2m2026-05-16T01:08:20.279982Z[0m [32m INFO[0m [2mdashboard_server[0m[2m:[0m Sync request: A@8 -> C@8
[2m2026-05-16T01:08:20.282144Z[0m [32m INFO[0m [2mdashboard_server[0m[2m:[0m Executing on peer C@8: DELETE FROM users WHERE id = ?
[2m2026-05-16T01:08:20.283997Z[0m [32m INFO[0m [2mdashboard_server[0m[2m:[0m Executing on peer A@8: INSERT INTO orders (id, user_id, status, total_cents) VALUES (?, ?, ?, ?)
[2m2026-05-16T01:08:20.285867Z[0m [32m INFO[0m [2mdashboard_server[0m[2m:[0m Sync request: A@8 -> B@8
[2m2026-05-16T01:08:20.288597Z[0m [32m INFO[0m [2mdashboard_server[0m[2m:[0m Executing on peer A@8: UPDATE users SET name  = ? WHERE id = ?
[2m2026-05-16T01:08:20.290976Z[0m [32m INFO[0m [2mdashboard_server[0m[2m:[0m Executing on peer B@8: UPDATE users SET email = ? WHERE id = ?
[2m2026-05-16T01:08:20.293288Z[0m [32m INFO[0m [2mdashboard_server[0m[2m:[0m Sync request: A@8 -> C@8
[2m2026-05-16T01:08:20.295931Z[0m [32m INFO[0m [2mdashboard_server[0m[2m:[0m Sync request: B@8 -> C@8
[2m2026-05-16T01:08:20.298620Z[0m [32m INFO[0m [2mdashboard_server[0m[2m:[0m Sync request: A@8 -> B@8
[2m2026-05-16T01:08:20.301142Z[0m [32m INFO[0m [2mdashboard_server[0m[2m:[0m Sync request: A@8 -> B@8
[2m2026-05-16T01:08:20.303654Z[0m [32m INFO[0m [2mdashboard_server[0m[2m:[0m Sync request: A@8 -> C@8
[2m2026-05-16T01:08:20.306168Z[0m [32m INFO[0m [2mdashboard_server[0m[2m:[0m Sync request: B@8 -> C@8
[2m2026-05-16T01:08:20.309244Z[0m [32m INFO[0m [2mdashboard_server[0m[2m:[0m Sync request: A@8 -> B@8
[2m2026-05-16T01:08:20.312049Z[0m [32m INFO[0m [2mdashboard_server[0m[2m:[0m Sync request: B@8 -> C@8
[2m2026-05-16T01:08:20.314583Z[0m [32m INFO[0m [2mdashboard_server[0m[2m:[0m Sync request: A@8 -> C@8
[2m2026-05-16T01:08:20.320840Z[0m [32m INFO[0m [2mdashboard_server[0m[2m:[0m Added peer R101:P0
[2m2026-05-16T01:08:20.321688Z[0m [32m INFO[0m [2mdashboard_server[0m[2m:[0m Applying schema to peer R101:P0: CREATE TABLE users (
         id    TEXT PRIMARY KEY,
         email TEXT NOT NULL UNIQUE,
         name  TEXT
       )
[2m2026-05-16T01:08:20.322666Z[0m [32m INFO[0m [2mdashboard_server[0m[2m:[0m Applying schema to peer R101:P0: CREATE TABLE orders (
         id          TEXT PRIMARY KEY,
         user_id     TEXT NOT NULL REFERENCES users(id) ON DELETE CASCADE,
         status      TEXT NOT NULL,
         total_cents INTEGER NOT NULL DEFAULT 0
       )
[2m2026-05-16T01:08:20.323833Z[0m [32m INFO[0m [2mdashboard_server[0m[2m:[0m Applying schema to peer R101:P0: CREATE INDEX orders_by_user ON orders(user_id, status)
[2m2026-05-16T01:08:20.324801Z[0m [32m INFO[0m [2mdashboard_server[0m[2m:[0m Added peer R101:P1
[2m2026-05-16T01:08:20.325644Z[0m [32m INFO[0m [2mdashboard_server[0m[2m:[0m Applying schema to peer R101:P1: CREATE TABLE users (
         id    TEXT PRIMARY KEY,
         email TEXT NOT NULL UNIQUE,
         name  TEXT
       )
[2m2026-05-16T01:08:20.326587Z[0m [32m INFO[0m [2mdashboard_server[0m[2m:[0m Applying schema to peer R101:P1: CREATE TABLE orders (
         id          TEXT PRIMARY KEY,
         user_id     TEXT NOT NULL REFERENCES users(id) ON DELETE CASCADE,
         status      TEXT NOT NULL,
         total_cents INTEGER NOT NULL DEFAULT 0
       )
[2m2026-05-16T01:08:20.327633Z[0m [32m INFO[0m [2mdashboard_server[0m[2m:[0m Applying schema to peer R101:P1: CREATE INDEX orders_by_user ON orders(user_id, status)
[2m2026-05-16T01:08:20.328520Z[0m [32m INFO[0m [2mdashboard_server[0m[2m:[0m Added peer R101:P2
[2m2026-05-16T01:08:20.329332Z[0m [32m INFO[0m [2mdashboard_server[0m[2m:[0m Applying schema to peer R101:P2: CREATE TABLE users (
         id    TEXT PRIMARY KEY,
         email TEXT NOT NULL UNIQUE,
         name  TEXT
       )
[2m2026-05-16T01:08:20.330240Z[0m [32m INFO[0m [2mdashboard_server[0m[2m:[0m Applying schema to peer R101:P2: CREATE TABLE orders (
         id          TEXT PRIMARY KEY,
         user_id     TEXT NOT NULL REFERENCES users(id) ON DELETE CASCADE,
         status      TEXT NOT NULL,
         total_cents INTEGER NOT NULL DEFAULT 0
       )
[2m2026-05-16T01:08:20.331172Z[0m [32m INFO[0m [2mdashboard_server[0m[2m:[0m Applying schema to peer R101:P2: CREATE INDEX orders_by_user ON orders(user_id, status)
[2m2026-05-16T01:08:20.332042Z[0m [32m INFO[0m [2mdashboard_server[0m[2m:[0m Added peer R101:P3
[2m2026-05-16T01:08:20.333023Z[0m [32m INFO[0m [2mdashboard_server[0m[2m:[0m Applying schema to peer R101:P3: CREATE TABLE users (
         id    TEXT PRIMARY KEY,
         email TEXT NOT NULL UNIQUE,
         name  TEXT
       )
[2m2026-05-16T01:08:20.333965Z[0m [32m INFO[0m [2mdashboard_server[0m[2m:[0m Applying schema to peer R101:P3: CREATE TABLE orders (
         id          TEXT PRIMARY KEY,
         user_id     TEXT NOT NULL REFERENCES users(id) ON DELETE CASCADE,
         status      TEXT NOT NULL,
         total_cents INTEGER NOT NULL DEFAULT 0
       )
[2m2026-05-16T01:08:20.334926Z[0m [32m INFO[0m [2mdashboard_server[0m[2m:[0m Applying schema to peer R101:P3: CREATE INDEX orders_by_user ON orders(user_id, status)
[2m2026-05-16T01:08:20.335829Z[0m [32m INFO[0m [2mdashboard_server[0m[2m:[0m Executing on peer R101:P1: INSERT INTO users (id, email, name) VALUES (?, ?, ?)
[2m2026-05-16T01:08:20.338277Z[0m [32m INFO[0m [2mdashboard_server[0m[2m:[0m Sync request: R101:P1 -> R101:P2
[2m2026-05-16T01:08:20.341499Z[0m [32m INFO[0m [2mdashboard_server[0m[2m:[0m Executing on peer R101:P2: INSERT INTO users (id, email, name) VALUES (?, ?, ?)
[2m2026-05-16T01:08:20.344135Z[0m [32m INFO[0m [2mdashboard_server[0m[2m:[0m Executing on peer R101:P2: UPDATE users SET name = ? WHERE id = ?
[2m2026-05-16T01:08:20.346485Z[0m [32m INFO[0m [2mdashboard_server[0m[2m:[0m Executing on peer R101:P3: INSERT INTO users (id, email, name) VALUES (?, ?, ?)
[2m2026-05-16T01:08:20.348893Z[0m [32m INFO[0m [2mdashboard_server[0m[2m:[0m Executing on peer R101:P0: INSERT INTO users (id, email, name) VALUES (?, ?, ?)
[2m2026-05-16T01:08:20.351356Z[0m [32m INFO[0m [2mdashboard_server[0m[2m:[0m Executing on peer R101:P2: INSERT INTO users (id, email, name) VALUES (?, ?, ?)
[2m2026-05-16T01:08:20.353807Z[0m [32m INFO[0m [2mdashboard_server[0m[2m:[0m Executing on peer R101:P3: DELETE FROM users WHERE id = ?
[2m2026-05-16T01:08:20.356427Z[0m [32m INFO[0m [2mdashboard_server[0m[2m:[0m Sync request: R101:P3 -> R101:P0
[2m2026-05-16T01:08:20.359398Z[0m [32m INFO[0m [2mdashboard_server[0m[2m:[0m Executing on peer R101:P2: INSERT INTO users (id, email, name) VALUES (?, ?, ?)
[2m2026-05-16T01:08:20.361926Z[0m [32m INFO[0m [2mdashboard_server[0m[2m:[0m Executing on peer R101:P1: INSERT INTO users (id, email, name) VALUES (?, ?, ?)
[2m2026-05-16T01:08:20.364407Z[0m [32m INFO[0m [2mdashboard_server[0m[2m:[0m Executing on peer R101:P3: INSERT INTO users (id, email, name) VALUES (?, ?, ?)
[2m2026-05-16T01:08:20.366865Z[0m [32m INFO[0m [2mdashboard_server[0m[2m:[0m Executing on peer R101:P3: UPDATE users SET email = ? WHERE id = ?
[2m2026-05-16T01:08:20.369335Z[0m [32m INFO[0m [2mdashboard_server[0m[2m:[0m Executing on peer R101:P0: INSERT INTO users (id, email, name) VALUES (?, ?, ?)
[2m2026-05-16T01:08:20.371826Z[0m [32m INFO[0m [2mdashboard_server[0m[2m:[0m Executing on peer R101:P3: INSERT INTO users (id, email, name) VALUES (?, ?, ?)
[2m2026-05-16T01:08:20.374418Z[0m [32m INFO[0m [2mdashboard_server[0m[2m:[0m Executing on peer R101:P1: INSERT INTO users (id, email, name) VALUES (?, ?, ?)
[2m2026-05-16T01:08:20.376963Z[0m [32m INFO[0m [2mdashboard_server[0m[2m:[0m Executing on peer R101:P1: DELETE FROM users WHERE id = ?
[2m2026-05-16T01:08:20.379447Z[0m [32m INFO[0m [2mdashboard_server[0m[2m:[0m Executing on peer R101:P2: UPDATE users SET email = ? WHERE id = ?
[2m2026-05-16T01:08:20.381965Z[0m [32m INFO[0m [2mdashboard_server[0m[2m:[0m Executing on peer R101:P3: DELETE FROM users WHERE id = ?
[2m2026-05-16T01:08:20.384509Z[0m [32m INFO[0m [2mdashboard_server[0m[2m:[0m Executing on peer R101:P2: DELETE FROM users WHERE id = ?
[2m2026-05-16T01:08:20.386953Z[0m [32m INFO[0m [2mdashboard_server[0m[2m:[0m Executing on peer R101:P1: INSERT INTO users (id, email, name) VALUES (?, ?, ?)
[2m2026-05-16T01:08:20.389778Z[0m [32m INFO[0m [2mdashboard_server[0m[2m:[0m Executing on peer R101:P1: DELETE FROM users WHERE id = ?
[2m2026-05-16T01:08:20.392397Z[0m [32m INFO[0m [2mdashboard_server[0m[2m:[0m Executing on peer R101:P1: DELETE FROM users WHERE id = ?
[2m2026-05-16T01:08:20.394834Z[0m [32m INFO[0m [2mdashboard_server[0m[2m:[0m Executing on peer R101:P3: INSERT INTO users (id, email, name) VALUES (?, ?, ?)
[2m2026-05-16T01:08:20.397392Z[0m [32m INFO[0m [2mdashboard_server[0m[2m:[0m Executing on peer R101:P3: INSERT INTO users (id, email, name) VALUES (?, ?, ?)
[2m2026-05-16T01:08:20.399985Z[0m [32m INFO[0m [2mdashboard_server[0m[2m:[0m Executing on peer R101:P1: UPDATE users SET email = ? WHERE id = ?
[2m2026-05-16T01:08:20.402601Z[0m [32m INFO[0m [2mdashboard_server[0m[2m:[0m Executing on peer R101:P1: INSERT INTO users (id, email, name) VALUES (?, ?, ?)
[2m2026-05-16T01:08:20.405220Z[0m [32m INFO[0m [2mdashboard_server[0m[2m:[0m Sync request: R101:P0 -> R101:P1
[2m2026-05-16T01:08:20.409274Z[0m [32m INFO[0m [2mdashboard_server[0m[2m:[0m Sync request: R101:P1 -> R101:P2
[2m2026-05-16T01:08:20.413496Z[0m [32m INFO[0m [2mdashboard_server[0m[2m:[0m Executing on peer R101:P2: INSERT INTO users (id, email, name) VALUES (?, ?, ?)
[2m2026-05-16T01:08:20.416284Z[0m [32m INFO[0m [2mdashboard_server[0m[2m:[0m Executing on peer R101:P2: UPDATE users SET email = ? WHERE id = ?
[2m2026-05-16T01:08:20.419132Z[0m [32m INFO[0m [2mdashboard_server[0m[2m:[0m Executing on peer R101:P1: INSERT INTO users (id, email, name) VALUES (?, ?, ?)
[2m2026-05-16T01:08:20.422432Z[0m [32m INFO[0m [2mdashboard_server[0m[2m:[0m Sync request: R101:P2 -> R101:P3
[2m2026-05-16T01:08:20.427494Z[0m [32m INFO[0m [2mdashboard_server[0m[2m:[0m Executing on peer R101:P3: INSERT INTO users (id, email, name) VALUES (?, ?, ?)
[2m2026-05-16T01:08:20.430651Z[0m [32m INFO[0m [2mdashboard_server[0m[2m:[0m Executing on peer R101:P3: INSERT INTO users (id, email, name) VALUES (?, ?, ?)
[2m2026-05-16T01:08:20.433612Z[0m [32m INFO[0m [2mdashboard_server[0m[2m:[0m Sync request: R101:P3 -> R101:P2
[2m2026-05-16T01:08:20.437642Z[0m [32m INFO[0m [2mdashboard_server[0m[2m:[0m Executing on peer R101:P1: INSERT INTO users (id, email, name) VALUES (?, ?, ?)
[2m2026-05-16T01:08:20.440678Z[0m [32m INFO[0m [2mdashboard_server[0m[2m:[0m Sync request: R101:P2 -> R101:P3
[2m2026-05-16T01:08:20.445645Z[0m [32m INFO[0m [2mdashboard_server[0m[2m:[0m Executing on peer R101:P0: INSERT INTO users (id, email, name) VALUES (?, ?, ?)
[2m2026-05-16T01:08:20.449182Z[0m [32m INFO[0m [2mdashboard_server[0m[2m:[0m Executing on peer R101:P1: INSERT INTO users (id, email, name) VALUES (?, ?, ?)
[2m2026-05-16T01:08:20.452855Z[0m [32m INFO[0m [2mdashboard_server[0m[2m:[0m Sync request: R101:P2 -> R101:P0
[2m2026-05-16T01:08:20.459698Z[0m [32m INFO[0m [2mdashboard_server[0m[2m:[0m Executing on peer R101:P0: INSERT INTO users (id, email, name) VALUES (?, ?, ?)
[2m2026-05-16T01:08:20.463507Z[0m [32m INFO[0m [2mdashboard_server[0m[2m:[0m Sync request: R101:P1 -> R101:P3
[2m2026-05-16T01:08:20.469201Z[0m [32m INFO[0m [2mdashboard_server[0m[2m:[0m Sync request: R101:P1 -> R101:P2
[2m2026-05-16T01:08:20.475412Z[0m [32m INFO[0m [2mdashboard_server[0m[2m:[0m Executing on peer R101:P1: UPDATE users SET email = ? WHERE id = ?
[2m2026-05-16T01:08:20.478929Z[0m [32m INFO[0m [2mdashboard_server[0m[2m:[0m Executing on peer R101:P1: INSERT INTO users (id, email, name) VALUES (?, ?, ?)
[2m2026-05-16T01:08:20.482970Z[0m [32m INFO[0m [2mdashboard_server[0m[2m:[0m Sync request: R101:P0 -> R101:P1
[2m2026-05-16T01:08:20.488249Z[0m [32m INFO[0m [2mdashboard_server[0m[2m:[0m Executing on peer R101:P0: INSERT INTO users (id, email, name) VALUES (?, ?, ?)
[2m2026-05-16T01:08:20.492866Z[0m [32m INFO[0m [2mdashboard_server[0m[2m:[0m Sync request: R101:P2 -> R101:P3
[2m2026-05-16T01:08:20.496957Z[0m [32m INFO[0m [2mdashboard_server[0m[2m:[0m Executing on peer R101:P0: UPDATE users SET name = ? WHERE id = ?
[2m2026-05-16T01:08:20.499939Z[0m [32m INFO[0m [2mdashboard_server[0m[2m:[0m Executing on peer R101:P3: UPDATE users SET email = ? WHERE id = ?
[2m2026-05-16T01:08:20.502933Z[0m [32m INFO[0m [2mdashboard_server[0m[2m:[0m Executing on peer R101:P1: INSERT INTO users (id, email, name) VALUES (?, ?, ?)
[2m2026-05-16T01:08:20.507560Z[0m [32m INFO[0m [2mdashboard_server[0m[2m:[0m Sync request: R101:P3 -> R101:P1
[2m2026-05-16T01:08:20.512571Z[0m [32m INFO[0m [2mdashboard_server[0m[2m:[0m Executing on peer R101:P2: INSERT INTO users (id, email, name) VALUES (?, ?, ?)
[2m2026-05-16T01:08:20.516481Z[0m [32m INFO[0m [2mdashboard_server[0m[2m:[0m Executing on peer R101:P1: UPDATE users SET name = ? WHERE id = ?
[2m2026-05-16T01:08:20.520365Z[0m [32m INFO[0m [2mdashboard_server[0m[2m:[0m Sync request: R101:P2 -> R101:P1
[2m2026-05-16T01:08:20.526362Z[0m [32m INFO[0m [2mdashboard_server[0m[2m:[0m Executing on peer R101:P2: INSERT INTO users (id, email, name) VALUES (?, ?, ?)
[2m2026-05-16T01:08:20.530404Z[0m [32m INFO[0m [2mdashboard_server[0m[2m:[0m Sync request: R101:P0 -> R101:P1
[2m2026-05-16T01:08:20.535828Z[0m [32m INFO[0m [2mdashboard_server[0m[2m:[0m Executing on peer R101:P0: INSERT INTO users (id, email, name) VALUES (?, ?, ?)
[2m2026-05-16T01:08:20.540101Z[0m [32m INFO[0m [2mdashboard_server[0m[2m:[0m Executing on peer R101:P3: UPDATE users SET email = ? WHERE id = ?
[2m2026-05-16T01:08:20.544051Z[0m [32m INFO[0m [2mdashboard_server[0m[2m:[0m Sync request: R101:P3 -> R101:P1
[2m2026-05-16T01:08:20.548789Z[0m [32m INFO[0m [2mdashboard_server[0m[2m:[0m Executing on peer R101:P1: INSERT INTO users (id, email, name) VALUES (?, ?, ?)
[2m2026-05-16T01:08:20.552898Z[0m [32m INFO[0m [2mdashboard_server[0m[2m:[0m Executing on peer R101:P3: UPDATE users SET name = ? WHERE id = ?
[2m2026-05-16T01:08:20.556998Z[0m [32m INFO[0m [2mdashboard_server[0m[2m:[0m Sync request: R101:P0 -> R101:P2
[2m2026-05-16T01:08:20.562593Z[0m [32m INFO[0m [2mdashboard_server[0m[2m:[0m Executing on peer R101:P3: UPDATE users SET email = ? WHERE id = ?
[2m2026-05-16T01:08:20.566730Z[0m [32m INFO[0m [2mdashboard_server[0m[2m:[0m Executing on peer R101:P3: UPDATE users SET email = ? WHERE id = ?
[2m2026-05-16T01:08:20.570844Z[0m [32m INFO[0m [2mdashboard_server[0m[2m:[0m Sync request: R101:P0 -> R101:P2
[2m2026-05-16T01:08:20.576629Z[0m [32m INFO[0m [2mdashboard_server[0m[2m:[0m Executing on peer R101:P0: INSERT INTO users (id, email, name) VALUES (?, ?, ?)
[2m2026-05-16T01:08:20.580847Z[0m [32m INFO[0m [2mdashboard_server[0m[2m:[0m Executing on peer R101:P3: UPDATE users SET email = ? WHERE id = ?
[2m2026-05-16T01:08:20.585444Z[0m [32m INFO[0m [2mdashboard_server[0m[2m:[0m Executing on peer R101:P3: INSERT INTO users (id, email, name) VALUES (?, ?, ?)
[2m2026-05-16T01:08:20.589842Z[0m [32m INFO[0m [2mdashboard_server[0m[2m:[0m Sync request: R101:P0 -> R101:P3
[2m2026-05-16T01:08:20.595848Z[0m [32m INFO[0m [2mdashboard_server[0m[2m:[0m Sync request: R101:P1 -> R101:P2
[2m2026-05-16T01:08:20.601333Z[0m [32m INFO[0m [2mdashboard_server[0m[2m:[0m Sync request: R101:P2 -> R101:P3
[2m2026-05-16T01:08:20.610307Z[0m [32m INFO[0m [2mdashboard_server[0m[2m:[0m Executing on peer R101:P1: INSERT INTO users (id, email, name) VALUES (?, ?, ?)
[2m2026-05-16T01:08:20.614899Z[0m [32m INFO[0m [2mdashboard_server[0m[2m:[0m Sync request: R101:P1 -> R101:P3
[2m2026-05-16T01:08:20.620708Z[0m [32m INFO[0m [2mdashboard_server[0m[2m:[0m Sync request: R101:P1 -> R101:P3
[2m2026-05-16T01:08:20.626717Z[0m [32m INFO[0m [2mdashboard_server[0m[2m:[0m Executing on peer R101:P2: UPDATE users SET name = ? WHERE id = ?
[2m2026-05-16T01:08:20.630894Z[0m [32m INFO[0m [2mdashboard_server[0m[2m:[0m Executing on peer R101:P0: UPDATE users SET email = ? WHERE id = ?
[2m2026-05-16T01:08:20.635517Z[0m [32m INFO[0m [2mdashboard_server[0m[2m:[0m Executing on peer R101:P0: DELETE FROM users WHERE id = ?
[2m2026-05-16T01:08:20.639963Z[0m [32m INFO[0m [2mdashboard_server[0m[2m:[0m Sync request: R101:P2 -> R101:P0
[2m2026-05-16T01:08:20.646019Z[0m [32m INFO[0m [2mdashboard_server[0m[2m:[0m Sync request: R101:P0 -> R101:P1
[2m2026-05-16T01:08:20.651855Z[0m [32m INFO[0m [2mdashboard_server[0m[2m:[0m Sync request: R101:P0 -> R101:P2
[2m2026-05-16T01:08:20.658240Z[0m [32m INFO[0m [2mdashboard_server[0m[2m:[0m Sync request: R101:P0 -> R101:P3
[2m2026-05-16T01:08:20.663811Z[0m [32m INFO[0m [2mdashboard_server[0m[2m:[0m Sync request: R101:P1 -> R101:P2
[2m2026-05-16T01:08:20.670194Z[0m [32m INFO[0m [2mdashboard_server[0m[2m:[0m Sync request: R101:P1 -> R101:P3
[2m2026-05-16T01:08:20.675839Z[0m [32m INFO[0m [2mdashboard_server[0m[2m:[0m Sync request: R101:P2 -> R101:P3
[2m2026-05-16T01:08:20.681599Z[0m [32m INFO[0m [2mdashboard_server[0m[2m:[0m Sync request: R101:P0 -> R101:P1
[2m2026-05-16T01:08:20.687319Z[0m [32m INFO[0m [2mdashboard_server[0m[2m:[0m Sync request: R101:P0 -> R101:P2
[2m2026-05-16T01:08:20.693551Z[0m [32m INFO[0m [2mdashboard_server[0m[2m:[0m Sync request: R101:P0 -> R101:P3
[2m2026-05-16T01:08:20.699300Z[0m [32m INFO[0m [2mdashboard_server[0m[2m:[0m Sync request: R101:P1 -> R101:P2
[2m2026-05-16T01:08:20.706057Z[0m [32m INFO[0m [2mdashboard_server[0m[2m:[0m Sync request: R101:P1 -> R101:P3
[2m2026-05-16T01:08:20.712175Z[0m [32m INFO[0m [2mdashboard_server[0m[2m:[0m Sync request: R101:P2 -> R101:P3
[2m2026-05-16T01:08:20.729432Z[0m [32m INFO[0m [2mdashboard_server[0m[2m:[0m Sync request: R101:P0 -> R101:P1
[2m2026-05-16T01:08:20.735849Z[0m [32m INFO[0m [2mdashboard_server[0m[2m:[0m Sync request: R101:P0 -> R101:P2
[2m2026-05-16T01:08:20.741831Z[0m [32m INFO[0m [2mdashboard_server[0m[2m:[0m Sync request: R101:P0 -> R101:P3
[2m2026-05-16T01:08:20.747722Z[0m [32m INFO[0m [2mdashboard_server[0m[2m:[0m Sync request: R101:P1 -> R101:P2
[2m2026-05-16T01:08:20.763330Z[0m [32m INFO[0m [2mdashboard_server[0m[2m:[0m Added peer R202:P0
[2m2026-05-16T01:08:20.765011Z[0m [32m INFO[0m [2mdashboard_server[0m[2m:[0m Applying schema to peer R202:P0: CREATE TABLE users (
         id    TEXT PRIMARY KEY,
         email TEXT NOT NULL UNIQUE,
         name  TEXT
       )
[2m2026-05-16T01:08:20.766827Z[0m [32m INFO[0m [2mdashboard_server[0m[2m:[0m Applying schema to peer R202:P0: CREATE TABLE orders (
         id          TEXT PRIMARY KEY,
         user_id     TEXT NOT NULL REFERENCES users(id) ON DELETE CASCADE,
         status      TEXT NOT NULL,
         total_cents INTEGER NOT NULL DEFAULT 0
       )
[2m2026-05-16T01:08:20.768997Z[0m [32m INFO[0m [2mdashboard_server[0m[2m:[0m Applying schema to peer R202:P0: CREATE INDEX orders_by_user ON orders(user_id, status)
[2m2026-05-16T01:08:20.770585Z[0m [32m INFO[0m [2mdashboard_server[0m[2m:[0m Added peer R202:P1
[2m2026-05-16T01:08:20.772148Z[0m [32m INFO[0m [2mdashboard_server[0m[2m:[0m Applying schema to peer R202:P1: CREATE TABLE users (
         id    TEXT PRIMARY KEY,
         email TEXT NOT NULL UNIQUE,
         name  TEXT
       )
[2m2026-05-16T01:08:20.773750Z[0m [32m INFO[0m [2mdashboard_server[0m[2m:[0m Applying schema to peer R202:P1: CREATE TABLE orders (
         id          TEXT PRIMARY KEY,
         user_id     TEXT NOT NULL REFERENCES users(id) ON DELETE CASCADE,
         status      TEXT NOT NULL,
         total_cents INTEGER NOT NULL DEFAULT 0
       )
[2m2026-05-16T01:08:20.775281Z[0m [32m INFO[0m [2mdashboard_server[0m[2m:[0m Applying schema to peer R202:P1: CREATE INDEX orders_by_user ON orders(user_id, status)
[2m2026-05-16T01:08:20.776851Z[0m [32m INFO[0m [2mdashboard_server[0m[2m:[0m Added peer R202:P2
[2m2026-05-16T01:08:20.778314Z[0m [32m INFO[0m [2mdashboard_server[0m[2m:[0m Applying schema to peer R202:P2: CREATE TABLE users (
         id    TEXT PRIMARY KEY,
         email TEXT NOT NULL UNIQUE,
         name  TEXT
       )
[2m2026-05-16T01:08:20.779875Z[0m [32m INFO[0m [2mdashboard_server[0m[2m:[0m Applying schema to peer R202:P2: CREATE TABLE orders (
         id          TEXT PRIMARY KEY,
         user_id     TEXT NOT NULL REFERENCES users(id) ON DELETE CASCADE,
         status      TEXT NOT NULL,
         total_cents INTEGER NOT NULL DEFAULT 0
       )
[2m2026-05-16T01:08:20.781506Z[0m [32m INFO[0m [2mdashboard_server[0m[2m:[0m Applying schema to peer R202:P2: CREATE INDEX orders_by_user ON orders(user_id, status)
[2m2026-05-16T01:08:20.783083Z[0m [32m INFO[0m [2mdashboard_server[0m[2m:[0m Added peer R202:P3
[2m2026-05-16T01:08:20.784818Z[0m [32m INFO[0m [2mdashboard_server[0m[2m:[0m Applying schema to peer R202:P3: CREATE TABLE users (
         id    TEXT PRIMARY KEY,
         email TEXT NOT NULL UNIQUE,
         name  TEXT
       )
[2m2026-05-16T01:08:20.786271Z[0m [32m INFO[0m [2mdashboard_server[0m[2m:[0m Applying schema to peer R202:P3: CREATE TABLE orders (
         id          TEXT PRIMARY KEY,
         user_id     TEXT NOT NULL REFERENCES users(id) ON DELETE CASCADE,
         status      TEXT NOT NULL,
         total_cents INTEGER NOT NULL DEFAULT 0
       )
[2m2026-05-16T01:08:20.787724Z[0m [32m INFO[0m [2mdashboard_server[0m[2m:[0m Applying schema to peer R202:P3: CREATE INDEX orders_by_user ON orders(user_id, status)
[2m2026-05-16T01:08:20.789135Z[0m [32m INFO[0m [2mdashboard_server[0m[2m:[0m Executing on peer R202:P3: INSERT INTO users (id, email, name) VALUES (?, ?, ?)
[2m2026-05-16T01:08:20.793661Z[0m [32m INFO[0m [2mdashboard_server[0m[2m:[0m Executing on peer R202:P3: INSERT INTO users (id, email, name) VALUES (?, ?, ?)
[2m2026-05-16T01:08:20.797599Z[0m [32m INFO[0m [2mdashboard_server[0m[2m:[0m Executing on peer R202:P1: INSERT INTO users (id, email, name) VALUES (?, ?, ?)
[2m2026-05-16T01:08:20.802254Z[0m [32m INFO[0m [2mdashboard_server[0m[2m:[0m Executing on peer R202:P3: UPDATE users SET name = ? WHERE id = ?
[2m2026-05-16T01:08:20.806120Z[0m [32m INFO[0m [2mdashboard_server[0m[2m:[0m Executing on peer R202:P0: INSERT INTO users (id, email, name) VALUES (?, ?, ?)
[2m2026-05-16T01:08:20.810365Z[0m [32m INFO[0m [2mdashboard_server[0m[2m:[0m Executing on peer R202:P3: UPDATE users SET email = ? WHERE id = ?
[2m2026-05-16T01:08:20.814458Z[0m [32m INFO[0m [2mdashboard_server[0m[2m:[0m Executing on peer R202:P0: DELETE FROM users WHERE id = ?
[2m2026-05-16T01:08:20.818881Z[0m [32m INFO[0m [2mdashboard_server[0m[2m:[0m Sync request: R202:P1 -> R202:P0
[2m2026-05-16T01:08:20.824060Z[0m [32m INFO[0m [2mdashboard_server[0m[2m:[0m Sync request: R202:P1 -> R202:P0
[2m2026-05-16T01:08:20.830022Z[0m [32m INFO[0m [2mdashboard_server[0m[2m:[0m Executing on peer R202:P1: INSERT INTO users (id, email, name) VALUES (?, ?, ?)
[2m2026-05-16T01:08:20.834443Z[0m [32m INFO[0m [2mdashboard_server[0m[2m:[0m Executing on peer R202:P2: INSERT INTO users (id, email, name) VALUES (?, ?, ?)
[2m2026-05-16T01:08:20.859211Z[0m [32m INFO[0m [2mdashboard_server[0m[2m:[0m Executing on peer R202:P0: INSERT INTO users (id, email, name) VALUES (?, ?, ?)
[2m2026-05-16T01:08:20.886154Z[0m [32m INFO[0m [2mdashboard_server[0m[2m:[0m Executing on peer R202:P2: UPDATE users SET name = ? WHERE id = ?
[2m2026-05-16T01:08:20.922794Z[0m [32m INFO[0m [2mdashboard_server[0m[2m:[0m Executing on peer R202:P0: INSERT INTO users (id, email, name) VALUES (?, ?, ?)
[2m2026-05-16T01:08:20.939693Z[0m [32m INFO[0m [2mdashboard_server[0m[2m:[0m Executing on peer R202:P3: INSERT INTO users (id, email, name) VALUES (?, ?, ?)
[2m2026-05-16T01:08:20.944399Z[0m [32m INFO[0m [2mdashboard_server[0m[2m:[0m Executing on peer R202:P2: INSERT INTO users (id, email, name) VALUES (?, ?, ?)
[2m2026-05-16T01:08:20.948387Z[0m [32m INFO[0m [2mdashboard_server[0m[2m:[0m Executing on peer R202:P1: INSERT INTO users (id, email, name) VALUES (?, ?, ?)
[2m2026-05-16T01:08:20.967386Z[0m [32m INFO[0m [2mdashboard_server[0m[2m:[0m Executing on peer R202:P0: UPDATE users SET name = ? WHERE id = ?
[2m2026-05-16T01:08:20.974849Z[0m [32m INFO[0m [2mdashboard_server[0m[2m:[0m Sync request: R202:P3 -> R202:P0
[2m2026-05-16T01:08:20.980080Z[0m [32m INFO[0m [2mdashboard_server[0m[2m:[0m Sync request: R202:P1 -> R202:P2
[2m2026-05-16T01:08:20.985459Z[0m [32m INFO[0m [2mdashboard_server[0m[2m:[0m Sync request: R202:P0 -> R202:P2
[2m2026-05-16T01:08:20.991980Z[0m [32m INFO[0m [2mdashboard_server[0m[2m:[0m Executing on peer R202:P0: INSERT INTO users (id, email, name) VALUES (?, ?, ?)
[2m2026-05-16T01:08:20.996387Z[0m [32m INFO[0m [2mdashboard_server[0m[2m:[0m Executing on peer R202:P0: UPDATE users SET email = ? WHERE id = ?
[2m2026-05-16T01:08:21.001232Z[0m [32m INFO[0m [2mdashboard_server[0m[2m:[0m Executing on peer R202:P3: INSERT INTO users (id, email, name) VALUES (?, ?, ?)
[2m2026-05-16T01:08:21.005442Z[0m [32m INFO[0m [2mdashboard_server[0m[2m:[0m Executing on peer R202:P3: INSERT INTO users (id, email, name) VALUES (?, ?, ?)
[2m2026-05-16T01:08:21.011339Z[0m [32m INFO[0m [2mdashboard_server[0m[2m:[0m Executing on peer R202:P1: DELETE FROM users WHERE id = ?
[2m2026-05-16T01:08:21.015589Z[0m [32m INFO[0m [2mdashboard_server[0m[2m:[0m Sync request: R202:P3 -> R202:P0
[2m2026-05-16T01:08:21.020675Z[0m [32m INFO[0m [2mdashboard_server[0m[2m:[0m Executing on peer R202:P3: INSERT INTO users (id, email, name) VALUES (?, ?, ?)
[2m2026-05-16T01:08:21.026252Z[0m [32m INFO[0m [2mdashboard_server[0m[2m:[0m Executing on peer R202:P2: UPDATE users SET name = ? WHERE id = ?
[2m2026-05-16T01:08:21.030440Z[0m [32m INFO[0m [2mdashboard_server[0m[2m:[0m Executing on peer R202:P3: INSERT INTO users (id, email, name) VALUES (?, ?, ?)
[2m2026-05-16T01:08:21.035021Z[0m [32m INFO[0m [2mdashboard_server[0m[2m:[0m Executing on peer R202:P1: INSERT INTO users (id, email, name) VALUES (?, ?, ?)
[2m2026-05-16T01:08:21.040201Z[0m [32m INFO[0m [2mdashboard_server[0m[2m:[0m Executing on peer R202:P2: INSERT INTO users (id, email, name) VALUES (?, ?, ?)
[2m2026-05-16T01:08:21.044694Z[0m [32m INFO[0m [2mdashboard_server[0m[2m:[0m Executing on peer R202:P0: INSERT INTO users (id, email, name) VALUES (?, ?, ?)
[2m2026-05-16T01:08:21.049733Z[0m [32m INFO[0m [2mdashboard_server[0m[2m:[0m Executing on peer R202:P2: INSERT INTO users (id, email, name) VALUES (?, ?, ?)
[2m2026-05-16T01:08:21.054280Z[0m [32m INFO[0m [2mdashboard_server[0m[2m:[0m Executing on peer R202:P2: INSERT INTO users (id, email, name) VALUES (?, ?, ?)
[2m2026-05-16T01:08:21.059433Z[0m [32m INFO[0m [2mdashboard_server[0m[2m:[0m Sync request: R202:P1 -> R202:P0
[2m2026-05-16T01:08:21.065130Z[0m [32m INFO[0m [2mdashboard_server[0m[2m:[0m Executing on peer R202:P3: DELETE FROM users WHERE id = ?
[2m2026-05-16T01:08:21.071341Z[0m [32m INFO[0m [2mdashboard_server[0m[2m:[0m Executing on peer R202:P2: UPDATE users SET email = ? WHERE id = ?
[2m2026-05-16T01:08:21.077366Z[0m [32m INFO[0m [2mdashboard_server[0m[2m:[0m Executing on peer R202:P3: DELETE FROM users WHERE id = ?
[2m2026-05-16T01:08:21.082568Z[0m [32m INFO[0m [2mdashboard_server[0m[2m:[0m Executing on peer R202:P3: UPDATE users SET name = ? WHERE id = ?
[2m2026-05-16T01:08:21.087878Z[0m [32m INFO[0m [2mdashboard_server[0m[2m:[0m Executing on peer R202:P3: UPDATE users SET email = ? WHERE id = ?
[2m2026-05-16T01:08:21.093061Z[0m [32m INFO[0m [2mdashboard_server[0m[2m:[0m Executing on peer R202:P2: UPDATE users SET name = ? WHERE id = ?
[2m2026-05-16T01:08:21.097372Z[0m [32m INFO[0m [2mdashboard_server[0m[2m:[0m Executing on peer R202:P1: INSERT INTO users (id, email, name) VALUES (?, ?, ?)
[2m2026-05-16T01:08:21.102681Z[0m [32m INFO[0m [2mdashboard_server[0m[2m:[0m Executing on peer R202:P1: UPDATE users SET email = ? WHERE id = ?
[2m2026-05-16T01:08:21.107528Z[0m [32m INFO[0m [2mdashboard_server[0m[2m:[0m Executing on peer R202:P1: INSERT INTO users (id, email, name) VALUES (?, ?, ?)
[2m2026-05-16T01:08:21.112487Z[0m [32m INFO[0m [2mdashboard_server[0m[2m:[0m Executing on peer R202:P1: UPDATE users SET name = ? WHERE id = ?
[2m2026-05-16T01:08:21.116736Z[0m [32m INFO[0m [2mdashboard_server[0m[2m:[0m Sync request: R202:P3 -> R202:P2
[2m2026-05-16T01:08:21.124048Z[0m [32m INFO[0m [2mdashboard_server[0m[2m:[0m Executing on peer R202:P3: UPDATE users SET email = ? WHERE id = ?
[2m2026-05-16T01:08:21.128952Z[0m [32m INFO[0m [2mdashboard_server[0m[2m:[0m Executing on peer R202:P0: INSERT INTO users (id, email, name) VALUES (?, ?, ?)
[2m2026-05-16T01:08:21.133472Z[0m [32m INFO[0m [2mdashboard_server[0m[2m:[0m Executing on peer R202:P1: INSERT INTO users (id, email, name) VALUES (?, ?, ?)
[2m2026-05-16T01:08:21.138574Z[0m [32m INFO[0m [2mdashboard_server[0m[2m:[0m Executing on peer R202:P1: INSERT INTO users (id, email, name) VALUES (?, ?, ?)
[2m2026-05-16T01:08:21.144242Z[0m [32m INFO[0m [2mdashboard_server[0m[2m:[0m Executing on peer R202:P0: INSERT INTO users (id, email, name) VALUES (?, ?, ?)
[2m2026-05-16T01:08:21.148725Z[0m [32m INFO[0m [2mdashboard_server[0m[2m:[0m Sync request: R202:P2 -> R202:P1
[2m2026-05-16T01:08:21.155567Z[0m [32m INFO[0m [2mdashboard_server[0m[2m:[0m Executing on peer R202:P2: UPDATE users SET email = ? WHERE id = ?
[2m2026-05-16T01:08:21.161145Z[0m [32m INFO[0m [2mdashboard_server[0m[2m:[0m Executing on peer R202:P1: DELETE FROM users WHERE id = ?
[2m2026-05-16T01:08:21.166422Z[0m [32m INFO[0m [2mdashboard_server[0m[2m:[0m Executing on peer R202:P1: INSERT INTO users (id, email, name) VALUES (?, ?, ?)
[2m2026-05-16T01:08:21.171910Z[0m [32m INFO[0m [2mdashboard_server[0m[2m:[0m Executing on peer R202:P3: DELETE FROM users WHERE id = ?
[2m2026-05-16T01:08:21.177396Z[0m [32m INFO[0m [2mdashboard_server[0m[2m:[0m Sync request: R202:P1 -> R202:P2
[2m2026-05-16T01:08:21.183491Z[0m [32m INFO[0m [2mdashboard_server[0m[2m:[0m Executing on peer R202:P1: INSERT INTO users (id, email, name) VALUES (?, ?, ?)
[2m2026-05-16T01:08:21.189683Z[0m [32m INFO[0m [2mdashboard_server[0m[2m:[0m Executing on peer R202:P2: UPDATE users SET name = ? WHERE id = ?
[2m2026-05-16T01:08:21.195169Z[0m [32m INFO[0m [2mdashboard_server[0m[2m:[0m Executing on peer R202:P2: INSERT INTO users (id, email, name) VALUES (?, ?, ?)
[2m2026-05-16T01:08:21.200954Z[0m [32m INFO[0m [2mdashboard_server[0m[2m:[0m Executing on peer R202:P3: DELETE FROM users WHERE id = ?
[2m2026-05-16T01:08:21.205816Z[0m [32m INFO[0m [2mdashboard_server[0m[2m:[0m Executing on peer R202:P3: UPDATE users SET email = ? WHERE id = ?
[2m2026-05-16T01:08:21.211118Z[0m [32m INFO[0m [2mdashboard_server[0m[2m:[0m Executing on peer R202:P2: UPDATE users SET email = ? WHERE id = ?
[2m2026-05-16T01:08:21.216474Z[0m [32m INFO[0m [2mdashboard_server[0m[2m:[0m Executing on peer R202:P2: INSERT INTO users (id, email, name) VALUES (?, ?, ?)
[2m2026-05-16T01:08:21.222749Z[0m [32m INFO[0m [2mdashboard_server[0m[2m:[0m Sync request: R202:P0 -> R202:P3
[2m2026-05-16T01:08:21.229720Z[0m [32m INFO[0m [2mdashboard_server[0m[2m:[0m Executing on peer R202:P2: INSERT INTO users (id, email, name) VALUES (?, ?, ?)
[2m2026-05-16T01:08:21.235270Z[0m [32m INFO[0m [2mdashboard_server[0m[2m:[0m Executing on peer R202:P3: INSERT INTO users (id, email, name) VALUES (?, ?, ?)
[2m2026-05-16T01:08:21.240798Z[0m [32m INFO[0m [2mdashboard_server[0m[2m:[0m Executing on peer R202:P0: INSERT INTO users (id, email, name) VALUES (?, ?, ?)
[2m2026-05-16T01:08:21.245788Z[0m [32m INFO[0m [2mdashboard_server[0m[2m:[0m Executing on peer R202:P3: UPDATE users SET name = ? WHERE id = ?
[2m2026-05-16T01:08:21.251688Z[0m [32m INFO[0m [2mdashboard_server[0m[2m:[0m Sync request: R202:P2 -> R202:P1
[2m2026-05-16T01:08:21.259313Z[0m [32m INFO[0m [2mdashboard_server[0m[2m:[0m Executing on peer R202:P0: UPDATE users SET email = ? WHERE id = ?
[2m2026-05-16T01:08:21.264356Z[0m [32m INFO[0m [2mdashboard_server[0m[2m:[0m Executing on peer R202:P2: INSERT INTO users (id, email, name) VALUES (?, ?, ?)
[2m2026-05-16T01:08:21.269903Z[0m [32m INFO[0m [2mdashboard_server[0m[2m:[0m Sync request: R202:P2 -> R202:P3
[2m2026-05-16T01:08:21.277894Z[0m [32m INFO[0m [2mdashboard_server[0m[2m:[0m Sync request: R202:P2 -> R202:P3
[2m2026-05-16T01:08:21.284712Z[0m [32m INFO[0m [2mdashboard_server[0m[2m:[0m Executing on peer R202:P3: UPDATE users SET email = ? WHERE id = ?
[2m2026-05-16T01:08:21.289990Z[0m [32m INFO[0m [2mdashboard_server[0m[2m:[0m Executing on peer R202:P3: INSERT INTO users (id, email, name) VALUES (?, ?, ?)
[2m2026-05-16T01:08:21.295984Z[0m [32m INFO[0m [2mdashboard_server[0m[2m:[0m Executing on peer R202:P0: UPDATE users SET name = ? WHERE id = ?
[2m2026-05-16T01:08:21.301828Z[0m [32m INFO[0m [2mdashboard_server[0m[2m:[0m Executing on peer R202:P1: UPDATE users SET name = ? WHERE id = ?
[2m2026-05-16T01:08:21.308806Z[0m [32m INFO[0m [2mdashboard_server[0m[2m:[0m Executing on peer R202:P0: INSERT INTO users (id, email, name) VALUES (?, ?, ?)
[2m2026-05-16T01:08:21.314180Z[0m [32m INFO[0m [2mdashboard_server[0m[2m:[0m Sync request: R202:P0 -> R202:P1
[2m2026-05-16T01:08:21.322250Z[0m [32m INFO[0m [2mdashboard_server[0m[2m:[0m Sync request: R202:P0 -> R202:P2
[2m2026-05-16T01:08:21.329905Z[0m [32m INFO[0m [2mdashboard_server[0m[2m:[0m Sync request: R202:P0 -> R202:P3
[2m2026-05-16T01:08:21.337213Z[0m [32m INFO[0m [2mdashboard_server[0m[2m:[0m Sync request: R202:P1 -> R202:P2
[2m2026-05-16T01:08:21.343910Z[0m [32m INFO[0m [2mdashboard_server[0m[2m:[0m Sync request: R202:P1 -> R202:P3
[2m2026-05-16T01:08:21.351339Z[0m [32m INFO[0m [2mdashboard_server[0m[2m:[0m Sync request: R202:P2 -> R202:P3
[2m2026-05-16T01:08:21.358990Z[0m [32m INFO[0m [2mdashboard_server[0m[2m:[0m Sync request: R202:P0 -> R202:P1
[2m2026-05-16T01:08:21.365751Z[0m [32m INFO[0m [2mdashboard_server[0m[2m:[0m Sync request: R202:P0 -> R202:P2
[2m2026-05-16T01:08:21.373068Z[0m [32m INFO[0m [2mdashboard_server[0m[2m:[0m Sync request: R202:P0 -> R202:P3
[2m2026-05-16T01:08:21.380379Z[0m [32m INFO[0m [2mdashboard_server[0m[2m:[0m Sync request: R202:P1 -> R202:P2
[2m2026-05-16T01:08:21.387014Z[0m [32m INFO[0m [2mdashboard_server[0m[2m:[0m Sync request: R202:P1 -> R202:P3
[2m2026-05-16T01:08:21.394429Z[0m [32m INFO[0m [2mdashboard_server[0m[2m:[0m Sync request: R202:P2 -> R202:P3
[2m2026-05-16T01:08:21.414133Z[0m [32m INFO[0m [2mdashboard_server[0m[2m:[0m Sync request: R202:P0 -> R202:P1
[2m2026-05-16T01:08:21.420960Z[0m [32m INFO[0m [2mdashboard_server[0m[2m:[0m Sync request: R202:P0 -> R202:P2
[2m2026-05-16T01:08:21.428057Z[0m [32m INFO[0m [2mdashboard_server[0m[2m:[0m Sync request: R202:P0 -> R202:P3
[2m2026-05-16T01:08:21.435241Z[0m [32m INFO[0m [2mdashboard_server[0m[2m:[0m Sync request: R202:P1 -> R202:P2
[2m2026-05-16T01:08:21.452874Z[0m [32m INFO[0m [2mdashboard_server[0m[2m:[0m Added peer R303:P0
[2m2026-05-16T01:08:21.454509Z[0m [32m INFO[0m [2mdashboard_server[0m[2m:[0m Applying schema to peer R303:P0: CREATE TABLE users (
         id    TEXT PRIMARY KEY,
         email TEXT NOT NULL UNIQUE,
         name  TEXT
       )
[2m2026-05-16T01:08:21.456165Z[0m [32m INFO[0m [2mdashboard_server[0m[2m:[0m Applying schema to peer R303:P0: CREATE TABLE orders (
         id          TEXT PRIMARY KEY,
         user_id     TEXT NOT NULL REFERENCES users(id) ON DELETE CASCADE,
         status      TEXT NOT NULL,
         total_cents INTEGER NOT NULL DEFAULT 0
       )
[2m2026-05-16T01:08:21.458511Z[0m [32m INFO[0m [2mdashboard_server[0m[2m:[0m Applying schema to peer R303:P0: CREATE INDEX orders_by_user ON orders(user_id, status)
[2m2026-05-16T01:08:21.460199Z[0m [32m INFO[0m [2mdashboard_server[0m[2m:[0m Added peer R303:P1
[2m2026-05-16T01:08:21.461763Z[0m [32m INFO[0m [2mdashboard_server[0m[2m:[0m Applying schema to peer R303:P1: CREATE TABLE users (
         id    TEXT PRIMARY KEY,
         email TEXT NOT NULL UNIQUE,
         name  TEXT
       )
[2m2026-05-16T01:08:21.463357Z[0m [32m INFO[0m [2mdashboard_server[0m[2m:[0m Applying schema to peer R303:P1: CREATE TABLE orders (
         id          TEXT PRIMARY KEY,
         user_id     TEXT NOT NULL REFERENCES users(id) ON DELETE CASCADE,
         status      TEXT NOT NULL,
         total_cents INTEGER NOT NULL DEFAULT 0
       )
[2m2026-05-16T01:08:21.464930Z[0m [32m INFO[0m [2mdashboard_server[0m[2m:[0m Applying schema to peer R303:P1: CREATE INDEX orders_by_user ON orders(user_id, status)
[2m2026-05-16T01:08:21.466408Z[0m [32m INFO[0m [2mdashboard_server[0m[2m:[0m Added peer R303:P2
[2m2026-05-16T01:08:21.468067Z[0m [32m INFO[0m [2mdashboard_server[0m[2m:[0m Applying schema to peer R303:P2: CREATE TABLE users (
         id    TEXT PRIMARY KEY,
         email TEXT NOT NULL UNIQUE,
         name  TEXT
       )
[2m2026-05-16T01:08:21.469381Z[0m [32m INFO[0m [2mdashboard_server[0m[2m:[0m Applying schema to peer R303:P2: CREATE TABLE orders (
         id          TEXT PRIMARY KEY,
         user_id     TEXT NOT NULL REFERENCES users(id) ON DELETE CASCADE,
         status      TEXT NOT NULL,
         total_cents INTEGER NOT NULL DEFAULT 0
       )
[2m2026-05-16T01:08:21.470620Z[0m [32m INFO[0m [2mdashboard_server[0m[2m:[0m Applying schema to peer R303:P2: CREATE INDEX orders_by_user ON orders(user_id, status)
[2m2026-05-16T01:08:21.471799Z[0m [32m INFO[0m [2mdashboard_server[0m[2m:[0m Added peer R303:P3
[2m2026-05-16T01:08:21.472897Z[0m [32m INFO[0m [2mdashboard_server[0m[2m:[0m Applying schema to peer R303:P3: CREATE TABLE users (
         id    TEXT PRIMARY KEY,
         email TEXT NOT NULL UNIQUE,
         name  TEXT
       )
[2m2026-05-16T01:08:21.473768Z[0m [32m INFO[0m [2mdashboard_server[0m[2m:[0m Applying schema to peer R303:P3: CREATE TABLE orders (
         id          TEXT PRIMARY KEY,
         user_id     TEXT NOT NULL REFERENCES users(id) ON DELETE CASCADE,
         status      TEXT NOT NULL,
         total_cents INTEGER NOT NULL DEFAULT 0
       )
[2m2026-05-16T01:08:21.474517Z[0m [32m INFO[0m [2mdashboard_server[0m[2m:[0m Applying schema to peer R303:P3: CREATE INDEX orders_by_user ON orders(user_id, status)
[2m2026-05-16T01:08:21.475182Z[0m [32m INFO[0m [2mdashboard_server[0m[2m:[0m Sync request: R303:P1 -> R303:P0
[2m2026-05-16T01:08:21.479632Z[0m [32m INFO[0m [2mdashboard_server[0m[2m:[0m Executing on peer R303:P2: INSERT INTO users (id, email, name) VALUES (?, ?, ?)
[2m2026-05-16T01:08:21.485076Z[0m [32m INFO[0m [2mdashboard_server[0m[2m:[0m Executing on peer R303:P0: INSERT INTO users (id, email, name) VALUES (?, ?, ?)
[2m2026-05-16T01:08:21.490455Z[0m [32m INFO[0m [2mdashboard_server[0m[2m:[0m Executing on peer R303:P0: INSERT INTO users (id, email, name) VALUES (?, ?, ?)
[2m2026-05-16T01:08:21.495960Z[0m [32m INFO[0m [2mdashboard_server[0m[2m:[0m Sync request: R303:P3 -> R303:P1
[2m2026-05-16T01:08:21.501718Z[0m [32m INFO[0m [2mdashboard_server[0m[2m:[0m Executing on peer R303:P0: UPDATE users SET name = ? WHERE id = ?
[2m2026-05-16T01:08:21.507036Z[0m [32m INFO[0m [2mdashboard_server[0m[2m:[0m Executing on peer R303:P0: INSERT INTO users (id, email, name) VALUES (?, ?, ?)
[2m2026-05-16T01:08:21.512486Z[0m [32m INFO[0m [2mdashboard_server[0m[2m:[0m Executing on peer R303:P2: INSERT INTO users (id, email, name) VALUES (?, ?, ?)
[2m2026-05-16T01:08:21.518227Z[0m [32m INFO[0m [2mdashboard_server[0m[2m:[0m Executing on peer R303:P0: INSERT INTO users (id, email, name) VALUES (?, ?, ?)
[2m2026-05-16T01:08:21.523869Z[0m [32m INFO[0m [2mdashboard_server[0m[2m:[0m Executing on peer R303:P1: INSERT INTO users (id, email, name) VALUES (?, ?, ?)
[2m2026-05-16T01:08:21.529506Z[0m [32m INFO[0m [2mdashboard_server[0m[2m:[0m Executing on peer R303:P3: INSERT INTO users (id, email, name) VALUES (?, ?, ?)
[2m2026-05-16T01:08:21.535097Z[0m [32m INFO[0m [2mdashboard_server[0m[2m:[0m Sync request: R303:P1 -> R303:P3
[2m2026-05-16T01:08:21.542794Z[0m [32m INFO[0m [2mdashboard_server[0m[2m:[0m Sync request: R303:P3 -> R303:P0
[2m2026-05-16T01:08:21.548652Z[0m [32m INFO[0m [2mdashboard_server[0m[2m:[0m Executing on peer R303:P1: INSERT INTO users (id, email, name) VALUES (?, ?, ?)
[2m2026-05-16T01:08:21.554155Z[0m [32m INFO[0m [2mdashboard_server[0m[2m:[0m Executing on peer R303:P0: UPDATE users SET name = ? WHERE id = ?
[2m2026-05-16T01:08:21.559987Z[0m [32m INFO[0m [2mdashboard_server[0m[2m:[0m Executing on peer R303:P0: INSERT INTO users (id, email, name) VALUES (?, ?, ?)
[2m2026-05-16T01:08:21.566115Z[0m [32m INFO[0m [2mdashboard_server[0m[2m:[0m Executing on peer R303:P0: DELETE FROM users WHERE id = ?
[2m2026-05-16T01:08:21.572782Z[0m [32m INFO[0m [2mdashboard_server[0m[2m:[0m Sync request: R303:P1 -> R303:P2
[2m2026-05-16T01:08:21.579046Z[0m [32m INFO[0m [2mdashboard_server[0m[2m:[0m Executing on peer R303:P3: INSERT INTO users (id, email, name) VALUES (?, ?, ?)
[2m2026-05-16T01:08:21.584462Z[0m [32m INFO[0m [2mdashboard_server[0m[2m:[0m Executing on peer R303:P0: INSERT INTO users (id, email, name) VALUES (?, ?, ?)
[2m2026-05-16T01:08:21.589987Z[0m [32m INFO[0m [2mdashboard_server[0m[2m:[0m Executing on peer R303:P3: INSERT INTO users (id, email, name) VALUES (?, ?, ?)
[2m2026-05-16T01:08:21.596354Z[0m [32m INFO[0m [2mdashboard_server[0m[2m:[0m Sync request: R303:P2 -> R303:P1
[2m2026-05-16T01:08:21.603393Z[0m [32m INFO[0m [2mdashboard_server[0m[2m:[0m Executing on peer R303:P1: INSERT INTO users (id, email, name) VALUES (?, ?, ?)
[2m2026-05-16T01:08:21.608859Z[0m [32m INFO[0m [2mdashboard_server[0m[2m:[0m Executing on peer R303:P3: INSERT INTO users (id, email, name) VALUES (?, ?, ?)
[2m2026-05-16T01:08:21.614852Z[0m [32m INFO[0m [2mdashboard_server[0m[2m:[0m Executing on peer R303:P2: INSERT INTO users (id, email, name) VALUES (?, ?, ?)
[2m2026-05-16T01:08:21.620559Z[0m [32m INFO[0m [2mdashboard_server[0m[2m:[0m Executing on peer R303:P1: INSERT INTO users (id, email, name) VALUES (?, ?, ?)
[2m2026-05-16T01:08:21.626518Z[0m [32m INFO[0m [2mdashboard_server[0m[2m:[0m Sync request: R303:P2 -> R303:P0
[2m2026-05-16T01:08:21.632620Z[0m [32m INFO[0m [2mdashboard_server[0m[2m:[0m Executing on peer R303:P2: INSERT INTO users (id, email, name) VALUES (?, ?, ?)
[2m2026-05-16T01:08:21.638950Z[0m [32m INFO[0m [2mdashboard_server[0m[2m:[0m Executing on peer R303:P0: UPDATE users SET email = ? WHERE id = ?
[2m2026-05-16T01:08:21.645932Z[0m [32m INFO[0m [2mdashboard_server[0m[2m:[0m Executing on peer R303:P0: INSERT INTO users (id, email, name) VALUES (?, ?, ?)
[2m2026-05-16T01:08:21.652316Z[0m [32m INFO[0m [2mdashboard_server[0m[2m:[0m Executing on peer R303:P2: INSERT INTO users (id, email, name) VALUES (?, ?, ?)
[2m2026-05-16T01:08:21.658693Z[0m [32m INFO[0m [2mdashboard_server[0m[2m:[0m Sync request: R303:P2 -> R303:P0
[2m2026-05-16T01:08:21.665030Z[0m [32m INFO[0m [2mdashboard_server[0m[2m:[0m Sync request: R303:P3 -> R303:P2
[2m2026-05-16T01:08:21.672392Z[0m [32m INFO[0m [2mdashboard_server[0m[2m:[0m Executing on peer R303:P2: INSERT INTO users (id, email, name) VALUES (?, ?, ?)
[2m2026-05-16T01:08:21.679750Z[0m [32m INFO[0m [2mdashboard_server[0m[2m:[0m Executing on peer R303:P1: INSERT INTO users (id, email, name) VALUES (?, ?, ?)
[2m2026-05-16T01:08:21.686125Z[0m [32m INFO[0m [2mdashboard_server[0m[2m:[0m Sync request: R303:P1 -> R303:P3
[2m2026-05-16T01:08:21.693639Z[0m [32m INFO[0m [2mdashboard_server[0m[2m:[0m Executing on peer R303:P2: INSERT INTO users (id, email, name) VALUES (?, ?, ?)
[2m2026-05-16T01:08:21.699402Z[0m [32m INFO[0m [2mdashboard_server[0m[2m:[0m Executing on peer R303:P0: INSERT INTO users (id, email, name) VALUES (?, ?, ?)
[2m2026-05-16T01:08:21.706033Z[0m [32m INFO[0m [2mdashboard_server[0m[2m:[0m Executing on peer R303:P3: INSERT INTO users (id, email, name) VALUES (?, ?, ?)
[2m2026-05-16T01:08:21.713185Z[0m [32m INFO[0m [2mdashboard_server[0m[2m:[0m Executing on peer R303:P1: DELETE FROM users WHERE id = ?
[2m2026-05-16T01:08:21.719890Z[0m [32m INFO[0m [2mdashboard_server[0m[2m:[0m Executing on peer R303:P0: INSERT INTO users (id, email, name) VALUES (?, ?, ?)
[2m2026-05-16T01:08:21.726862Z[0m [32m INFO[0m [2mdashboard_server[0m[2m:[0m Executing on peer R303:P0: INSERT INTO users (id, email, name) VALUES (?, ?, ?)
[2m2026-05-16T01:08:21.733247Z[0m [32m INFO[0m [2mdashboard_server[0m[2m:[0m Sync request: R303:P3 -> R303:P2
[2m2026-05-16T01:08:21.740423Z[0m [32m INFO[0m [2mdashboard_server[0m[2m:[0m Executing on peer R303:P0: INSERT INTO users (id, email, name) VALUES (?, ?, ?)
[2m2026-05-16T01:08:21.746099Z[0m [32m INFO[0m [2mdashboard_server[0m[2m:[0m Executing on peer R303:P0: INSERT INTO users (id, email, name) VALUES (?, ?, ?)
[2m2026-05-16T01:08:21.752603Z[0m [32m INFO[0m [2mdashboard_server[0m[2m:[0m Sync request: R303:P1 -> R303:P2
[2m2026-05-16T01:08:21.760196Z[0m [32m INFO[0m [2mdashboard_server[0m[2m:[0m Executing on peer R303:P1: UPDATE users SET email = ? WHERE id = ?
[2m2026-05-16T01:08:21.765990Z[0m [32m INFO[0m [2mdashboard_server[0m[2m:[0m Executing on peer R303:P2: INSERT INTO users (id, email, name) VALUES (?, ?, ?)
[2m2026-05-16T01:08:21.772472Z[0m [32m INFO[0m [2mdashboard_server[0m[2m:[0m Sync request: R303:P2 -> R303:P1
[2m2026-05-16T01:08:21.779647Z[0m [32m INFO[0m [2mdashboard_server[0m[2m:[0m Executing on peer R303:P1: INSERT INTO users (id, email, name) VALUES (?, ?, ?)
[2m2026-05-16T01:08:21.785962Z[0m [32m INFO[0m [2mdashboard_server[0m[2m:[0m Executing on peer R303:P2: UPDATE users SET email = ? WHERE id = ?
[2m2026-05-16T01:08:21.792652Z[0m [32m INFO[0m [2mdashboard_server[0m[2m:[0m Executing on peer R303:P2: INSERT INTO users (id, email, name) VALUES (?, ?, ?)
[2m2026-05-16T01:08:21.799029Z[0m [32m INFO[0m [2mdashboard_server[0m[2m:[0m Sync request: R303:P2 -> R303:P1
[2m2026-05-16T01:08:21.809103Z[0m [32m INFO[0m [2mdashboard_server[0m[2m:[0m Executing on peer R303:P3: INSERT INTO users (id, email, name) VALUES (?, ?, ?)
[2m2026-05-16T01:08:21.815700Z[0m [32m INFO[0m [2mdashboard_server[0m[2m:[0m Executing on peer R303:P1: INSERT INTO users (id, email, name) VALUES (?, ?, ?)
[2m2026-05-16T01:08:21.821837Z[0m [32m INFO[0m [2mdashboard_server[0m[2m:[0m Sync request: R303:P3 -> R303:P0
[2m2026-05-16T01:08:21.830063Z[0m [32m INFO[0m [2mdashboard_server[0m[2m:[0m Executing on peer R303:P3: UPDATE users SET email = ? WHERE id = ?
[2m2026-05-16T01:08:21.837776Z[0m [32m INFO[0m [2mdashboard_server[0m[2m:[0m Executing on peer R303:P1: INSERT INTO users (id, email, name) VALUES (?, ?, ?)
[2m2026-05-16T01:08:21.844471Z[0m [32m INFO[0m [2mdashboard_server[0m[2m:[0m Executing on peer R303:P2: UPDATE users SET name = ? WHERE id = ?
[2m2026-05-16T01:08:21.850784Z[0m [32m INFO[0m [2mdashboard_server[0m[2m:[0m Executing on peer R303:P0: UPDATE users SET email = ? WHERE id = ?
[2m2026-05-16T01:08:21.857434Z[0m [32m INFO[0m [2mdashboard_server[0m[2m:[0m Executing on peer R303:P1: DELETE FROM users WHERE id = ?
[2m2026-05-16T01:08:21.864484Z[0m [32m INFO[0m [2mdashboard_server[0m[2m:[0m Executing on peer R303:P0: INSERT INTO users (id, email, name) VALUES (?, ?, ?)
[2m2026-05-16T01:08:21.872152Z[0m [32m INFO[0m [2mdashboard_server[0m[2m:[0m Executing on peer R303:P0: INSERT INTO users (id, email, name) VALUES (?, ?, ?)
[2m2026-05-16T01:08:21.880300Z[0m [32m INFO[0m [2mdashboard_server[0m[2m:[0m Executing on peer R303:P0: UPDATE users SET name = ? WHERE id = ?
[2m2026-05-16T01:08:21.887480Z[0m [32m INFO[0m [2mdashboard_server[0m[2m:[0m Executing on peer R303:P0: DELETE FROM users WHERE id = ?
[2m2026-05-16T01:08:21.894327Z[0m [32m INFO[0m [2mdashboard_server[0m[2m:[0m Executing on peer R303:P2: UPDATE users SET name = ? WHERE id = ?
[2m2026-05-16T01:08:21.901005Z[0m [32m INFO[0m [2mdashboard_server[0m[2m:[0m Executing on peer R303:P1: UPDATE users SET email = ? WHERE id = ?
[2m2026-05-16T01:08:21.908220Z[0m [32m INFO[0m [2mdashboard_server[0m[2m:[0m Executing on peer R303:P2: UPDATE users SET email = ? WHERE id = ?
[2m2026-05-16T01:08:21.914891Z[0m [32m INFO[0m [2mdashboard_server[0m[2m:[0m Executing on peer R303:P1: INSERT INTO users (id, email, name) VALUES (?, ?, ?)
[2m2026-05-16T01:08:21.921261Z[0m [32m INFO[0m [2mdashboard_server[0m[2m:[0m Executing on peer R303:P3: INSERT INTO users (id, email, name) VALUES (?, ?, ?)
[2m2026-05-16T01:08:21.928009Z[0m [32m INFO[0m [2mdashboard_server[0m[2m:[0m Sync request: R303:P2 -> R303:P1
[2m2026-05-16T01:08:21.936563Z[0m [32m INFO[0m [2mdashboard_server[0m[2m:[0m Executing on peer R303:P2: INSERT INTO users (id, email, name) VALUES (?, ?, ?)
[2m2026-05-16T01:08:21.944490Z[0m [32m INFO[0m [2mdashboard_server[0m[2m:[0m Sync request: R303:P0 -> R303:P2
[2m2026-05-16T01:08:21.953446Z[0m [32m INFO[0m [2mdashboard_server[0m[2m:[0m Executing on peer R303:P1: INSERT INTO users (id, email, name) VALUES (?, ?, ?)
[2m2026-05-16T01:08:21.960500Z[0m [32m INFO[0m [2mdashboard_server[0m[2m:[0m Executing on peer R303:P3: UPDATE users SET name = ? WHERE id = ?
[2m2026-05-16T01:08:21.966811Z[0m [32m INFO[0m [2mdashboard_server[0m[2m:[0m Executing on peer R303:P2: INSERT INTO users (id, email, name) VALUES (?, ?, ?)
[2m2026-05-16T01:08:21.974056Z[0m [32m INFO[0m [2mdashboard_server[0m[2m:[0m Executing on peer R303:P2: UPDATE users SET email = ? WHERE id = ?
[2m2026-05-16T01:08:21.981433Z[0m [32m INFO[0m [2mdashboard_server[0m[2m:[0m Sync request: R303:P2 -> R303:P0
[2m2026-05-16T01:08:21.990529Z[0m [32m INFO[0m [2mdashboard_server[0m[2m:[0m Executing on peer R303:P3: INSERT INTO users (id, email, name) VALUES (?, ?, ?)
[2m2026-05-16T01:08:21.998813Z[0m [32m INFO[0m [2mdashboard_server[0m[2m:[0m Executing on peer R303:P1: UPDATE users SET name = ? WHERE id = ?
[2m2026-05-16T01:08:22.005384Z[0m [32m INFO[0m [2mdashboard_server[0m[2m:[0m Sync request: R303:P0 -> R303:P1
[2m2026-05-16T01:08:22.014839Z[0m [32m INFO[0m [2mdashboard_server[0m[2m:[0m Sync request: R303:P0 -> R303:P2
[2m2026-05-16T01:08:22.023857Z[0m [32m INFO[0m [2mdashboard_server[0m[2m:[0m Sync request: R303:P0 -> R303:P3
[2m2026-05-16T01:08:22.033806Z[0m [32m INFO[0m [2mdashboard_server[0m[2m:[0m Sync request: R303:P1 -> R303:P2
[2m2026-05-16T01:08:22.042368Z[0m [32m INFO[0m [2mdashboard_server[0m[2m:[0m Sync request: R303:P1 -> R303:P3
[2m2026-05-16T01:08:22.050526Z[0m [32m INFO[0m [2mdashboard_server[0m[2m:[0m Sync request: R303:P2 -> R303:P3
[2m2026-05-16T01:08:22.059481Z[0m [32m INFO[0m [2mdashboard_server[0m[2m:[0m Sync request: R303:P0 -> R303:P1
[2m2026-05-16T01:08:22.068211Z[0m [32m INFO[0m [2mdashboard_server[0m[2m:[0m Sync request: R303:P0 -> R303:P2
[2m2026-05-16T01:08:22.078536Z[0m [32m INFO[0m [2mdashboard_server[0m[2m:[0m Sync request: R303:P0 -> R303:P3
[2m2026-05-16T01:08:22.087583Z[0m [32m INFO[0m [2mdashboard_server[0m[2m:[0m Sync request: R303:P1 -> R303:P2
[2m2026-05-16T01:08:22.096799Z[0m [32m INFO[0m [2mdashboard_server[0m[2m:[0m Sync request: R303:P1 -> R303:P3
[2m2026-05-16T01:08:22.105882Z[0m [32m INFO[0m [2mdashboard_server[0m[2m:[0m Sync request: R303:P2 -> R303:P3
[2m2026-05-16T01:08:22.127658Z[0m [32m INFO[0m [2mdashboard_server[0m[2m:[0m Sync request: R303:P0 -> R303:P1
[2m2026-05-16T01:08:22.136009Z[0m [32m INFO[0m [2mdashboard_server[0m[2m:[0m Sync request: R303:P0 -> R303:P2
[2m2026-05-16T01:08:22.144298Z[0m [32m INFO[0m [2mdashboard_server[0m[2m:[0m Sync request: R303:P0 -> R303:P3
[2m2026-05-16T01:08:22.153096Z[0m [32m INFO[0m [2mdashboard_server[0m[2m:[0m Sync request: R303:P1 -> R303:P2
[2m2026-05-16T01:08:22.170327Z[0m [32m INFO[0m [2mdashboard_server[0m[2m:[0m Added peer R404:P0
[2m2026-05-16T01:08:22.171976Z[0m [32m INFO[0m [2mdashboard_server[0m[2m:[0m Applying schema to peer R404:P0: CREATE TABLE users (
         id    TEXT PRIMARY KEY,
         email TEXT NOT NULL UNIQUE,
         name  TEXT
       )
[2m2026-05-16T01:08:22.173718Z[0m [32m INFO[0m [2mdashboard_server[0m[2m:[0m Applying schema to peer R404:P0: CREATE TABLE orders (
         id          TEXT PRIMARY KEY,
         user_id     TEXT NOT NULL REFERENCES users(id) ON DELETE CASCADE,
         status      TEXT NOT NULL,
         total_cents INTEGER NOT NULL DEFAULT 0
       )
[2m2026-05-16T01:08:22.175596Z[0m [32m INFO[0m [2mdashboard_server[0m[2m:[0m Applying schema to peer R404:P0: CREATE INDEX orders_by_user ON orders(user_id, status)
[2m2026-05-16T01:08:22.177179Z[0m [32m INFO[0m [2mdashboard_server[0m[2m:[0m Added peer R404:P1
[2m2026-05-16T01:08:22.178616Z[0m [32m INFO[0m [2mdashboard_server[0m[2m:[0m Applying schema to peer R404:P1: CREATE TABLE users (
         id    TEXT PRIMARY KEY,
         email TEXT NOT NULL UNIQUE,
         name  TEXT
       )
[2m2026-05-16T01:08:22.180020Z[0m [32m INFO[0m [2mdashboard_server[0m[2m:[0m Applying schema to peer R404:P1: CREATE TABLE orders (
         id          TEXT PRIMARY KEY,
         user_id     TEXT NOT NULL REFERENCES users(id) ON DELETE CASCADE,
         status      TEXT NOT NULL,
         total_cents INTEGER NOT NULL DEFAULT 0
       )
[2m2026-05-16T01:08:22.181546Z[0m [32m INFO[0m [2mdashboard_server[0m[2m:[0m Applying schema to peer R404:P1: CREATE INDEX orders_by_user ON orders(user_id, status)
[2m2026-05-16T01:08:22.182983Z[0m [32m INFO[0m [2mdashboard_server[0m[2m:[0m Added peer R404:P2
[2m2026-05-16T01:08:22.184687Z[0m [32m INFO[0m [2mdashboard_server[0m[2m:[0m Applying schema to peer R404:P2: CREATE TABLE users (
         id    TEXT PRIMARY KEY,
         email TEXT NOT NULL UNIQUE,
         name  TEXT
       )
[2m2026-05-16T01:08:22.186111Z[0m [32m INFO[0m [2mdashboard_server[0m[2m:[0m Applying schema to peer R404:P2: CREATE TABLE orders (
         id          TEXT PRIMARY KEY,
         user_id     TEXT NOT NULL REFERENCES users(id) ON DELETE CASCADE,
         status      TEXT NOT NULL,
         total_cents INTEGER NOT NULL DEFAULT 0
       )
[2m2026-05-16T01:08:22.187463Z[0m [32m INFO[0m [2mdashboard_server[0m[2m:[0m Applying schema to peer R404:P2: CREATE INDEX orders_by_user ON orders(user_id, status)
[2m2026-05-16T01:08:22.188745Z[0m [32m INFO[0m [2mdashboard_server[0m[2m:[0m Added peer R404:P3
[2m2026-05-16T01:08:22.189767Z[0m [32m INFO[0m [2mdashboard_server[0m[2m:[0m Applying schema to peer R404:P3: CREATE TABLE users (
         id    TEXT PRIMARY KEY,
         email TEXT NOT NULL UNIQUE,
         name  TEXT
       )
[2m2026-05-16T01:08:22.190730Z[0m [32m INFO[0m [2mdashboard_server[0m[2m:[0m Applying schema to peer R404:P3: CREATE TABLE orders (
         id          TEXT PRIMARY KEY,
         user_id     TEXT NOT NULL REFERENCES users(id) ON DELETE CASCADE,
         status      TEXT NOT NULL,
         total_cents INTEGER NOT NULL DEFAULT 0
       )
[2m2026-05-16T01:08:22.191448Z[0m [32m INFO[0m [2mdashboard_server[0m[2m:[0m Applying schema to peer R404:P3: CREATE INDEX orders_by_user ON orders(user_id, status)
[2m2026-05-16T01:08:22.192060Z[0m [32m INFO[0m [2mdashboard_server[0m[2m:[0m Sync request: R404:P3 -> R404:P0
[2m2026-05-16T01:08:22.197877Z[0m [32m INFO[0m [2mdashboard_server[0m[2m:[0m Executing on peer R404:P0: INSERT INTO users (id, email, name) VALUES (?, ?, ?)
[2m2026-05-16T01:08:22.203430Z[0m [32m INFO[0m [2mdashboard_server[0m[2m:[0m Executing on peer R404:P3: INSERT INTO users (id, email, name) VALUES (?, ?, ?)
[2m2026-05-16T01:08:22.211031Z[0m [32m INFO[0m [2mdashboard_server[0m[2m:[0m Sync request: R404:P1 -> R404:P3
[2m2026-05-16T01:08:22.217737Z[0m [32m INFO[0m [2mdashboard_server[0m[2m:[0m Executing on peer R404:P2: INSERT INTO users (id, email, name) VALUES (?, ?, ?)
[2m2026-05-16T01:08:22.226173Z[0m [32m INFO[0m [2mdashboard_server[0m[2m:[0m Executing on peer R404:P1: INSERT INTO users (id, email, name) VALUES (?, ?, ?)
[2m2026-05-16T01:08:22.232678Z[0m [32m INFO[0m [2mdashboard_server[0m[2m:[0m Executing on peer R404:P1: INSERT INTO users (id, email, name) VALUES (?, ?, ?)
[2m2026-05-16T01:08:22.239384Z[0m [32m INFO[0m [2mdashboard_server[0m[2m:[0m Executing on peer R404:P2: DELETE FROM users WHERE id = ?
[2m2026-05-16T01:08:22.246192Z[0m [32m INFO[0m [2mdashboard_server[0m[2m:[0m Executing on peer R404:P2: INSERT INTO users (id, email, name) VALUES (?, ?, ?)
[2m2026-05-16T01:08:22.253002Z[0m [32m INFO[0m [2mdashboard_server[0m[2m:[0m Executing on peer R404:P3: UPDATE users SET name = ? WHERE id = ?
[2m2026-05-16T01:08:22.260347Z[0m [32m INFO[0m [2mdashboard_server[0m[2m:[0m Sync request: R404:P0 -> R404:P1
[2m2026-05-16T01:08:22.267226Z[0m [32m INFO[0m [2mdashboard_server[0m[2m:[0m Executing on peer R404:P3: INSERT INTO users (id, email, name) VALUES (?, ?, ?)
[2m2026-05-16T01:08:22.274321Z[0m [32m INFO[0m [2mdashboard_server[0m[2m:[0m Executing on peer R404:P0: INSERT INTO users (id, email, name) VALUES (?, ?, ?)
[2m2026-05-16T01:08:22.281999Z[0m [32m INFO[0m [2mdashboard_server[0m[2m:[0m Executing on peer R404:P2: INSERT INTO users (id, email, name) VALUES (?, ?, ?)
[2m2026-05-16T01:08:22.289821Z[0m [32m INFO[0m [2mdashboard_server[0m[2m:[0m Executing on peer R404:P0: INSERT INTO users (id, email, name) VALUES (?, ?, ?)
[2m2026-05-16T01:08:22.297264Z[0m [32m INFO[0m [2mdashboard_server[0m[2m:[0m Sync request: R404:P0 -> R404:P1
[2m2026-05-16T01:08:22.304503Z[0m [32m INFO[0m [2mdashboard_server[0m[2m:[0m Executing on peer R404:P1: UPDATE users SET email = ? WHERE id = ?
[2m2026-05-16T01:08:22.311920Z[0m [32m INFO[0m [2mdashboard_server[0m[2m:[0m Executing on peer R404:P3: INSERT INTO users (id, email, name) VALUES (?, ?, ?)
[2m2026-05-16T01:08:22.319499Z[0m [32m INFO[0m [2mdashboard_server[0m[2m:[0m Sync request: R404:P3 -> R404:P0
[2m2026-05-16T01:08:22.327501Z[0m [32m INFO[0m [2mdashboard_server[0m[2m:[0m Executing on peer R404:P3: INSERT INTO users (id, email, name) VALUES (?, ?, ?)
[2m2026-05-16T01:08:22.335154Z[0m [32m INFO[0m [2mdashboard_server[0m[2m:[0m Executing on peer R404:P3: INSERT INTO users (id, email, name) VALUES (?, ?, ?)
[2m2026-05-16T01:08:22.344094Z[0m [32m INFO[0m [2mdashboard_server[0m[2m:[0m Executing on peer R404:P3: INSERT INTO users (id, email, name) VALUES (?, ?, ?)
[2m2026-05-16T01:08:22.350842Z[0m [32m INFO[0m [2mdashboard_server[0m[2m:[0m Sync request: R404:P2 -> R404:P1
[2m2026-05-16T01:08:22.360071Z[0m [32m INFO[0m [2mdashboard_server[0m[2m:[0m Executing on peer R404:P0: INSERT INTO users (id, email, name) VALUES (?, ?, ?)
[2m2026-05-16T01:08:22.367625Z[0m [32m INFO[0m [2mdashboard_server[0m[2m:[0m Executing on peer R404:P1: INSERT INTO users (id, email, name) VALUES (?, ?, ?)
[2m2026-05-16T01:08:22.374936Z[0m [32m INFO[0m [2mdashboard_server[0m[2m:[0m Sync request: R404:P0 -> R404:P3
[2m2026-05-16T01:08:22.382084Z[0m [32m INFO[0m [2mdashboard_server[0m[2m:[0m Executing on peer R404:P0: INSERT INTO users (id, email, name) VALUES (?, ?, ?)
[2m2026-05-16T01:08:22.389933Z[0m [32m INFO[0m [2mdashboard_server[0m[2m:[0m Executing on peer R404:P0: UPDATE users SET name = ? WHERE id = ?
[2m2026-05-16T01:08:22.397621Z[0m [32m INFO[0m [2mdashboard_server[0m[2m:[0m Executing on peer R404:P0: INSERT INTO users (id, email, name) VALUES (?, ?, ?)
[2m2026-05-16T01:08:22.404992Z[0m [32m INFO[0m [2mdashboard_server[0m[2m:[0m Executing on peer R404:P3: INSERT INTO users (id, email, name) VALUES (?, ?, ?)
[2m2026-05-16T01:08:22.412444Z[0m [32m INFO[0m [2mdashboard_server[0m[2m:[0m Sync request: R404:P3 -> R404:P2
[2m2026-05-16T01:08:22.420547Z[0m [32m INFO[0m [2mdashboard_server[0m[2m:[0m Executing on peer R404:P2: DELETE FROM users WHERE id = ?
[2m2026-05-16T01:08:22.428335Z[0m [32m INFO[0m [2mdashboard_server[0m[2m:[0m Executing on peer R404:P2: UPDATE users SET email = ? WHERE id = ?
[2m2026-05-16T01:08:22.437055Z[0m [32m INFO[0m [2mdashboard_server[0m[2m:[0m Executing on peer R404:P2: INSERT INTO users (id, email, name) VALUES (?, ?, ?)
[2m2026-05-16T01:08:22.444510Z[0m [32m INFO[0m [2mdashboard_server[0m[2m:[0m Executing on peer R404:P2: INSERT INTO users (id, email, name) VALUES (?, ?, ?)
[2m2026-05-16T01:08:22.452099Z[0m [32m INFO[0m [2mdashboard_server[0m[2m:[0m Executing on peer R404:P3: UPDATE users SET email = ? WHERE id = ?
[2m2026-05-16T01:08:22.460157Z[0m [32m INFO[0m [2mdashboard_server[0m[2m:[0m Executing on peer R404:P0: INSERT INTO users (id, email, name) VALUES (?, ?, ?)
[2m2026-05-16T01:08:22.468527Z[0m [32m INFO[0m [2mdashboard_server[0m[2m:[0m Executing on peer R404:P2: INSERT INTO users (id, email, name) VALUES (?, ?, ?)
[2m2026-05-16T01:08:22.477838Z[0m [32m INFO[0m [2mdashboard_server[0m[2m:[0m Executing on peer R404:P1: INSERT INTO users (id, email, name) VALUES (?, ?, ?)
[2m2026-05-16T01:08:22.484903Z[0m [32m INFO[0m [2mdashboard_server[0m[2m:[0m Executing on peer R404:P1: UPDATE users SET name = ? WHERE id = ?
[2m2026-05-16T01:08:22.493239Z[0m [32m INFO[0m [2mdashboard_server[0m[2m:[0m Executing on peer R404:P0: INSERT INTO users (id, email, name) VALUES (?, ?, ?)
[2m2026-05-16T01:08:22.500313Z[0m [32m INFO[0m [2mdashboard_server[0m[2m:[0m Executing on peer R404:P2: INSERT INTO users (id, email, name) VALUES (?, ?, ?)
[2m2026-05-16T01:08:22.508086Z[0m [32m INFO[0m [2mdashboard_server[0m[2m:[0m Executing on peer R404:P3: INSERT INTO users (id, email, name) VALUES (?, ?, ?)
[2m2026-05-16T01:08:22.515636Z[0m [32m INFO[0m [2mdashboard_server[0m[2m:[0m Executing on peer R404:P3: INSERT INTO users (id, email, name) VALUES (?, ?, ?)
[2m2026-05-16T01:08:22.524352Z[0m [32m INFO[0m [2mdashboard_server[0m[2m:[0m Executing on peer R404:P3: UPDATE users SET name = ? WHERE id = ?
[2m2026-05-16T01:08:22.532075Z[0m [32m INFO[0m [2mdashboard_server[0m[2m:[0m Executing on peer R404:P1: DELETE FROM users WHERE id = ?
[2m2026-05-16T01:08:22.539323Z[0m [32m INFO[0m [2mdashboard_server[0m[2m:[0m Executing on peer R404:P2: INSERT INTO users (id, email, name) VALUES (?, ?, ?)
[2m2026-05-16T01:08:22.546703Z[0m [32m INFO[0m [2mdashboard_server[0m[2m:[0m Executing on peer R404:P1: INSERT INTO users (id, email, name) VALUES (?, ?, ?)
[2m2026-05-16T01:08:22.554655Z[0m [32m INFO[0m [2mdashboard_server[0m[2m:[0m Executing on peer R404:P0: INSERT INTO users (id, email, name) VALUES (?, ?, ?)
[2m2026-05-16T01:08:22.562947Z[0m [32m INFO[0m [2mdashboard_server[0m[2m:[0m Executing on peer R404:P0: UPDATE users SET email = ? WHERE id = ?
[2m2026-05-16T01:08:22.570327Z[0m [32m INFO[0m [2mdashboard_server[0m[2m:[0m Sync request: R404:P3 -> R404:P1
[2m2026-05-16T01:08:22.579205Z[0m [32m INFO[0m [2mdashboard_server[0m[2m:[0m Executing on peer R404:P0: UPDATE users SET name = ? WHERE id = ?
[2m2026-05-16T01:08:22.587038Z[0m [32m INFO[0m [2mdashboard_server[0m[2m:[0m Executing on peer R404:P1: INSERT INTO users (id, email, name) VALUES (?, ?, ?)
[2m2026-05-16T01:08:22.595164Z[0m [32m INFO[0m [2mdashboard_server[0m[2m:[0m Executing on peer R404:P0: UPDATE users SET email = ? WHERE id = ?
[2m2026-05-16T01:08:22.604335Z[0m [32m INFO[0m [2mdashboard_server[0m[2m:[0m Executing on peer R404:P3: DELETE FROM users WHERE id = ?
[2m2026-05-16T01:08:22.612410Z[0m [32m INFO[0m [2mdashboard_server[0m[2m:[0m Executing on peer R404:P1: DELETE FROM users WHERE id = ?
[2m2026-05-16T01:08:22.620366Z[0m [32m INFO[0m [2mdashboard_server[0m[2m:[0m Sync request: R404:P3 -> R404:P0
[2m2026-05-16T01:08:22.629852Z[0m [32m INFO[0m [2mdashboard_server[0m[2m:[0m Executing on peer R404:P0: DELETE FROM users WHERE id = ?
[2m2026-05-16T01:08:22.637611Z[0m [32m INFO[0m [2mdashboard_server[0m[2m:[0m Executing on peer R404:P0: INSERT INTO users (id, email, name) VALUES (?, ?, ?)
[2m2026-05-16T01:08:22.646085Z[0m [32m INFO[0m [2mdashboard_server[0m[2m:[0m Executing on peer R404:P0: INSERT INTO users (id, email, name) VALUES (?, ?, ?)
[2m2026-05-16T01:08:22.654521Z[0m [32m INFO[0m [2mdashboard_server[0m[2m:[0m Executing on peer R404:P2: UPDATE users SET email = ? WHERE id = ?
[2m2026-05-16T01:08:22.663516Z[0m [32m INFO[0m [2mdashboard_server[0m[2m:[0m Executing on peer R404:P3: INSERT INTO users (id, email, name) VALUES (?, ?, ?)
[2m2026-05-16T01:08:22.671197Z[0m [32m INFO[0m [2mdashboard_server[0m[2m:[0m Sync request: R404:P1 -> R404:P3
[2m2026-05-16T01:08:22.680150Z[0m [32m INFO[0m [2mdashboard_server[0m[2m:[0m Executing on peer R404:P3: INSERT INTO users (id, email, name) VALUES (?, ?, ?)
[2m2026-05-16T01:08:22.688743Z[0m [32m INFO[0m [2mdashboard_server[0m[2m:[0m Executing on peer R404:P2: UPDATE users SET email = ? WHERE id = ?
[2m2026-05-16T01:08:22.697807Z[0m [32m INFO[0m [2mdashboard_server[0m[2m:[0m Executing on peer R404:P3: UPDATE users SET email = ? WHERE id = ?
[2m2026-05-16T01:08:22.707590Z[0m [32m INFO[0m [2mdashboard_server[0m[2m:[0m Executing on peer R404:P0: UPDATE users SET email = ? WHERE id = ?
[2m2026-05-16T01:08:22.716332Z[0m [32m INFO[0m [2mdashboard_server[0m[2m:[0m Executing on peer R404:P2: INSERT INTO users (id, email, name) VALUES (?, ?, ?)
[2m2026-05-16T01:08:22.726392Z[0m [32m INFO[0m [2mdashboard_server[0m[2m:[0m Sync request: R404:P3 -> R404:P2
[2m2026-05-16T01:08:22.737968Z[0m [32m INFO[0m [2mdashboard_server[0m[2m:[0m Executing on peer R404:P3: DELETE FROM users WHERE id = ?
[2m2026-05-16T01:08:22.748310Z[0m [32m INFO[0m [2mdashboard_server[0m[2m:[0m Executing on peer R404:P0: UPDATE users SET name = ? WHERE id = ?
[2m2026-05-16T01:08:22.757701Z[0m [32m INFO[0m [2mdashboard_server[0m[2m:[0m Executing on peer R404:P1: INSERT INTO users (id, email, name) VALUES (?, ?, ?)
[2m2026-05-16T01:08:22.768193Z[0m [32m INFO[0m [2mdashboard_server[0m[2m:[0m Executing on peer R404:P2: UPDATE users SET email = ? WHERE id = ?
[2m2026-05-16T01:08:22.777557Z[0m [32m INFO[0m [2mdashboard_server[0m[2m:[0m Executing on peer R404:P2: UPDATE users SET email = ? WHERE id = ?
[2m2026-05-16T01:08:22.786712Z[0m [32m INFO[0m [2mdashboard_server[0m[2m:[0m Executing on peer R404:P1: INSERT INTO users (id, email, name) VALUES (?, ?, ?)
[2m2026-05-16T01:08:22.796475Z[0m [32m INFO[0m [2mdashboard_server[0m[2m:[0m Executing on peer R404:P3: UPDATE users SET name = ? WHERE id = ?
[2m2026-05-16T01:08:22.805257Z[0m [32m INFO[0m [2mdashboard_server[0m[2m:[0m Executing on peer R404:P3: INSERT INTO users (id, email, name) VALUES (?, ?, ?)
[2m2026-05-16T01:08:22.813996Z[0m [32m INFO[0m [2mdashboard_server[0m[2m:[0m Executing on peer R404:P2: INSERT INTO users (id, email, name) VALUES (?, ?, ?)
[2m2026-05-16T01:08:22.821969Z[0m [32m INFO[0m [2mdashboard_server[0m[2m:[0m Executing on peer R404:P1: UPDATE users SET email = ? WHERE id = ?
[2m2026-05-16T01:08:22.831330Z[0m [32m INFO[0m [2mdashboard_server[0m[2m:[0m Executing on peer R404:P0: INSERT INTO users (id, email, name) VALUES (?, ?, ?)
[2m2026-05-16T01:08:22.850515Z[0m [32m INFO[0m [2mdashboard_server[0m[2m:[0m Sync request: R404:P0 -> R404:P1
[2m2026-05-16T01:08:22.860764Z[0m [32m INFO[0m [2mdashboard_server[0m[2m:[0m Sync request: R404:P0 -> R404:P2
[2m2026-05-16T01:08:22.872110Z[0m [32m INFO[0m [2mdashboard_server[0m[2m:[0m Sync request: R404:P0 -> R404:P3
[2m2026-05-16T01:08:22.882437Z[0m [32m INFO[0m [2mdashboard_server[0m[2m:[0m Sync request: R404:P1 -> R404:P2
[2m2026-05-16T01:08:22.893197Z[0m [32m INFO[0m [2mdashboard_server[0m[2m:[0m Sync request: R404:P1 -> R404:P3
[2m2026-05-16T01:08:22.904547Z[0m [32m INFO[0m [2mdashboard_server[0m[2m:[0m Sync request: R404:P2 -> R404:P3
[2m2026-05-16T01:08:22.915920Z[0m [32m INFO[0m [2mdashboard_server[0m[2m:[0m Sync request: R404:P0 -> R404:P1
[2m2026-05-16T01:08:22.926401Z[0m [32m INFO[0m [2mdashboard_server[0m[2m:[0m Sync request: R404:P0 -> R404:P2
[2m2026-05-16T01:08:22.936853Z[0m [32m INFO[0m [2mdashboard_server[0m[2m:[0m Sync request: R404:P0 -> R404:P3
[2m2026-05-16T01:08:22.947967Z[0m [32m INFO[0m [2mdashboard_server[0m[2m:[0m Sync request: R404:P1 -> R404:P2
[2m2026-05-16T01:08:22.959324Z[0m [32m INFO[0m [2mdashboard_server[0m[2m:[0m Sync request: R404:P1 -> R404:P3
[2m2026-05-16T01:08:22.970189Z[0m [32m INFO[0m [2mdashboard_server[0m[2m:[0m Sync request: R404:P2 -> R404:P3
[2m2026-05-16T01:08:22.993435Z[0m [32m INFO[0m [2mdashboard_server[0m[2m:[0m Sync request: R404:P0 -> R404:P1
[2m2026-05-16T01:08:23.004112Z[0m [32m INFO[0m [2mdashboard_server[0m[2m:[0m Sync request: R404:P0 -> R404:P2
[2m2026-05-16T01:08:23.014677Z[0m [32m INFO[0m [2mdashboard_server[0m[2m:[0m Sync request: R404:P0 -> R404:P3
[2m2026-05-16T01:08:23.025470Z[0m [32m INFO[0m [2mdashboard_server[0m[2m:[0m Sync request: R404:P1 -> R404:P2
[2m2026-05-16T01:08:23.044986Z[0m [32m INFO[0m [2mdashboard_server[0m[2m:[0m Added peer R505:P0
[2m2026-05-16T01:08:23.046550Z[0m [32m INFO[0m [2mdashboard_server[0m[2m:[0m Applying schema to peer R505:P0: CREATE TABLE users (
         id    TEXT PRIMARY KEY,
         email TEXT NOT NULL UNIQUE,
         name  TEXT
       )
[2m2026-05-16T01:08:23.048461Z[0m [32m INFO[0m [2mdashboard_server[0m[2m:[0m Applying schema to peer R505:P0: CREATE TABLE orders (
         id          TEXT PRIMARY KEY,
         user_id     TEXT NOT NULL REFERENCES users(id) ON DELETE CASCADE,
         status      TEXT NOT NULL,
         total_cents INTEGER NOT NULL DEFAULT 0
       )
[2m2026-05-16T01:08:23.050907Z[0m [32m INFO[0m [2mdashboard_server[0m[2m:[0m Applying schema to peer R505:P0: CREATE INDEX orders_by_user ON orders(user_id, status)
[2m2026-05-16T01:08:23.052534Z[0m [32m INFO[0m [2mdashboard_server[0m[2m:[0m Added peer R505:P1
[2m2026-05-16T01:08:23.053938Z[0m [32m INFO[0m [2mdashboard_server[0m[2m:[0m Applying schema to peer R505:P1: CREATE TABLE users (
         id    TEXT PRIMARY KEY,
         email TEXT NOT NULL UNIQUE,
         name  TEXT
       )
[2m2026-05-16T01:08:23.055208Z[0m [32m INFO[0m [2mdashboard_server[0m[2m:[0m Applying schema to peer R505:P1: CREATE TABLE orders (
         id          TEXT PRIMARY KEY,
         user_id     TEXT NOT NULL REFERENCES users(id) ON DELETE CASCADE,
         status      TEXT NOT NULL,
         total_cents INTEGER NOT NULL DEFAULT 0
       )
[2m2026-05-16T01:08:23.057020Z[0m [32m INFO[0m [2mdashboard_server[0m[2m:[0m Applying schema to peer R505:P1: CREATE INDEX orders_by_user ON orders(user_id, status)
[2m2026-05-16T01:08:23.058785Z[0m [32m INFO[0m [2mdashboard_server[0m[2m:[0m Added peer R505:P2
[2m2026-05-16T01:08:23.060301Z[0m [32m INFO[0m [2mdashboard_server[0m[2m:[0m Applying schema to peer R505:P2: CREATE TABLE users (
         id    TEXT PRIMARY KEY,
         email TEXT NOT NULL UNIQUE,
         name  TEXT
       )
[2m2026-05-16T01:08:23.061152Z[0m [32m INFO[0m [2mdashboard_server[0m[2m:[0m Applying schema to peer R505:P2: CREATE TABLE orders (
         id          TEXT PRIMARY KEY,
         user_id     TEXT NOT NULL REFERENCES users(id) ON DELETE CASCADE,
         status      TEXT NOT NULL,
         total_cents INTEGER NOT NULL DEFAULT 0
       )
[2m2026-05-16T01:08:23.061875Z[0m [32m INFO[0m [2mdashboard_server[0m[2m:[0m Applying schema to peer R505:P2: CREATE INDEX orders_by_user ON orders(user_id, status)
[2m2026-05-16T01:08:23.062458Z[0m [32m INFO[0m [2mdashboard_server[0m[2m:[0m Added peer R505:P3
[2m2026-05-16T01:08:23.063027Z[0m [32m INFO[0m [2mdashboard_server[0m[2m:[0m Applying schema to peer R505:P3: CREATE TABLE users (
         id    TEXT PRIMARY KEY,
         email TEXT NOT NULL UNIQUE,
         name  TEXT
       )
[2m2026-05-16T01:08:23.063623Z[0m [32m INFO[0m [2mdashboard_server[0m[2m:[0m Applying schema to peer R505:P3: CREATE TABLE orders (
         id          TEXT PRIMARY KEY,
         user_id     TEXT NOT NULL REFERENCES users(id) ON DELETE CASCADE,
         status      TEXT NOT NULL,
         total_cents INTEGER NOT NULL DEFAULT 0
       )
[2m2026-05-16T01:08:23.064244Z[0m [32m INFO[0m [2mdashboard_server[0m[2m:[0m Applying schema to peer R505:P3: CREATE INDEX orders_by_user ON orders(user_id, status)
[2m2026-05-16T01:08:23.064947Z[0m [32m INFO[0m [2mdashboard_server[0m[2m:[0m Sync request: R505:P2 -> R505:P1
[2m2026-05-16T01:08:23.073608Z[0m [32m INFO[0m [2mdashboard_server[0m[2m:[0m Executing on peer R505:P3: INSERT INTO users (id, email, name) VALUES (?, ?, ?)
[2m2026-05-16T01:08:23.082055Z[0m [32m INFO[0m [2mdashboard_server[0m[2m:[0m Sync request: R505:P3 -> R505:P2
[2m2026-05-16T01:08:23.089595Z[0m [32m INFO[0m [2mdashboard_server[0m[2m:[0m Executing on peer R505:P0: INSERT INTO users (id, email, name) VALUES (?, ?, ?)
[2m2026-05-16T01:08:23.097866Z[0m [32m INFO[0m [2mdashboard_server[0m[2m:[0m Executing on peer R505:P0: DELETE FROM users WHERE id = ?
[2m2026-05-16T01:08:23.105676Z[0m [32m INFO[0m [2mdashboard_server[0m[2m:[0m Sync request: R505:P0 -> R505:P1
[2m2026-05-16T01:08:23.113834Z[0m [32m INFO[0m [2mdashboard_server[0m[2m:[0m Executing on peer R505:P2: INSERT INTO users (id, email, name) VALUES (?, ?, ?)
[2m2026-05-16T01:08:23.121865Z[0m [32m INFO[0m [2mdashboard_server[0m[2m:[0m Executing on peer R505:P2: INSERT INTO users (id, email, name) VALUES (?, ?, ?)
[2m2026-05-16T01:08:23.130420Z[0m [32m INFO[0m [2mdashboard_server[0m[2m:[0m Executing on peer R505:P3: INSERT INTO users (id, email, name) VALUES (?, ?, ?)
[2m2026-05-16T01:08:23.138593Z[0m [32m INFO[0m [2mdashboard_server[0m[2m:[0m Sync request: R505:P2 -> R505:P1
[2m2026-05-16T01:08:23.147704Z[0m [32m INFO[0m [2mdashboard_server[0m[2m:[0m Executing on peer R505:P0: INSERT INTO users (id, email, name) VALUES (?, ?, ?)
[2m2026-05-16T01:08:23.157409Z[0m [32m INFO[0m [2mdashboard_server[0m[2m:[0m Executing on peer R505:P2: INSERT INTO users (id, email, name) VALUES (?, ?, ?)
[2m2026-05-16T01:08:23.166752Z[0m [32m INFO[0m [2mdashboard_server[0m[2m:[0m Executing on peer R505:P0: INSERT INTO users (id, email, name) VALUES (?, ?, ?)
[2m2026-05-16T01:08:23.174922Z[0m [32m INFO[0m [2mdashboard_server[0m[2m:[0m Executing on peer R505:P2: INSERT INTO users (id, email, name) VALUES (?, ?, ?)
[2m2026-05-16T01:08:23.183291Z[0m [32m INFO[0m [2mdashboard_server[0m[2m:[0m Sync request: R505:P3 -> R505:P2
[2m2026-05-16T01:08:23.193027Z[0m [32m INFO[0m [2mdashboard_server[0m[2m:[0m Executing on peer R505:P0: INSERT INTO users (id, email, name) VALUES (?, ?, ?)
[2m2026-05-16T01:08:23.202219Z[0m [32m INFO[0m [2mdashboard_server[0m[2m:[0m Executing on peer R505:P2: UPDATE users SET name = ? WHERE id = ?
[2m2026-05-16T01:08:23.210791Z[0m [32m INFO[0m [2mdashboard_server[0m[2m:[0m Executing on peer R505:P3: INSERT INTO users (id, email, name) VALUES (?, ?, ?)
[2m2026-05-16T01:08:23.219718Z[0m [32m INFO[0m [2mdashboard_server[0m[2m:[0m Executing on peer R505:P0: INSERT INTO users (id, email, name) VALUES (?, ?, ?)
[2m2026-05-16T01:08:23.229015Z[0m [32m INFO[0m [2mdashboard_server[0m[2m:[0m Sync request: R505:P3 -> R505:P1
[2m2026-05-16T01:08:23.238560Z[0m [32m INFO[0m [2mdashboard_server[0m[2m:[0m Sync request: R505:P3 -> R505:P2
[2m2026-05-16T01:08:23.248062Z[0m [32m INFO[0m [2mdashboard_server[0m[2m:[0m Sync request: R505:P3 -> R505:P0
[2m2026-05-16T01:08:23.258028Z[0m [32m INFO[0m [2mdashboard_server[0m[2m:[0m Executing on peer R505:P1: INSERT INTO users (id, email, name) VALUES (?, ?, ?)
[2m2026-05-16T01:08:23.267111Z[0m [32m INFO[0m [2mdashboard_server[0m[2m:[0m Executing on peer R505:P0: INSERT INTO users (id, email, name) VALUES (?, ?, ?)
[2m2026-05-16T01:08:23.278042Z[0m [32m INFO[0m [2mdashboard_server[0m[2m:[0m Executing on peer R505:P1: INSERT INTO users (id, email, name) VALUES (?, ?, ?)
[2m2026-05-16T01:08:23.286717Z[0m [32m INFO[0m [2mdashboard_server[0m[2m:[0m Executing on peer R505:P3: UPDATE users SET email = ? WHERE id = ?
[2m2026-05-16T01:08:23.295854Z[0m [32m INFO[0m [2mdashboard_server[0m[2m:[0m Executing on peer R505:P3: UPDATE users SET name = ? WHERE id = ?
[2m2026-05-16T01:08:23.305696Z[0m [32m INFO[0m [2mdashboard_server[0m[2m:[0m Executing on peer R505:P0: UPDATE users SET email = ? WHERE id = ?
[2m2026-05-16T01:08:23.315538Z[0m [32m INFO[0m [2mdashboard_server[0m[2m:[0m Executing on peer R505:P2: UPDATE users SET name = ? WHERE id = ?
[2m2026-05-16T01:08:23.325463Z[0m [32m INFO[0m [2mdashboard_server[0m[2m:[0m Sync request: R505:P1 -> R505:P0
[2m2026-05-16T01:08:23.335024Z[0m [32m INFO[0m [2mdashboard_server[0m[2m:[0m Executing on peer R505:P0: INSERT INTO users (id, email, name) VALUES (?, ?, ?)
[2m2026-05-16T01:08:23.343978Z[0m [32m INFO[0m [2mdashboard_server[0m[2m:[0m Executing on peer R505:P1: UPDATE users SET email = ? WHERE id = ?
[2m2026-05-16T01:08:23.353344Z[0m [32m INFO[0m [2mdashboard_server[0m[2m:[0m Executing on peer R505:P0: INSERT INTO users (id, email, name) VALUES (?, ?, ?)
[2m2026-05-16T01:08:23.362730Z[0m [32m INFO[0m [2mdashboard_server[0m[2m:[0m Executing on peer R505:P0: INSERT INTO users (id, email, name) VALUES (?, ?, ?)
[2m2026-05-16T01:08:23.372792Z[0m [32m INFO[0m [2mdashboard_server[0m[2m:[0m Executing on peer R505:P1: INSERT INTO users (id, email, name) VALUES (?, ?, ?)
[2m2026-05-16T01:08:23.382266Z[0m [32m INFO[0m [2mdashboard_server[0m[2m:[0m Executing on peer R505:P2: UPDATE users SET name = ? WHERE id = ?
[2m2026-05-16T01:08:23.392042Z[0m [32m INFO[0m [2mdashboard_server[0m[2m:[0m Executing on peer R505:P2: UPDATE users SET email = ? WHERE id = ?
[2m2026-05-16T01:08:23.401429Z[0m [32m INFO[0m [2mdashboard_server[0m[2m:[0m Executing on peer R505:P3: UPDATE users SET name = ? WHERE id = ?
[2m2026-05-16T01:08:23.411244Z[0m [32m INFO[0m [2mdashboard_server[0m[2m:[0m Executing on peer R505:P0: INSERT INTO users (id, email, name) VALUES (?, ?, ?)
[2m2026-05-16T01:08:23.420125Z[0m [32m INFO[0m [2mdashboard_server[0m[2m:[0m Executing on peer R505:P0: INSERT INTO users (id, email, name) VALUES (?, ?, ?)
[2m2026-05-16T01:08:23.429622Z[0m [32m INFO[0m [2mdashboard_server[0m[2m:[0m Executing on peer R505:P1: INSERT INTO users (id, email, name) VALUES (?, ?, ?)
[2m2026-05-16T01:08:23.438377Z[0m [32m INFO[0m [2mdashboard_server[0m[2m:[0m Sync request: R505:P3 -> R505:P0
[2m2026-05-16T01:08:23.448806Z[0m [32m INFO[0m [2mdashboard_server[0m[2m:[0m Executing on peer R505:P3: INSERT INTO users (id, email, name) VALUES (?, ?, ?)
[2m2026-05-16T01:08:23.459036Z[0m [32m INFO[0m [2mdashboard_server[0m[2m:[0m Executing on peer R505:P3: UPDATE users SET name = ? WHERE id = ?
[2m2026-05-16T01:08:23.468227Z[0m [32m INFO[0m [2mdashboard_server[0m[2m:[0m Executing on peer R505:P1: UPDATE users SET email = ? WHERE id = ?
[2m2026-05-16T01:08:23.477303Z[0m [32m INFO[0m [2mdashboard_server[0m[2m:[0m Executing on peer R505:P3: INSERT INTO users (id, email, name) VALUES (?, ?, ?)
[2m2026-05-16T01:08:23.487068Z[0m [32m INFO[0m [2mdashboard_server[0m[2m:[0m Executing on peer R505:P1: UPDATE users SET email = ? WHERE id = ?
[2m2026-05-16T01:08:23.496740Z[0m [32m INFO[0m [2mdashboard_server[0m[2m:[0m Sync request: R505:P2 -> R505:P1
[2m2026-05-16T01:08:23.507911Z[0m [32m INFO[0m [2mdashboard_server[0m[2m:[0m Executing on peer R505:P0: DELETE FROM users WHERE id = ?
[2m2026-05-16T01:08:23.517582Z[0m [32m INFO[0m [2mdashboard_server[0m[2m:[0m Executing on peer R505:P3: INSERT INTO users (id, email, name) VALUES (?, ?, ?)
[2m2026-05-16T01:08:23.527599Z[0m [32m INFO[0m [2mdashboard_server[0m[2m:[0m Executing on peer R505:P2: INSERT INTO users (id, email, name) VALUES (?, ?, ?)
[2m2026-05-16T01:08:23.537723Z[0m [32m INFO[0m [2mdashboard_server[0m[2m:[0m Executing on peer R505:P3: INSERT INTO users (id, email, name) VALUES (?, ?, ?)
[2m2026-05-16T01:08:23.547720Z[0m [32m INFO[0m [2mdashboard_server[0m[2m:[0m Executing on peer R505:P0: DELETE FROM users WHERE id = ?
[2m2026-05-16T01:08:23.557649Z[0m [32m INFO[0m [2mdashboard_server[0m[2m:[0m Executing on peer R505:P3: INSERT INTO users (id, email, name) VALUES (?, ?, ?)
[2m2026-05-16T01:08:23.567188Z[0m [32m INFO[0m [2mdashboard_server[0m[2m:[0m Executing on peer R505:P2: INSERT INTO users (id, email, name) VALUES (?, ?, ?)
[2m2026-05-16T01:08:23.576924Z[0m [32m INFO[0m [2mdashboard_server[0m[2m:[0m Executing on peer R505:P2: UPDATE users SET name = ? WHERE id = ?
[2m2026-05-16T01:08:23.587102Z[0m [32m INFO[0m [2mdashboard_server[0m[2m:[0m Executing on peer R505:P3: INSERT INTO users (id, email, name) VALUES (?, ?, ?)
[2m2026-05-16T01:08:23.596467Z[0m [32m INFO[0m [2mdashboard_server[0m[2m:[0m Executing on peer R505:P2: INSERT INTO users (id, email, name) VALUES (?, ?, ?)
[2m2026-05-16T01:08:23.606079Z[0m [32m INFO[0m [2mdashboard_server[0m[2m:[0m Sync request: R505:P0 -> R505:P2
[2m2026-05-16T01:08:23.617493Z[0m [32m INFO[0m [2mdashboard_server[0m[2m:[0m Executing on peer R505:P2: INSERT INTO users (id, email, name) VALUES (?, ?, ?)
[2m2026-05-16T01:08:23.627322Z[0m [32m INFO[0m [2mdashboard_server[0m[2m:[0m Executing on peer R505:P1: INSERT INTO users (id, email, name) VALUES (?, ?, ?)
[2m2026-05-16T01:08:23.636608Z[0m [32m INFO[0m [2mdashboard_server[0m[2m:[0m Executing on peer R505:P1: INSERT INTO users (id, email, name) VALUES (?, ?, ?)
[2m2026-05-16T01:08:23.645553Z[0m [32m INFO[0m [2mdashboard_server[0m[2m:[0m Executing on peer R505:P0: UPDATE users SET name = ? WHERE id = ?
[2m2026-05-16T01:08:23.656059Z[0m [32m INFO[0m [2mdashboard_server[0m[2m:[0m Executing on peer R505:P3: UPDATE users SET name = ? WHERE id = ?
[2m2026-05-16T01:08:23.666169Z[0m [32m INFO[0m [2mdashboard_server[0m[2m:[0m Executing on peer R505:P1: INSERT INTO users (id, email, name) VALUES (?, ?, ?)
[2m2026-05-16T01:08:23.676587Z[0m [32m INFO[0m [2mdashboard_server[0m[2m:[0m Executing on peer R505:P0: UPDATE users SET email = ? WHERE id = ?
[2m2026-05-16T01:08:23.685868Z[0m [32m INFO[0m [2mdashboard_server[0m[2m:[0m Sync request: R505:P3 -> R505:P2
[2m2026-05-16T01:08:23.697518Z[0m [32m INFO[0m [2mdashboard_server[0m[2m:[0m Executing on peer R505:P3: INSERT INTO users (id, email, name) VALUES (?, ?, ?)
[2m2026-05-16T01:08:23.707278Z[0m [32m INFO[0m [2mdashboard_server[0m[2m:[0m Sync request: R505:P3 -> R505:P0
[2m2026-05-16T01:08:23.718503Z[0m [32m INFO[0m [2mdashboard_server[0m[2m:[0m Executing on peer R505:P1: INSERT INTO users (id, email, name) VALUES (?, ?, ?)
[2m2026-05-16T01:08:23.729457Z[0m [32m INFO[0m [2mdashboard_server[0m[2m:[0m Executing on peer R505:P0: INSERT INTO users (id, email, name) VALUES (?, ?, ?)
[2m2026-05-16T01:08:23.738821Z[0m [32m INFO[0m [2mdashboard_server[0m[2m:[0m Executing on peer R505:P2: UPDATE users SET name = ? WHERE id = ?
[2m2026-05-16T01:08:23.749584Z[0m [32m INFO[0m [2mdashboard_server[0m[2m:[0m Executing on peer R505:P0: UPDATE users SET email = ? WHERE id = ?
[2m2026-05-16T01:08:23.759541Z[0m [32m INFO[0m [2mdashboard_server[0m[2m:[0m Executing on peer R505:P3: INSERT INTO users (id, email, name) VALUES (?, ?, ?)
[2m2026-05-16T01:08:23.769714Z[0m [32m INFO[0m [2mdashboard_server[0m[2m:[0m Executing on peer R505:P0: INSERT INTO users (id, email, name) VALUES (?, ?, ?)
[2m2026-05-16T01:08:23.780662Z[0m [32m INFO[0m [2mdashboard_server[0m[2m:[0m Executing on peer R505:P1: INSERT INTO users (id, email, name) VALUES (?, ?, ?)
[2m2026-05-16T01:08:23.791405Z[0m [32m INFO[0m [2mdashboard_server[0m[2m:[0m Executing on peer R505:P0: INSERT INTO users (id, email, name) VALUES (?, ?, ?)
[2m2026-05-16T01:08:23.801295Z[0m [32m INFO[0m [2mdashboard_server[0m[2m:[0m Executing on peer R505:P0: INSERT INTO users (id, email, name) VALUES (?, ?, ?)
[2m2026-05-16T01:08:23.812474Z[0m [32m INFO[0m [2mdashboard_server[0m[2m:[0m Executing on peer R505:P1: INSERT INTO users (id, email, name) VALUES (?, ?, ?)
[2m2026-05-16T01:08:23.822779Z[0m [32m INFO[0m [2mdashboard_server[0m[2m:[0m Executing on peer R505:P0: INSERT INTO users (id, email, name) VALUES (?, ?, ?)
[2m2026-05-16T01:08:23.833525Z[0m [32m INFO[0m [2mdashboard_server[0m[2m:[0m Sync request: R505:P0 -> R505:P1
[2m2026-05-16T01:08:23.845725Z[0m [32m INFO[0m [2mdashboard_server[0m[2m:[0m Sync request: R505:P0 -> R505:P2
[2m2026-05-16T01:08:23.858535Z[0m [32m INFO[0m [2mdashboard_server[0m[2m:[0m Sync request: R505:P0 -> R505:P3
[2m2026-05-16T01:08:23.870793Z[0m [32m INFO[0m [2mdashboard_server[0m[2m:[0m Sync request: R505:P1 -> R505:P2
[2m2026-05-16T01:08:23.883152Z[0m [32m INFO[0m [2mdashboard_server[0m[2m:[0m Sync request: R505:P1 -> R505:P3
[2m2026-05-16T01:08:23.895172Z[0m [32m INFO[0m [2mdashboard_server[0m[2m:[0m Sync request: R505:P2 -> R505:P3
[2m2026-05-16T01:08:23.907828Z[0m [32m INFO[0m [2mdashboard_server[0m[2m:[0m Sync request: R505:P0 -> R505:P1
[2m2026-05-16T01:08:23.921612Z[0m [32m INFO[0m [2mdashboard_server[0m[2m:[0m Sync request: R505:P0 -> R505:P2
[2m2026-05-16T01:08:23.933830Z[0m [32m INFO[0m [2mdashboard_server[0m[2m:[0m Sync request: R505:P0 -> R505:P3
[2m2026-05-16T01:08:23.946367Z[0m [32m INFO[0m [2mdashboard_server[0m[2m:[0m Sync request: R505:P1 -> R505:P2
[2m2026-05-16T01:08:23.960382Z[0m [32m INFO[0m [2mdashboard_server[0m[2m:[0m Sync request: R505:P1 -> R505:P3
[2m2026-05-16T01:08:23.972621Z[0m [32m INFO[0m [2mdashboard_server[0m[2m:[0m Sync request: R505:P2 -> R505:P3
[2m2026-05-16T01:08:23.996404Z[0m [32m INFO[0m [2mdashboard_server[0m[2m:[0m Sync request: R505:P0 -> R505:P1
[2m2026-05-16T01:08:24.008452Z[0m [32m INFO[0m [2mdashboard_server[0m[2m:[0m Sync request: R505:P0 -> R505:P2
[2m2026-05-16T01:08:24.021561Z[0m [32m INFO[0m [2mdashboard_server[0m[2m:[0m Sync request: R505:P0 -> R505:P3
[2m2026-05-16T01:08:24.034654Z[0m [32m INFO[0m [2mdashboard_server[0m[2m:[0m Sync request: R505:P1 -> R505:P2
[2m2026-05-16T01:08:24.056912Z[0m [32m INFO[0m [2mdashboard_server[0m[2m:[0m Added peer R606:P0
[2m2026-05-16T01:08:24.058675Z[0m [32m INFO[0m [2mdashboard_server[0m[2m:[0m Applying schema to peer R606:P0: CREATE TABLE users (
         id    TEXT PRIMARY KEY,
         email TEXT NOT NULL UNIQUE,
         name  TEXT
       )
[2m2026-05-16T01:08:24.060143Z[0m [32m INFO[0m [2mdashboard_server[0m[2m:[0m Applying schema to peer R606:P0: CREATE TABLE orders (
         id          TEXT PRIMARY KEY,
         user_id     TEXT NOT NULL REFERENCES users(id) ON DELETE CASCADE,
         status      TEXT NOT NULL,
         total_cents INTEGER NOT NULL DEFAULT 0
       )
[2m2026-05-16T01:08:24.061721Z[0m [32m INFO[0m [2mdashboard_server[0m[2m:[0m Applying schema to peer R606:P0: CREATE INDEX orders_by_user ON orders(user_id, status)
[2m2026-05-16T01:08:24.063524Z[0m [32m INFO[0m [2mdashboard_server[0m[2m:[0m Added peer R606:P1
[2m2026-05-16T01:08:24.065211Z[0m [32m INFO[0m [2mdashboard_server[0m[2m:[0m Applying schema to peer R606:P1: CREATE TABLE users (
         id    TEXT PRIMARY KEY,
         email TEXT NOT NULL UNIQUE,
         name  TEXT
       )
[2m2026-05-16T01:08:24.066904Z[0m [32m INFO[0m [2mdashboard_server[0m[2m:[0m Applying schema to peer R606:P1: CREATE TABLE orders (
         id          TEXT PRIMARY KEY,
         user_id     TEXT NOT NULL REFERENCES users(id) ON DELETE CASCADE,
         status      TEXT NOT NULL,
         total_cents INTEGER NOT NULL DEFAULT 0
       )
[2m2026-05-16T01:08:24.068859Z[0m [32m INFO[0m [2mdashboard_server[0m[2m:[0m Applying schema to peer R606:P1: CREATE INDEX orders_by_user ON orders(user_id, status)
[2m2026-05-16T01:08:24.070689Z[0m [32m INFO[0m [2mdashboard_server[0m[2m:[0m Added peer R606:P2
[2m2026-05-16T01:08:24.072165Z[0m [32m INFO[0m [2mdashboard_server[0m[2m:[0m Applying schema to peer R606:P2: CREATE TABLE users (
         id    TEXT PRIMARY KEY,
         email TEXT NOT NULL UNIQUE,
         name  TEXT
       )
[2m2026-05-16T01:08:24.073608Z[0m [32m INFO[0m [2mdashboard_server[0m[2m:[0m Applying schema to peer R606:P2: CREATE TABLE orders (
         id          TEXT PRIMARY KEY,
         user_id     TEXT NOT NULL REFERENCES users(id) ON DELETE CASCADE,
         status      TEXT NOT NULL,
         total_cents INTEGER NOT NULL DEFAULT 0
       )
[2m2026-05-16T01:08:24.075241Z[0m [32m INFO[0m [2mdashboard_server[0m[2m:[0m Applying schema to peer R606:P2: CREATE INDEX orders_by_user ON orders(user_id, status)
[2m2026-05-16T01:08:24.076631Z[0m [32m INFO[0m [2mdashboard_server[0m[2m:[0m Added peer R606:P3
[2m2026-05-16T01:08:24.078109Z[0m [32m INFO[0m [2mdashboard_server[0m[2m:[0m Applying schema to peer R606:P3: CREATE TABLE users (
         id    TEXT PRIMARY KEY,
         email TEXT NOT NULL UNIQUE,
         name  TEXT
       )
[2m2026-05-16T01:08:24.079540Z[0m [32m INFO[0m [2mdashboard_server[0m[2m:[0m Applying schema to peer R606:P3: CREATE TABLE orders (
         id          TEXT PRIMARY KEY,
         user_id     TEXT NOT NULL REFERENCES users(id) ON DELETE CASCADE,
         status      TEXT NOT NULL,
         total_cents INTEGER NOT NULL DEFAULT 0
       )
[2m2026-05-16T01:08:24.080997Z[0m [32m INFO[0m [2mdashboard_server[0m[2m:[0m Applying schema to peer R606:P3: CREATE INDEX orders_by_user ON orders(user_id, status)
[2m2026-05-16T01:08:24.082445Z[0m [32m INFO[0m [2mdashboard_server[0m[2m:[0m Executing on peer R606:P0: INSERT INTO users (id, email, name) VALUES (?, ?, ?)
[2m2026-05-16T01:08:24.093803Z[0m [32m INFO[0m [2mdashboard_server[0m[2m:[0m Executing on peer R606:P3: INSERT INTO users (id, email, name) VALUES (?, ?, ?)
[2m2026-05-16T01:08:24.104178Z[0m [32m INFO[0m [2mdashboard_server[0m[2m:[0m Sync request: R606:P2 -> R606:P1
[2m2026-05-16T01:08:24.114767Z[0m [32m INFO[0m [2mdashboard_server[0m[2m:[0m Executing on peer R606:P3: DELETE FROM users WHERE id = ?
[2m2026-05-16T01:08:24.125121Z[0m [32m INFO[0m [2mdashboard_server[0m[2m:[0m Executing on peer R606:P0: INSERT INTO users (id, email, name) VALUES (?, ?, ?)
[2m2026-05-16T01:08:24.136389Z[0m [32m INFO[0m [2mdashboard_server[0m[2m:[0m Executing on peer R606:P2: INSERT INTO users (id, email, name) VALUES (?, ?, ?)
[2m2026-05-16T01:08:24.146409Z[0m [32m INFO[0m [2mdashboard_server[0m[2m:[0m Executing on peer R606:P0: DELETE FROM users WHERE id = ?
[2m2026-05-16T01:08:24.156828Z[0m [32m INFO[0m [2mdashboard_server[0m[2m:[0m Executing on peer R606:P2: UPDATE users SET email = ? WHERE id = ?
[2m2026-05-16T01:08:24.168155Z[0m [32m INFO[0m [2mdashboard_server[0m[2m:[0m Executing on peer R606:P2: INSERT INTO users (id, email, name) VALUES (?, ?, ?)
[2m2026-05-16T01:08:24.178828Z[0m [32m INFO[0m [2mdashboard_server[0m[2m:[0m Sync request: R606:P0 -> R606:P2
[2m2026-05-16T01:08:24.191983Z[0m [32m INFO[0m [2mdashboard_server[0m[2m:[0m Executing on peer R606:P3: INSERT INTO users (id, email, name) VALUES (?, ?, ?)
[2m2026-05-16T01:08:24.202495Z[0m [32m INFO[0m [2mdashboard_server[0m[2m:[0m Sync request: R606:P0 -> R606:P1
[2m2026-05-16T01:08:24.213480Z[0m [32m INFO[0m [2mdashboard_server[0m[2m:[0m Sync request: R606:P0 -> R606:P2
[2m2026-05-16T01:08:24.224801Z[0m [32m INFO[0m [2mdashboard_server[0m[2m:[0m Sync request: R606:P2 -> R606:P1
[2m2026-05-16T01:08:24.236164Z[0m [32m INFO[0m [2mdashboard_server[0m[2m:[0m Sync request: R606:P3 -> R606:P2
[2m2026-05-16T01:08:24.246575Z[0m [32m INFO[0m [2mdashboard_server[0m[2m:[0m Executing on peer R606:P0: UPDATE users SET name = ? WHERE id = ?
[2m2026-05-16T01:08:24.256642Z[0m [32m INFO[0m [2mdashboard_server[0m[2m:[0m Executing on peer R606:P0: UPDATE users SET name = ? WHERE id = ?
[2m2026-05-16T01:08:24.267097Z[0m [32m INFO[0m [2mdashboard_server[0m[2m:[0m Executing on peer R606:P1: INSERT INTO users (id, email, name) VALUES (?, ?, ?)
[2m2026-05-16T01:08:24.277530Z[0m [32m INFO[0m [2mdashboard_server[0m[2m:[0m Executing on peer R606:P3: INSERT INTO users (id, email, name) VALUES (?, ?, ?)
[2m2026-05-16T01:08:24.287672Z[0m [32m INFO[0m [2mdashboard_server[0m[2m:[0m Executing on peer R606:P3: UPDATE users SET email = ? WHERE id = ?
[2m2026-05-16T01:08:24.298940Z[0m [32m INFO[0m [2mdashboard_server[0m[2m:[0m Executing on peer R606:P0: INSERT INTO users (id, email, name) VALUES (?, ?, ?)
[2m2026-05-16T01:08:24.309444Z[0m [32m INFO[0m [2mdashboard_server[0m[2m:[0m Executing on peer R606:P0: INSERT INTO users (id, email, name) VALUES (?, ?, ?)
[2m2026-05-16T01:08:24.320501Z[0m [32m INFO[0m [2mdashboard_server[0m[2m:[0m Executing on peer R606:P1: INSERT INTO users (id, email, name) VALUES (?, ?, ?)
[2m2026-05-16T01:08:24.330695Z[0m [32m INFO[0m [2mdashboard_server[0m[2m:[0m Sync request: R606:P3 -> R606:P0
[2m2026-05-16T01:08:24.342422Z[0m [32m INFO[0m [2mdashboard_server[0m[2m:[0m Executing on peer R606:P2: INSERT INTO users (id, email, name) VALUES (?, ?, ?)
[2m2026-05-16T01:08:24.353601Z[0m [32m INFO[0m [2mdashboard_server[0m[2m:[0m Executing on peer R606:P3: INSERT INTO users (id, email, name) VALUES (?, ?, ?)
[2m2026-05-16T01:08:24.365332Z[0m [32m INFO[0m [2mdashboard_server[0m[2m:[0m Executing on peer R606:P3: INSERT INTO users (id, email, name) VALUES (?, ?, ?)
[2m2026-05-16T01:08:24.375777Z[0m [32m INFO[0m [2mdashboard_server[0m[2m:[0m Executing on peer R606:P1: INSERT INTO users (id, email, name) VALUES (?, ?, ?)
[2m2026-05-16T01:08:24.386286Z[0m [32m INFO[0m [2mdashboard_server[0m[2m:[0m Sync request: R606:P3 -> R606:P1
[2m2026-05-16T01:08:24.398148Z[0m [32m INFO[0m [2mdashboard_server[0m[2m:[0m Executing on peer R606:P3: DELETE FROM users WHERE id = ?
[2m2026-05-16T01:08:24.409425Z[0m [32m INFO[0m [2mdashboard_server[0m[2m:[0m Executing on peer R606:P2: INSERT INTO users (id, email, name) VALUES (?, ?, ?)
[2m2026-05-16T01:08:24.419819Z[0m [32m INFO[0m [2mdashboard_server[0m[2m:[0m Executing on peer R606:P3: INSERT INTO users (id, email, name) VALUES (?, ?, ?)
[2m2026-05-16T01:08:24.430987Z[0m [32m INFO[0m [2mdashboard_server[0m[2m:[0m Executing on peer R606:P0: INSERT INTO users (id, email, name) VALUES (?, ?, ?)
[2m2026-05-16T01:08:24.442264Z[0m [32m INFO[0m [2mdashboard_server[0m[2m:[0m Sync request: R606:P0 -> R606:P3
[2m2026-05-16T01:08:24.454592Z[0m [32m INFO[0m [2mdashboard_server[0m[2m:[0m Sync request: R606:P2 -> R606:P3
[2m2026-05-16T01:08:24.466487Z[0m [32m INFO[0m [2mdashboard_server[0m[2m:[0m Executing on peer R606:P1: INSERT INTO users (id, email, name) VALUES (?, ?, ?)
[2m2026-05-16T01:08:24.477590Z[0m [32m INFO[0m [2mdashboard_server[0m[2m:[0m Executing on peer R606:P1: UPDATE users SET name = ? WHERE id = ?
[2m2026-05-16T01:08:24.488743Z[0m [32m INFO[0m [2mdashboard_server[0m[2m:[0m Executing on peer R606:P3: INSERT INTO users (id, email, name) VALUES (?, ?, ?)
[2m2026-05-16T01:08:24.500564Z[0m [32m INFO[0m [2mdashboard_server[0m[2m:[0m Executing on peer R606:P1: INSERT INTO users (id, email, name) VALUES (?, ?, ?)
[2m2026-05-16T01:08:24.511150Z[0m [32m INFO[0m [2mdashboard_server[0m[2m:[0m Executing on peer R606:P3: INSERT INTO users (id, email, name) VALUES (?, ?, ?)
[2m2026-05-16T01:08:24.522343Z[0m [32m INFO[0m [2mdashboard_server[0m[2m:[0m Executing on peer R606:P0: UPDATE users SET name = ? WHERE id = ?
[2m2026-05-16T01:08:24.534024Z[0m [32m INFO[0m [2mdashboard_server[0m[2m:[0m Executing on peer R606:P3: UPDATE users SET name = ? WHERE id = ?
[2m2026-05-16T01:08:24.545678Z[0m [32m INFO[0m [2mdashboard_server[0m[2m:[0m Executing on peer R606:P2: DELETE FROM users WHERE id = ?
[2m2026-05-16T01:08:24.557253Z[0m [32m INFO[0m [2mdashboard_server[0m[2m:[0m Executing on peer R606:P2: UPDATE users SET email = ? WHERE id = ?
[2m2026-05-16T01:08:24.568987Z[0m [32m INFO[0m [2mdashboard_server[0m[2m:[0m Executing on peer R606:P1: INSERT INTO users (id, email, name) VALUES (?, ?, ?)
[2m2026-05-16T01:08:24.580731Z[0m [32m INFO[0m [2mdashboard_server[0m[2m:[0m Executing on peer R606:P1: INSERT INTO users (id, email, name) VALUES (?, ?, ?)
[2m2026-05-16T01:08:24.594163Z[0m [32m INFO[0m [2mdashboard_server[0m[2m:[0m Executing on peer R606:P2: INSERT INTO users (id, email, name) VALUES (?, ?, ?)
[2m2026-05-16T01:08:24.605112Z[0m [32m INFO[0m [2mdashboard_server[0m[2m:[0m Executing on peer R606:P2: UPDATE users SET name = ? WHERE id = ?
[2m2026-05-16T01:08:24.616520Z[0m [32m INFO[0m [2mdashboard_server[0m[2m:[0m Executing on peer R606:P3: DELETE FROM users WHERE id = ?
[2m2026-05-16T01:08:24.628281Z[0m [32m INFO[0m [2mdashboard_server[0m[2m:[0m Executing on peer R606:P0: INSERT INTO users (id, email, name) VALUES (?, ?, ?)
[2m2026-05-16T01:08:24.638840Z[0m [32m INFO[0m [2mdashboard_server[0m[2m:[0m Executing on peer R606:P3: UPDATE users SET name = ? WHERE id = ?
[2m2026-05-16T01:08:24.650065Z[0m [32m INFO[0m [2mdashboard_server[0m[2m:[0m Executing on peer R606:P2: INSERT INTO users (id, email, name) VALUES (?, ?, ?)
[2m2026-05-16T01:08:24.661204Z[0m [32m INFO[0m [2mdashboard_server[0m[2m:[0m Sync request: R606:P2 -> R606:P3
[2m2026-05-16T01:08:24.674428Z[0m [32m INFO[0m [2mdashboard_server[0m[2m:[0m Executing on peer R606:P0: INSERT INTO users (id, email, name) VALUES (?, ?, ?)
[2m2026-05-16T01:08:24.686415Z[0m [32m INFO[0m [2mdashboard_server[0m[2m:[0m Executing on peer R606:P1: UPDATE users SET name = ? WHERE id = ?
[2m2026-05-16T01:08:24.697886Z[0m [32m INFO[0m [2mdashboard_server[0m[2m:[0m Executing on peer R606:P2: INSERT INTO users (id, email, name) VALUES (?, ?, ?)
[2m2026-05-16T01:08:24.711721Z[0m [32m INFO[0m [2mdashboard_server[0m[2m:[0m Executing on peer R606:P2: DELETE FROM users WHERE id = ?
[2m2026-05-16T01:08:24.722646Z[0m [32m INFO[0m [2mdashboard_server[0m[2m:[0m Executing on peer R606:P3: UPDATE users SET email = ? WHERE id = ?
[2m2026-05-16T01:08:24.733969Z[0m [32m INFO[0m [2mdashboard_server[0m[2m:[0m Sync request: R606:P3 -> R606:P0
[2m2026-05-16T01:08:24.746605Z[0m [32m INFO[0m [2mdashboard_server[0m[2m:[0m Executing on peer R606:P2: INSERT INTO users (id, email, name) VALUES (?, ?, ?)
[2m2026-05-16T01:08:24.759003Z[0m [32m INFO[0m [2mdashboard_server[0m[2m:[0m Sync request: R606:P2 -> R606:P1
[2m2026-05-16T01:08:24.772248Z[0m [32m INFO[0m [2mdashboard_server[0m[2m:[0m Executing on peer R606:P0: UPDATE users SET email = ? WHERE id = ?
[2m2026-05-16T01:08:24.784160Z[0m [32m INFO[0m [2mdashboard_server[0m[2m:[0m Executing on peer R606:P2: INSERT INTO users (id, email, name) VALUES (?, ?, ?)
[2m2026-05-16T01:08:24.796093Z[0m [32m INFO[0m [2mdashboard_server[0m[2m:[0m Executing on peer R606:P3: INSERT INTO users (id, email, name) VALUES (?, ?, ?)
[2m2026-05-16T01:08:24.808133Z[0m [32m INFO[0m [2mdashboard_server[0m[2m:[0m Executing on peer R606:P1: INSERT INTO users (id, email, name) VALUES (?, ?, ?)
[2m2026-05-16T01:08:24.820147Z[0m [32m INFO[0m [2mdashboard_server[0m[2m:[0m Executing on peer R606:P2: DELETE FROM users WHERE id = ?
[2m2026-05-16T01:08:24.831290Z[0m [32m INFO[0m [2mdashboard_server[0m[2m:[0m Executing on peer R606:P0: INSERT INTO users (id, email, name) VALUES (?, ?, ?)
[2m2026-05-16T01:08:24.859204Z[0m [32m INFO[0m [2mdashboard_server[0m[2m:[0m Executing on peer R606:P2: UPDATE users SET email = ? WHERE id = ?
[2m2026-05-16T01:08:24.870227Z[0m [32m INFO[0m [2mdashboard_server[0m[2m:[0m Executing on peer R606:P0: INSERT INTO users (id, email, name) VALUES (?, ?, ?)
[2m2026-05-16T01:08:24.882145Z[0m [32m INFO[0m [2mdashboard_server[0m[2m:[0m Executing on peer R606:P1: UPDATE users SET name = ? WHERE id = ?
[2m2026-05-16T01:08:24.893765Z[0m [32m INFO[0m [2mdashboard_server[0m[2m:[0m Executing on peer R606:P3: INSERT INTO users (id, email, name) VALUES (?, ?, ?)
[2m2026-05-16T01:08:24.905948Z[0m [32m INFO[0m [2mdashboard_server[0m[2m:[0m Executing on peer R606:P1: INSERT INTO users (id, email, name) VALUES (?, ?, ?)
[2m2026-05-16T01:08:24.917453Z[0m [32m INFO[0m [2mdashboard_server[0m[2m:[0m Sync request: R606:P3 -> R606:P0
[2m2026-05-16T01:08:24.930243Z[0m [32m INFO[0m [2mdashboard_server[0m[2m:[0m Executing on peer R606:P2: INSERT INTO users (id, email, name) VALUES (?, ?, ?)
[2m2026-05-16T01:08:24.942308Z[0m [32m INFO[0m [2mdashboard_server[0m[2m:[0m Executing on peer R606:P0: INSERT INTO users (id, email, name) VALUES (?, ?, ?)
[2m2026-05-16T01:08:24.954401Z[0m [32m INFO[0m [2mdashboard_server[0m[2m:[0m Executing on peer R606:P0: DELETE FROM users WHERE id = ?
[2m2026-05-16T01:08:24.967115Z[0m [32m INFO[0m [2mdashboard_server[0m[2m:[0m Executing on peer R606:P2: DELETE FROM users WHERE id = ?
[2m2026-05-16T01:08:24.979214Z[0m [32m INFO[0m [2mdashboard_server[0m[2m:[0m Executing on peer R606:P1: INSERT INTO users (id, email, name) VALUES (?, ?, ?)
[2m2026-05-16T01:08:24.991163Z[0m [32m INFO[0m [2mdashboard_server[0m[2m:[0m Executing on peer R606:P3: UPDATE users SET name = ? WHERE id = ?
[2m2026-05-16T01:08:25.003052Z[0m [32m INFO[0m [2mdashboard_server[0m[2m:[0m Executing on peer R606:P2: INSERT INTO users (id, email, name) VALUES (?, ?, ?)
[2m2026-05-16T01:08:25.014674Z[0m [32m INFO[0m [2mdashboard_server[0m[2m:[0m Sync request: R606:P0 -> R606:P1
[2m2026-05-16T01:08:25.028017Z[0m [32m INFO[0m [2mdashboard_server[0m[2m:[0m Sync request: R606:P0 -> R606:P2
[2m2026-05-16T01:08:25.042654Z[0m [32m INFO[0m [2mdashboard_server[0m[2m:[0m Sync request: R606:P0 -> R606:P3
[2m2026-05-16T01:08:25.058762Z[0m [32m INFO[0m [2mdashboard_server[0m[2m:[0m Sync request: R606:P1 -> R606:P2
[2m2026-05-16T01:08:25.071586Z[0m [32m INFO[0m [2mdashboard_server[0m[2m:[0m Sync request: R606:P1 -> R606:P3
[2m2026-05-16T01:08:25.086463Z[0m [32m INFO[0m [2mdashboard_server[0m[2m:[0m Sync request: R606:P2 -> R606:P3
[2m2026-05-16T01:08:25.101031Z[0m [32m INFO[0m [2mdashboard_server[0m[2m:[0m Sync request: R606:P0 -> R606:P1
[2m2026-05-16T01:08:25.115403Z[0m [32m INFO[0m [2mdashboard_server[0m[2m:[0m Sync request: R606:P0 -> R606:P2
[2m2026-05-16T01:08:25.129542Z[0m [32m INFO[0m [2mdashboard_server[0m[2m:[0m Sync request: R606:P0 -> R606:P3
[2m2026-05-16T01:08:25.142625Z[0m [32m INFO[0m [2mdashboard_server[0m[2m:[0m Sync request: R606:P1 -> R606:P2
[2m2026-05-16T01:08:25.156886Z[0m [32m INFO[0m [2mdashboard_server[0m[2m:[0m Sync request: R606:P1 -> R606:P3
[2m2026-05-16T01:08:25.171167Z[0m [32m INFO[0m [2mdashboard_server[0m[2m:[0m Sync request: R606:P2 -> R606:P3
[2m2026-05-16T01:08:25.196795Z[0m [32m INFO[0m [2mdashboard_server[0m[2m:[0m Sync request: R606:P0 -> R606:P1
[2m2026-05-16T01:08:25.210199Z[0m [32m INFO[0m [2mdashboard_server[0m[2m:[0m Sync request: R606:P0 -> R606:P2
[2m2026-05-16T01:08:25.222990Z[0m [32m INFO[0m [2mdashboard_server[0m[2m:[0m Sync request: R606:P0 -> R606:P3
[2m2026-05-16T01:08:25.236579Z[0m [32m INFO[0m [2mdashboard_server[0m[2m:[0m Sync request: R606:P1 -> R606:P2
[2m2026-05-16T01:08:25.260212Z[0m [32m INFO[0m [2mdashboard_server[0m[2m:[0m Added peer R707:P0
[2m2026-05-16T01:08:25.261989Z[0m [32m INFO[0m [2mdashboard_server[0m[2m:[0m Applying schema to peer R707:P0: CREATE TABLE users (
         id    TEXT PRIMARY KEY,
         email TEXT NOT NULL UNIQUE,
         name  TEXT
       )
[2m2026-05-16T01:08:25.263703Z[0m [32m INFO[0m [2mdashboard_server[0m[2m:[0m Applying schema to peer R707:P0: CREATE TABLE orders (
         id          TEXT PRIMARY KEY,
         user_id     TEXT NOT NULL REFERENCES users(id) ON DELETE CASCADE,
         status      TEXT NOT NULL,
         total_cents INTEGER NOT NULL DEFAULT 0
       )
[2m2026-05-16T01:08:25.265545Z[0m [32m INFO[0m [2mdashboard_server[0m[2m:[0m Applying schema to peer R707:P0: CREATE INDEX orders_by_user ON orders(user_id, status)
[2m2026-05-16T01:08:25.268110Z[0m [32m INFO[0m [2mdashboard_server[0m[2m:[0m Added peer R707:P1
[2m2026-05-16T01:08:25.269565Z[0m [32m INFO[0m [2mdashboard_server[0m[2m:[0m Applying schema to peer R707:P1: CREATE TABLE users (
         id    TEXT PRIMARY KEY,
         email TEXT NOT NULL UNIQUE,
         name  TEXT
       )
[2m2026-05-16T01:08:25.270953Z[0m [32m INFO[0m [2mdashboard_server[0m[2m:[0m Applying schema to peer R707:P1: CREATE TABLE orders (
         id          TEXT PRIMARY KEY,
         user_id     TEXT NOT NULL REFERENCES users(id) ON DELETE CASCADE,
         status      TEXT NOT NULL,
         total_cents INTEGER NOT NULL DEFAULT 0
       )
[2m2026-05-16T01:08:25.272469Z[0m [32m INFO[0m [2mdashboard_server[0m[2m:[0m Applying schema to peer R707:P1: CREATE INDEX orders_by_user ON orders(user_id, status)
[2m2026-05-16T01:08:25.274404Z[0m [32m INFO[0m [2mdashboard_server[0m[2m:[0m Added peer R707:P2
[2m2026-05-16T01:08:25.276062Z[0m [32m INFO[0m [2mdashboard_server[0m[2m:[0m Applying schema to peer R707:P2: CREATE TABLE users (
         id    TEXT PRIMARY KEY,
         email TEXT NOT NULL UNIQUE,
         name  TEXT
       )
[2m2026-05-16T01:08:25.277084Z[0m [32m INFO[0m [2mdashboard_server[0m[2m:[0m Applying schema to peer R707:P2: CREATE TABLE orders (
         id          TEXT PRIMARY KEY,
         user_id     TEXT NOT NULL REFERENCES users(id) ON DELETE CASCADE,
         status      TEXT NOT NULL,
         total_cents INTEGER NOT NULL DEFAULT 0
       )
[2m2026-05-16T01:08:25.277882Z[0m [32m INFO[0m [2mdashboard_server[0m[2m:[0m Applying schema to peer R707:P2: CREATE INDEX orders_by_user ON orders(user_id, status)
[2m2026-05-16T01:08:25.278529Z[0m [32m INFO[0m [2mdashboard_server[0m[2m:[0m Added peer R707:P3
[2m2026-05-16T01:08:25.279113Z[0m [32m INFO[0m [2mdashboard_server[0m[2m:[0m Applying schema to peer R707:P3: CREATE TABLE users (
         id    TEXT PRIMARY KEY,
         email TEXT NOT NULL UNIQUE,
         name  TEXT
       )
[2m2026-05-16T01:08:25.279810Z[0m [32m INFO[0m [2mdashboard_server[0m[2m:[0m Applying schema to peer R707:P3: CREATE TABLE orders (
         id          TEXT PRIMARY KEY,
         user_id     TEXT NOT NULL REFERENCES users(id) ON DELETE CASCADE,
         status      TEXT NOT NULL,
         total_cents INTEGER NOT NULL DEFAULT 0
       )
[2m2026-05-16T01:08:25.280485Z[0m [32m INFO[0m [2mdashboard_server[0m[2m:[0m Applying schema to peer R707:P3: CREATE INDEX orders_by_user ON orders(user_id, status)
[2m2026-05-16T01:08:25.281073Z[0m [32m INFO[0m [2mdashboard_server[0m[2m:[0m Sync request: R707:P2 -> R707:P3
[2m2026-05-16T01:08:25.294640Z[0m [32m INFO[0m [2mdashboard_server[0m[2m:[0m Executing on peer R707:P3: INSERT INTO users (id, email, name) VALUES (?, ?, ?)
[2m2026-05-16T01:08:25.306067Z[0m [32m INFO[0m [2mdashboard_server[0m[2m:[0m Executing on peer R707:P2: INSERT INTO users (id, email, name) VALUES (?, ?, ?)
[2m2026-05-16T01:08:25.317652Z[0m [32m INFO[0m [2mdashboard_server[0m[2m:[0m Executing on peer R707:P3: DELETE FROM users WHERE id = ?
[2m2026-05-16T01:08:25.329507Z[0m [32m INFO[0m [2mdashboard_server[0m[2m:[0m Executing on peer R707:P3: INSERT INTO users (id, email, name) VALUES (?, ?, ?)
[2m2026-05-16T01:08:25.341019Z[0m [32m INFO[0m [2mdashboard_server[0m[2m:[0m Executing on peer R707:P3: UPDATE users SET name = ? WHERE id = ?
[2m2026-05-16T01:08:25.352795Z[0m [32m INFO[0m [2mdashboard_server[0m[2m:[0m Executing on peer R707:P3: DELETE FROM users WHERE id = ?
[2m2026-05-16T01:08:25.364826Z[0m [32m INFO[0m [2mdashboard_server[0m[2m:[0m Executing on peer R707:P1: INSERT INTO users (id, email, name) VALUES (?, ?, ?)
[2m2026-05-16T01:08:25.377952Z[0m [32m INFO[0m [2mdashboard_server[0m[2m:[0m Executing on peer R707:P0: INSERT INTO users (id, email, name) VALUES (?, ?, ?)
[2m2026-05-16T01:08:25.389412Z[0m [32m INFO[0m [2mdashboard_server[0m[2m:[0m Executing on peer R707:P3: INSERT INTO users (id, email, name) VALUES (?, ?, ?)
[2m2026-05-16T01:08:25.401647Z[0m [32m INFO[0m [2mdashboard_server[0m[2m:[0m Executing on peer R707:P1: INSERT INTO users (id, email, name) VALUES (?, ?, ?)
[2m2026-05-16T01:08:25.413943Z[0m [32m INFO[0m [2mdashboard_server[0m[2m:[0m Executing on peer R707:P0: INSERT INTO users (id, email, name) VALUES (?, ?, ?)
[2m2026-05-16T01:08:25.426675Z[0m [32m INFO[0m [2mdashboard_server[0m[2m:[0m Sync request: R707:P3 -> R707:P2
[2m2026-05-16T01:08:25.438837Z[0m [32m INFO[0m [2mdashboard_server[0m[2m:[0m Executing on peer R707:P0: INSERT INTO users (id, email, name) VALUES (?, ?, ?)
[2m2026-05-16T01:08:25.451128Z[0m [32m INFO[0m [2mdashboard_server[0m[2m:[0m Executing on peer R707:P0: UPDATE users SET name = ? WHERE id = ?
[2m2026-05-16T01:08:25.463670Z[0m [32m INFO[0m [2mdashboard_server[0m[2m:[0m Executing on peer R707:P2: UPDATE users SET name = ? WHERE id = ?
[2m2026-05-16T01:08:25.476677Z[0m [32m INFO[0m [2mdashboard_server[0m[2m:[0m Executing on peer R707:P2: INSERT INTO users (id, email, name) VALUES (?, ?, ?)
[2m2026-05-16T01:08:25.489117Z[0m [32m INFO[0m [2mdashboard_server[0m[2m:[0m Sync request: R707:P0 -> R707:P3
[2m2026-05-16T01:08:25.501593Z[0m [32m INFO[0m [2mdashboard_server[0m[2m:[0m Sync request: R707:P3 -> R707:P0
[2m2026-05-16T01:08:25.513607Z[0m [32m INFO[0m [2mdashboard_server[0m[2m:[0m Sync request: R707:P3 -> R707:P0
[2m2026-05-16T01:08:25.526187Z[0m [32m INFO[0m [2mdashboard_server[0m[2m:[0m Executing on peer R707:P2: UPDATE users SET name = ? WHERE id = ?
[2m2026-05-16T01:08:25.538645Z[0m [32m INFO[0m [2mdashboard_server[0m[2m:[0m Executing on peer R707:P2: UPDATE users SET name = ? WHERE id = ?
[2m2026-05-16T01:08:25.551831Z[0m [32m INFO[0m [2mdashboard_server[0m[2m:[0m Executing on peer R707:P2: UPDATE users SET name = ? WHERE id = ?
[2m2026-05-16T01:08:25.564442Z[0m [32m INFO[0m [2mdashboard_server[0m[2m:[0m Executing on peer R707:P2: UPDATE users SET email = ? WHERE id = ?
[2m2026-05-16T01:08:25.576365Z[0m [32m INFO[0m [2mdashboard_server[0m[2m:[0m Sync request: R707:P1 -> R707:P3
[2m2026-05-16T01:08:25.589093Z[0m [32m INFO[0m [2mdashboard_server[0m[2m:[0m Executing on peer R707:P1: INSERT INTO users (id, email, name) VALUES (?, ?, ?)
[2m2026-05-16T01:08:25.601571Z[0m [32m INFO[0m [2mdashboard_server[0m[2m:[0m Executing on peer R707:P0: INSERT INTO users (id, email, name) VALUES (?, ?, ?)
[2m2026-05-16T01:08:25.613889Z[0m [32m INFO[0m [2mdashboard_server[0m[2m:[0m Executing on peer R707:P3: INSERT INTO users (id, email, name) VALUES (?, ?, ?)
[2m2026-05-16T01:08:25.626474Z[0m [32m INFO[0m [2mdashboard_server[0m[2m:[0m Executing on peer R707:P2: INSERT INTO users (id, email, name) VALUES (?, ?, ?)
[2m2026-05-16T01:08:25.638296Z[0m [32m INFO[0m [2mdashboard_server[0m[2m:[0m Sync request: R707:P0 -> R707:P2
[2m2026-05-16T01:08:25.651476Z[0m [32m INFO[0m [2mdashboard_server[0m[2m:[0m Executing on peer R707:P0: DELETE FROM users WHERE id = ?
[2m2026-05-16T01:08:25.663710Z[0m [32m INFO[0m [2mdashboard_server[0m[2m:[0m Executing on peer R707:P1: INSERT INTO users (id, email, name) VALUES (?, ?, ?)
[2m2026-05-16T01:08:25.676146Z[0m [32m INFO[0m [2mdashboard_server[0m[2m:[0m Executing on peer R707:P3: INSERT INTO users (id, email, name) VALUES (?, ?, ?)
[2m2026-05-16T01:08:25.688581Z[0m [32m INFO[0m [2mdashboard_server[0m[2m:[0m Executing on peer R707:P1: INSERT INTO users (id, email, name) VALUES (?, ?, ?)
[2m2026-05-16T01:08:25.701358Z[0m [32m INFO[0m [2mdashboard_server[0m[2m:[0m Sync request: R707:P0 -> R707:P3
[2m2026-05-16T01:08:25.714743Z[0m [32m INFO[0m [2mdashboard_server[0m[2m:[0m Executing on peer R707:P0: INSERT INTO users (id, email, name) VALUES (?, ?, ?)
[2m2026-05-16T01:08:25.727880Z[0m [32m INFO[0m [2mdashboard_server[0m[2m:[0m Executing on peer R707:P2: INSERT INTO users (id, email, name) VALUES (?, ?, ?)
[2m2026-05-16T01:08:25.739925Z[0m [32m INFO[0m [2mdashboard_server[0m[2m:[0m Executing on peer R707:P3: INSERT INTO users (id, email, name) VALUES (?, ?, ?)
[2m2026-05-16T01:08:25.751706Z[0m [32m INFO[0m [2mdashboard_server[0m[2m:[0m Executing on peer R707:P2: INSERT INTO users (id, email, name) VALUES (?, ?, ?)
[2m2026-05-16T01:08:25.764089Z[0m [32m INFO[0m [2mdashboard_server[0m[2m:[0m Executing on peer R707:P0: UPDATE users SET name = ? WHERE id = ?
[2m2026-05-16T01:08:25.778354Z[0m [32m INFO[0m [2mdashboard_server[0m[2m:[0m Executing on peer R707:P3: INSERT INTO users (id, email, name) VALUES (?, ?, ?)
[2m2026-05-16T01:08:25.799600Z[0m [32m INFO[0m [2mdashboard_server[0m[2m:[0m Executing on peer R707:P1: INSERT INTO users (id, email, name) VALUES (?, ?, ?)
[2m2026-05-16T01:08:25.821446Z[0m [32m INFO[0m [2mdashboard_server[0m[2m:[0m Executing on peer R707:P1: INSERT INTO users (id, email, name) VALUES (?, ?, ?)
[2m2026-05-16T01:08:25.834344Z[0m [32m INFO[0m [2mdashboard_server[0m[2m:[0m Executing on peer R707:P3: INSERT INTO users (id, email, name) VALUES (?, ?, ?)
[2m2026-05-16T01:08:25.846562Z[0m [32m INFO[0m [2mdashboard_server[0m[2m:[0m Executing on peer R707:P3: INSERT INTO users (id, email, name) VALUES (?, ?, ?)
[2m2026-05-16T01:08:25.868489Z[0m [32m INFO[0m [2mdashboard_server[0m[2m:[0m Executing on peer R707:P3: INSERT INTO users (id, email, name) VALUES (?, ?, ?)
[2m2026-05-16T01:08:25.883038Z[0m [32m INFO[0m [2mdashboard_server[0m[2m:[0m Executing on peer R707:P3: DELETE FROM users WHERE id = ?
[2m2026-05-16T01:08:25.894637Z[0m [32m INFO[0m [2mdashboard_server[0m[2m:[0m Executing on peer R707:P2: UPDATE users SET name = ? WHERE id = ?
[2m2026-05-16T01:08:25.906522Z[0m [32m INFO[0m [2mdashboard_server[0m[2m:[0m Sync request: R707:P2 -> R707:P0
[2m2026-05-16T01:08:25.919007Z[0m [32m INFO[0m [2mdashboard_server[0m[2m:[0m Executing on peer R707:P0: INSERT INTO users (id, email, name) VALUES (?, ?, ?)
[2m2026-05-16T01:08:25.931572Z[0m [32m INFO[0m [2mdashboard_server[0m[2m:[0m Executing on peer R707:P3: INSERT INTO users (id, email, name) VALUES (?, ?, ?)
[2m2026-05-16T01:08:25.943356Z[0m [32m INFO[0m [2mdashboard_server[0m[2m:[0m Executing on peer R707:P3: INSERT INTO users (id, email, name) VALUES (?, ?, ?)
[2m2026-05-16T01:08:25.955686Z[0m [32m INFO[0m [2mdashboard_server[0m[2m:[0m Executing on peer R707:P3: UPDATE users SET email = ? WHERE id = ?
[2m2026-05-16T01:08:25.969099Z[0m [32m INFO[0m [2mdashboard_server[0m[2m:[0m Executing on peer R707:P3: DELETE FROM users WHERE id = ?
[2m2026-05-16T01:08:25.981108Z[0m [32m INFO[0m [2mdashboard_server[0m[2m:[0m Executing on peer R707:P0: UPDATE users SET name = ? WHERE id = ?
[2m2026-05-16T01:08:25.993232Z[0m [32m INFO[0m [2mdashboard_server[0m[2m:[0m Executing on peer R707:P2: INSERT INTO users (id, email, name) VALUES (?, ?, ?)
[2m2026-05-16T01:08:26.005157Z[0m [32m INFO[0m [2mdashboard_server[0m[2m:[0m Executing on peer R707:P3: DELETE FROM users WHERE id = ?
[2m2026-05-16T01:08:26.017684Z[0m [32m INFO[0m [2mdashboard_server[0m[2m:[0m Executing on peer R707:P1: INSERT INTO users (id, email, name) VALUES (?, ?, ?)
[2m2026-05-16T01:08:26.030830Z[0m [32m INFO[0m [2mdashboard_server[0m[2m:[0m Executing on peer R707:P0: UPDATE users SET email = ? WHERE id = ?
[2m2026-05-16T01:08:26.045663Z[0m [32m INFO[0m [2mdashboard_server[0m[2m:[0m Sync request: R707:P3 -> R707:P0
[2m2026-05-16T01:08:26.060419Z[0m [32m INFO[0m [2mdashboard_server[0m[2m:[0m Executing on peer R707:P3: INSERT INTO users (id, email, name) VALUES (?, ?, ?)
[2m2026-05-16T01:08:26.074460Z[0m [32m INFO[0m [2mdashboard_server[0m[2m:[0m Executing on peer R707:P2: UPDATE users SET name = ? WHERE id = ?
[2m2026-05-16T01:08:26.088414Z[0m [32m INFO[0m [2mdashboard_server[0m[2m:[0m Executing on peer R707:P1: UPDATE users SET email = ? WHERE id = ?
[2m2026-05-16T01:08:26.102723Z[0m [32m INFO[0m [2mdashboard_server[0m[2m:[0m Executing on peer R707:P2: UPDATE users SET email = ? WHERE id = ?
[2m2026-05-16T01:08:26.115784Z[0m [32m INFO[0m [2mdashboard_server[0m[2m:[0m Executing on peer R707:P2: INSERT INTO users (id, email, name) VALUES (?, ?, ?)
[2m2026-05-16T01:08:26.129156Z[0m [32m INFO[0m [2mdashboard_server[0m[2m:[0m Executing on peer R707:P3: DELETE FROM users WHERE id = ?
[2m2026-05-16T01:08:26.142290Z[0m [32m INFO[0m [2mdashboard_server[0m[2m:[0m Executing on peer R707:P0: INSERT INTO users (id, email, name) VALUES (?, ?, ?)
[2m2026-05-16T01:08:26.155211Z[0m [32m INFO[0m [2mdashboard_server[0m[2m:[0m Sync request: R707:P2 -> R707:P1
[2m2026-05-16T01:08:26.170622Z[0m [32m INFO[0m [2mdashboard_server[0m[2m:[0m Sync request: R707:P1 -> R707:P2
[2m2026-05-16T01:08:26.184195Z[0m [32m INFO[0m [2mdashboard_server[0m[2m:[0m Executing on peer R707:P1: UPDATE users SET name = ? WHERE id = ?
[2m2026-05-16T01:08:26.198000Z[0m [32m INFO[0m [2mdashboard_server[0m[2m:[0m Executing on peer R707:P0: INSERT INTO users (id, email, name) VALUES (?, ?, ?)
[2m2026-05-16T01:08:26.211471Z[0m [32m INFO[0m [2mdashboard_server[0m[2m:[0m Executing on peer R707:P3: INSERT INTO users (id, email, name) VALUES (?, ?, ?)
[2m2026-05-16T01:08:26.224596Z[0m [32m INFO[0m [2mdashboard_server[0m[2m:[0m Executing on peer R707:P3: INSERT INTO users (id, email, name) VALUES (?, ?, ?)
[2m2026-05-16T01:08:26.237853Z[0m [32m INFO[0m [2mdashboard_server[0m[2m:[0m Executing on peer R707:P2: INSERT INTO users (id, email, name) VALUES (?, ?, ?)
[2m2026-05-16T01:08:26.251256Z[0m [32m INFO[0m [2mdashboard_server[0m[2m:[0m Executing on peer R707:P0: INSERT INTO users (id, email, name) VALUES (?, ?, ?)
[2m2026-05-16T01:08:26.264398Z[0m [32m INFO[0m [2mdashboard_server[0m[2m:[0m Executing on peer R707:P0: DELETE FROM users WHERE id = ?
[2m2026-05-16T01:08:26.276855Z[0m [32m INFO[0m [2mdashboard_server[0m[2m:[0m Executing on peer R707:P1: INSERT INTO users (id, email, name) VALUES (?, ?, ?)
[2m2026-05-16T01:08:26.291535Z[0m [32m INFO[0m [2mdashboard_server[0m[2m:[0m Executing on peer R707:P3: DELETE FROM users WHERE id = ?
[2m2026-05-16T01:08:26.303743Z[0m [32m INFO[0m [2mdashboard_server[0m[2m:[0m Executing on peer R707:P2: INSERT INTO users (id, email, name) VALUES (?, ?, ?)
[2m2026-05-16T01:08:26.315962Z[0m [32m INFO[0m [2mdashboard_server[0m[2m:[0m Sync request: R707:P1 -> R707:P0
[2m2026-05-16T01:08:26.331007Z[0m [32m INFO[0m [2mdashboard_server[0m[2m:[0m Sync request: R707:P0 -> R707:P1
[2m2026-05-16T01:08:26.344481Z[0m [32m INFO[0m [2mdashboard_server[0m[2m:[0m Sync request: R707:P0 -> R707:P2
[2m2026-05-16T01:08:26.359075Z[0m [32m INFO[0m [2mdashboard_server[0m[2m:[0m Sync request: R707:P0 -> R707:P3
[2m2026-05-16T01:08:26.375315Z[0m [32m INFO[0m [2mdashboard_server[0m[2m:[0m Sync request: R707:P1 -> R707:P2
[2m2026-05-16T01:08:26.390119Z[0m [32m INFO[0m [2mdashboard_server[0m[2m:[0m Sync request: R707:P1 -> R707:P3
[2m2026-05-16T01:08:26.404803Z[0m [32m INFO[0m [2mdashboard_server[0m[2m:[0m Sync request: R707:P2 -> R707:P3
[2m2026-05-16T01:08:26.423628Z[0m [32m INFO[0m [2mdashboard_server[0m[2m:[0m Sync request: R707:P0 -> R707:P1
[2m2026-05-16T01:08:26.440732Z[0m [32m INFO[0m [2mdashboard_server[0m[2m:[0m Sync request: R707:P0 -> R707:P2
[2m2026-05-16T01:08:26.457020Z[0m [32m INFO[0m [2mdashboard_server[0m[2m:[0m Sync request: R707:P0 -> R707:P3
[2m2026-05-16T01:08:26.473251Z[0m [32m INFO[0m [2mdashboard_server[0m[2m:[0m Sync request: R707:P1 -> R707:P2
[2m2026-05-16T01:08:26.488458Z[0m [32m INFO[0m [2mdashboard_server[0m[2m:[0m Sync request: R707:P1 -> R707:P3
[2m2026-05-16T01:08:26.507228Z[0m [32m INFO[0m [2mdashboard_server[0m[2m:[0m Sync request: R707:P2 -> R707:P3
[2m2026-05-16T01:08:26.536812Z[0m [32m INFO[0m [2mdashboard_server[0m[2m:[0m Sync request: R707:P0 -> R707:P1
[2m2026-05-16T01:08:26.552625Z[0m [32m INFO[0m [2mdashboard_server[0m[2m:[0m Sync request: R707:P0 -> R707:P2
[2m2026-05-16T01:08:26.567964Z[0m [32m INFO[0m [2mdashboard_server[0m[2m:[0m Sync request: R707:P0 -> R707:P3
[2m2026-05-16T01:08:26.583906Z[0m [32m INFO[0m [2mdashboard_server[0m[2m:[0m Sync request: R707:P1 -> R707:P2
[2m2026-05-16T01:08:26.610127Z[0m [32m INFO[0m [2mdashboard_server[0m[2m:[0m Added peer R808:P0
[2m2026-05-16T01:08:26.611984Z[0m [32m INFO[0m [2mdashboard_server[0m[2m:[0m Applying schema to peer R808:P0: CREATE TABLE users (
         id    TEXT PRIMARY KEY,
         email TEXT NOT NULL UNIQUE,
         name  TEXT
       )
[2m2026-05-16T01:08:26.614264Z[0m [32m INFO[0m [2mdashboard_server[0m[2m:[0m Applying schema to peer R808:P0: CREATE TABLE orders (
         id          TEXT PRIMARY KEY,
         user_id     TEXT NOT NULL REFERENCES users(id) ON DELETE CASCADE,
         status      TEXT NOT NULL,
         total_cents INTEGER NOT NULL DEFAULT 0
       )
[2m2026-05-16T01:08:26.616385Z[0m [32m INFO[0m [2mdashboard_server[0m[2m:[0m Applying schema to peer R808:P0: CREATE INDEX orders_by_user ON orders(user_id, status)
[2m2026-05-16T01:08:26.619359Z[0m [32m INFO[0m [2mdashboard_server[0m[2m:[0m Added peer R808:P1
[2m2026-05-16T01:08:26.621519Z[0m [32m INFO[0m [2mdashboard_server[0m[2m:[0m Applying schema to peer R808:P1: CREATE TABLE users (
         id    TEXT PRIMARY KEY,
         email TEXT NOT NULL UNIQUE,
         name  TEXT
       )
[2m2026-05-16T01:08:26.624116Z[0m [32m INFO[0m [2mdashboard_server[0m[2m:[0m Applying schema to peer R808:P1: CREATE TABLE orders (
         id          TEXT PRIMARY KEY,
         user_id     TEXT NOT NULL REFERENCES users(id) ON DELETE CASCADE,
         status      TEXT NOT NULL,
         total_cents INTEGER NOT NULL DEFAULT 0
       )
[2m2026-05-16T01:08:26.626155Z[0m [32m INFO[0m [2mdashboard_server[0m[2m:[0m Applying schema to peer R808:P1: CREATE INDEX orders_by_user ON orders(user_id, status)
[2m2026-05-16T01:08:26.627753Z[0m [32m INFO[0m [2mdashboard_server[0m[2m:[0m Added peer R808:P2
[2m2026-05-16T01:08:26.629326Z[0m [32m INFO[0m [2mdashboard_server[0m[2m:[0m Applying schema to peer R808:P2: CREATE TABLE users (
         id    TEXT PRIMARY KEY,
         email TEXT NOT NULL UNIQUE,
         name  TEXT
       )
[2m2026-05-16T01:08:26.631101Z[0m [32m INFO[0m [2mdashboard_server[0m[2m:[0m Applying schema to peer R808:P2: CREATE TABLE orders (
         id          TEXT PRIMARY KEY,
         user_id     TEXT NOT NULL REFERENCES users(id) ON DELETE CASCADE,
         status      TEXT NOT NULL,
         total_cents INTEGER NOT NULL DEFAULT 0
       )
[2m2026-05-16T01:08:26.632686Z[0m [32m INFO[0m [2mdashboard_server[0m[2m:[0m Applying schema to peer R808:P2: CREATE INDEX orders_by_user ON orders(user_id, status)
[2m2026-05-16T01:08:26.634431Z[0m [32m INFO[0m [2mdashboard_server[0m[2m:[0m Added peer R808:P3
[2m2026-05-16T01:08:26.635550Z[0m [32m INFO[0m [2mdashboard_server[0m[2m:[0m Applying schema to peer R808:P3: CREATE TABLE users (
         id    TEXT PRIMARY KEY,
         email TEXT NOT NULL UNIQUE,
         name  TEXT
       )
[2m2026-05-16T01:08:26.636314Z[0m [32m INFO[0m [2mdashboard_server[0m[2m:[0m Applying schema to peer R808:P3: CREATE TABLE orders (
         id          TEXT PRIMARY KEY,
         user_id     TEXT NOT NULL REFERENCES users(id) ON DELETE CASCADE,
         status      TEXT NOT NULL,
         total_cents INTEGER NOT NULL DEFAULT 0
       )
[2m2026-05-16T01:08:26.637173Z[0m [32m INFO[0m [2mdashboard_server[0m[2m:[0m Applying schema to peer R808:P3: CREATE INDEX orders_by_user ON orders(user_id, status)
[2m2026-05-16T01:08:26.638241Z[0m [32m INFO[0m [2mdashboard_server[0m[2m:[0m Executing on peer R808:P2: INSERT INTO users (id, email, name) VALUES (?, ?, ?)
[2m2026-05-16T01:08:26.652750Z[0m [32m INFO[0m [2mdashboard_server[0m[2m:[0m Executing on peer R808:P2: UPDATE users SET email = ? WHERE id = ?
[2m2026-05-16T01:08:26.668432Z[0m [32m INFO[0m [2mdashboard_server[0m[2m:[0m Executing on peer R808:P0: INSERT INTO users (id, email, name) VALUES (?, ?, ?)
[2m2026-05-16T01:08:26.681584Z[0m [32m INFO[0m [2mdashboard_server[0m[2m:[0m Executing on peer R808:P1: INSERT INTO users (id, email, name) VALUES (?, ?, ?)
[2m2026-05-16T01:08:26.694478Z[0m [32m INFO[0m [2mdashboard_server[0m[2m:[0m Executing on peer R808:P0: DELETE FROM users WHERE id = ?
[2m2026-05-16T01:08:26.709126Z[0m [32m INFO[0m [2mdashboard_server[0m[2m:[0m Executing on peer R808:P1: INSERT INTO users (id, email, name) VALUES (?, ?, ?)
[2m2026-05-16T01:08:26.722051Z[0m [32m INFO[0m [2mdashboard_server[0m[2m:[0m Executing on peer R808:P3: INSERT INTO users (id, email, name) VALUES (?, ?, ?)
[2m2026-05-16T01:08:26.735444Z[0m [32m INFO[0m [2mdashboard_server[0m[2m:[0m Sync request: R808:P3 -> R808:P2
[2m2026-05-16T01:08:26.749719Z[0m [32m INFO[0m [2mdashboard_server[0m[2m:[0m Executing on peer R808:P0: INSERT INTO users (id, email, name) VALUES (?, ?, ?)
[2m2026-05-16T01:08:26.763457Z[0m [32m INFO[0m [2mdashboard_server[0m[2m:[0m Executing on peer R808:P3: INSERT INTO users (id, email, name) VALUES (?, ?, ?)
[2m2026-05-16T01:08:26.778118Z[0m [32m INFO[0m [2mdashboard_server[0m[2m:[0m Executing on peer R808:P0: INSERT INTO users (id, email, name) VALUES (?, ?, ?)
[2m2026-05-16T01:08:26.792618Z[0m [32m INFO[0m [2mdashboard_server[0m[2m:[0m Sync request: R808:P1 -> R808:P2
[2m2026-05-16T01:08:26.805796Z[0m [32m INFO[0m [2mdashboard_server[0m[2m:[0m Executing on peer R808:P1: UPDATE users SET email = ? WHERE id = ?
[2m2026-05-16T01:08:26.818480Z[0m [32m INFO[0m [2mdashboard_server[0m[2m:[0m Executing on peer R808:P2: INSERT INTO users (id, email, name) VALUES (?, ?, ?)
[2m2026-05-16T01:08:26.832361Z[0m [32m INFO[0m [2mdashboard_server[0m[2m:[0m Executing on peer R808:P2: INSERT INTO users (id, email, name) VALUES (?, ?, ?)
[2m2026-05-16T01:08:26.866820Z[0m [32m INFO[0m [2mdashboard_server[0m[2m:[0m Executing on peer R808:P0: INSERT INTO users (id, email, name) VALUES (?, ?, ?)
[2m2026-05-16T01:08:26.881013Z[0m [32m INFO[0m [2mdashboard_server[0m[2m:[0m Sync request: R808:P2 -> R808:P3
[2m2026-05-16T01:08:26.894720Z[0m [32m INFO[0m [2mdashboard_server[0m[2m:[0m Executing on peer R808:P2: UPDATE users SET email = ? WHERE id = ?
[2m2026-05-16T01:08:26.907720Z[0m [32m INFO[0m [2mdashboard_server[0m[2m:[0m Sync request: R808:P1 -> R808:P0
[2m2026-05-16T01:08:26.920934Z[0m [32m INFO[0m [2mdashboard_server[0m[2m:[0m Executing on peer R808:P0: INSERT INTO users (id, email, name) VALUES (?, ?, ?)
[2m2026-05-16T01:08:26.935130Z[0m [32m INFO[0m [2mdashboard_server[0m[2m:[0m Executing on peer R808:P1: INSERT INTO users (id, email, name) VALUES (?, ?, ?)
[2m2026-05-16T01:08:26.949597Z[0m [32m INFO[0m [2mdashboard_server[0m[2m:[0m Sync request: R808:P3 -> R808:P2
[2m2026-05-16T01:08:26.963310Z[0m [32m INFO[0m [2mdashboard_server[0m[2m:[0m Executing on peer R808:P2: DELETE FROM users WHERE id = ?
[2m2026-05-16T01:08:26.977509Z[0m [32m INFO[0m [2mdashboard_server[0m[2m:[0m Executing on peer R808:P0: UPDATE users SET email = ? WHERE id = ?
[2m2026-05-16T01:08:26.992211Z[0m [32m INFO[0m [2mdashboard_server[0m[2m:[0m Executing on peer R808:P3: INSERT INTO users (id, email, name) VALUES (?, ?, ?)
[2m2026-05-16T01:08:27.006484Z[0m [32m INFO[0m [2mdashboard_server[0m[2m:[0m Sync request: R808:P0 -> R808:P2
[2m2026-05-16T01:08:27.022160Z[0m [32m INFO[0m [2mdashboard_server[0m[2m:[0m Executing on peer R808:P0: INSERT INTO users (id, email, name) VALUES (?, ?, ?)
[2m2026-05-16T01:08:27.036805Z[0m [32m INFO[0m [2mdashboard_server[0m[2m:[0m Executing on peer R808:P0: INSERT INTO users (id, email, name) VALUES (?, ?, ?)
[2m2026-05-16T01:08:27.050220Z[0m [32m INFO[0m [2mdashboard_server[0m[2m:[0m Sync request: R808:P3 -> R808:P0
[2m2026-05-16T01:08:27.066153Z[0m [32m INFO[0m [2mdashboard_server[0m[2m:[0m Executing on peer R808:P3: INSERT INTO users (id, email, name) VALUES (?, ?, ?)
[2m2026-05-16T01:08:27.080397Z[0m [32m INFO[0m [2mdashboard_server[0m[2m:[0m Executing on peer R808:P3: INSERT INTO users (id, email, name) VALUES (?, ?, ?)
[2m2026-05-16T01:08:27.094019Z[0m [32m INFO[0m [2mdashboard_server[0m[2m:[0m Sync request: R808:P1 -> R808:P3
[2m2026-05-16T01:08:27.110738Z[0m [32m INFO[0m [2mdashboard_server[0m[2m:[0m Sync request: R808:P2 -> R808:P3
[2m2026-05-16T01:08:27.125979Z[0m [32m INFO[0m [2mdashboard_server[0m[2m:[0m Executing on peer R808:P2: INSERT INTO users (id, email, name) VALUES (?, ?, ?)
[2m2026-05-16T01:08:27.140645Z[0m [32m INFO[0m [2mdashboard_server[0m[2m:[0m Executing on peer R808:P2: UPDATE users SET email = ? WHERE id = ?
[2m2026-05-16T01:08:27.155025Z[0m [32m INFO[0m [2mdashboard_server[0m[2m:[0m Executing on peer R808:P0: INSERT INTO users (id, email, name) VALUES (?, ?, ?)
[2m2026-05-16T01:08:27.169409Z[0m [32m INFO[0m [2mdashboard_server[0m[2m:[0m Executing on peer R808:P2: UPDATE users SET email = ? WHERE id = ?
[2m2026-05-16T01:08:27.183449Z[0m [32m INFO[0m [2mdashboard_server[0m[2m:[0m Sync request: R808:P0 -> R808:P2
[2m2026-05-16T01:08:27.199502Z[0m [32m INFO[0m [2mdashboard_server[0m[2m:[0m Executing on peer R808:P1: INSERT INTO users (id, email, name) VALUES (?, ?, ?)
[2m2026-05-16T01:08:27.212807Z[0m [32m INFO[0m [2mdashboard_server[0m[2m:[0m Executing on peer R808:P3: UPDATE users SET name = ? WHERE id = ?
[2m2026-05-16T01:08:27.228149Z[0m [32m INFO[0m [2mdashboard_server[0m[2m:[0m Executing on peer R808:P3: UPDATE users SET name = ? WHERE id = ?
[2m2026-05-16T01:08:27.245157Z[0m [32m INFO[0m [2mdashboard_server[0m[2m:[0m Sync request: R808:P1 -> R808:P3
[2m2026-05-16T01:08:27.263996Z[0m [32m INFO[0m [2mdashboard_server[0m[2m:[0m Executing on peer R808:P0: UPDATE users SET name = ? WHERE id = ?
[2m2026-05-16T01:08:27.279791Z[0m [32m INFO[0m [2mdashboard_server[0m[2m:[0m Sync request: R808:P1 -> R808:P0
[2m2026-05-16T01:08:27.300511Z[0m [32m INFO[0m [2mdashboard_server[0m[2m:[0m Executing on peer R808:P2: INSERT INTO users (id, email, name) VALUES (?, ?, ?)
[2m2026-05-16T01:08:27.318340Z[0m [32m INFO[0m [2mdashboard_server[0m[2m:[0m Sync request: R808:P0 -> R808:P3
[2m2026-05-16T01:08:27.338050Z[0m [32m INFO[0m [2mdashboard_server[0m[2m:[0m Executing on peer R808:P1: UPDATE users SET name = ? WHERE id = ?
[2m2026-05-16T01:08:27.360595Z[0m [32m INFO[0m [2mdashboard_server[0m[2m:[0m Executing on peer R808:P0: DELETE FROM users WHERE id = ?
[2m2026-05-16T01:08:27.418609Z[0m [32m INFO[0m [2mdashboard_server[0m[2m:[0m Executing on peer R808:P0: INSERT INTO users (id, email, name) VALUES (?, ?, ?)
[2m2026-05-16T01:08:27.442032Z[0m [32m INFO[0m [2mdashboard_server[0m[2m:[0m Executing on peer R808:P1: INSERT INTO users (id, email, name) VALUES (?, ?, ?)
[2m2026-05-16T01:08:27.457090Z[0m [32m INFO[0m [2mdashboard_server[0m[2m:[0m Executing on peer R808:P0: INSERT INTO users (id, email, name) VALUES (?, ?, ?)
[2m2026-05-16T01:08:27.472818Z[0m [32m INFO[0m [2mdashboard_server[0m[2m:[0m Executing on peer R808:P1: INSERT INTO users (id, email, name) VALUES (?, ?, ?)
[2m2026-05-16T01:08:27.489281Z[0m [32m INFO[0m [2mdashboard_server[0m[2m:[0m Executing on peer R808:P2: INSERT INTO users (id, email, name) VALUES (?, ?, ?)
[2m2026-05-16T01:08:27.507539Z[0m [32m INFO[0m [2mdashboard_server[0m[2m:[0m Executing on peer R808:P3: INSERT INTO users (id, email, name) VALUES (?, ?, ?)
[2m2026-05-16T01:08:27.523011Z[0m [32m INFO[0m [2mdashboard_server[0m[2m:[0m Executing on peer R808:P2: DELETE FROM users WHERE id = ?
[2m2026-05-16T01:08:27.538697Z[0m [32m INFO[0m [2mdashboard_server[0m[2m:[0m Executing on peer R808:P2: INSERT INTO users (id, email, name) VALUES (?, ?, ?)
[2m2026-05-16T01:08:27.554628Z[0m [32m INFO[0m [2mdashboard_server[0m[2m:[0m Executing on peer R808:P0: INSERT INTO users (id, email, name) VALUES (?, ?, ?)
[2m2026-05-16T01:08:27.570605Z[0m [32m INFO[0m [2mdashboard_server[0m[2m:[0m Executing on peer R808:P2: INSERT INTO users (id, email, name) VALUES (?, ?, ?)
[2m2026-05-16T01:08:27.586493Z[0m [32m INFO[0m [2mdashboard_server[0m[2m:[0m Executing on peer R808:P0: UPDATE users SET name = ? WHERE id = ?
[2m2026-05-16T01:08:27.601608Z[0m [32m INFO[0m [2mdashboard_server[0m[2m:[0m Executing on peer R808:P0: INSERT INTO users (id, email, name) VALUES (?, ?, ?)
[2m2026-05-16T01:08:27.617315Z[0m [32m INFO[0m [2mdashboard_server[0m[2m:[0m Sync request: R808:P1 -> R808:P3
[2m2026-05-16T01:08:27.637135Z[0m [32m INFO[0m [2mdashboard_server[0m[2m:[0m Executing on peer R808:P0: UPDATE users SET email = ? WHERE id = ?
[2m2026-05-16T01:08:27.654872Z[0m [32m INFO[0m [2mdashboard_server[0m[2m:[0m Executing on peer R808:P2: INSERT INTO users (id, email, name) VALUES (?, ?, ?)
[2m2026-05-16T01:08:27.672289Z[0m [32m INFO[0m [2mdashboard_server[0m[2m:[0m Executing on peer R808:P1: DELETE FROM users WHERE id = ?
[2m2026-05-16T01:08:27.689496Z[0m [32m INFO[0m [2mdashboard_server[0m[2m:[0m Executing on peer R808:P1: INSERT INTO users (id, email, name) VALUES (?, ?, ?)
[2m2026-05-16T01:08:27.705416Z[0m [32m INFO[0m [2mdashboard_server[0m[2m:[0m Executing on peer R808:P2: INSERT INTO users (id, email, name) VALUES (?, ?, ?)
[2m2026-05-16T01:08:27.721316Z[0m [32m INFO[0m [2mdashboard_server[0m[2m:[0m Sync request: R808:P1 -> R808:P3
[2m2026-05-16T01:08:27.738603Z[0m [32m INFO[0m [2mdashboard_server[0m[2m:[0m Sync request: R808:P2 -> R808:P3
[2m2026-05-16T01:08:27.756146Z[0m [32m INFO[0m [2mdashboard_server[0m[2m:[0m Executing on peer R808:P1: UPDATE users SET name = ? WHERE id = ?
[2m2026-05-16T01:08:27.772821Z[0m [32m INFO[0m [2mdashboard_server[0m[2m:[0m Executing on peer R808:P1: UPDATE users SET name = ? WHERE id = ?
[2m2026-05-16T01:08:27.793932Z[0m [32m INFO[0m [2mdashboard_server[0m[2m:[0m Executing on peer R808:P1: INSERT INTO users (id, email, name) VALUES (?, ?, ?)
[2m2026-05-16T01:08:27.814629Z[0m [32m INFO[0m [2mdashboard_server[0m[2m:[0m Sync request: R808:P1 -> R808:P0
[2m2026-05-16T01:08:27.832884Z[0m [32m INFO[0m [2mdashboard_server[0m[2m:[0m Executing on peer R808:P0: INSERT INTO users (id, email, name) VALUES (?, ?, ?)
[2m2026-05-16T01:08:27.848562Z[0m [32m INFO[0m [2mdashboard_server[0m[2m:[0m Executing on peer R808:P0: INSERT INTO users (id, email, name) VALUES (?, ?, ?)
[2m2026-05-16T01:08:27.864552Z[0m [32m INFO[0m [2mdashboard_server[0m[2m:[0m Executing on peer R808:P0: INSERT INTO users (id, email, name) VALUES (?, ?, ?)
[2m2026-05-16T01:08:27.880748Z[0m [32m INFO[0m [2mdashboard_server[0m[2m:[0m Executing on peer R808:P0: DELETE FROM users WHERE id = ?
[2m2026-05-16T01:08:27.896166Z[0m [32m INFO[0m [2mdashboard_server[0m[2m:[0m Sync request: R808:P1 -> R808:P3
[2m2026-05-16T01:08:27.913548Z[0m [32m INFO[0m [2mdashboard_server[0m[2m:[0m Executing on peer R808:P2: UPDATE users SET name = ? WHERE id = ?
[2m2026-05-16T01:08:27.930382Z[0m [32m INFO[0m [2mdashboard_server[0m[2m:[0m Executing on peer R808:P0: UPDATE users SET name = ? WHERE id = ?
[2m2026-05-16T01:08:27.945558Z[0m [32m INFO[0m [2mdashboard_server[0m[2m:[0m Sync request: R808:P3 -> R808:P1
[2m2026-05-16T01:08:27.961781Z[0m [32m INFO[0m [2mdashboard_server[0m[2m:[0m Sync request: R808:P0 -> R808:P1
[2m2026-05-16T01:08:27.978907Z[0m [32m INFO[0m [2mdashboard_server[0m[2m:[0m Sync request: R808:P0 -> R808:P2
[2m2026-05-16T01:08:27.996413Z[0m [32m INFO[0m [2mdashboard_server[0m[2m:[0m Sync request: R808:P0 -> R808:P3
[2m2026-05-16T01:08:28.013081Z[0m [32m INFO[0m [2mdashboard_server[0m[2m:[0m Sync request: R808:P1 -> R808:P2
[2m2026-05-16T01:08:28.030120Z[0m [32m INFO[0m [2mdashboard_server[0m[2m:[0m Sync request: R808:P1 -> R808:P3
[2m2026-05-16T01:08:28.046586Z[0m [32m INFO[0m [2mdashboard_server[0m[2m:[0m Sync request: R808:P2 -> R808:P3
[2m2026-05-16T01:08:28.063426Z[0m [32m INFO[0m [2mdashboard_server[0m[2m:[0m Sync request: R808:P0 -> R808:P1
[2m2026-05-16T01:08:28.079392Z[0m [32m INFO[0m [2mdashboard_server[0m[2m:[0m Sync request: R808:P0 -> R808:P2
[2m2026-05-16T01:08:28.094547Z[0m [32m INFO[0m [2mdashboard_server[0m[2m:[0m Sync request: R808:P0 -> R808:P3
[2m2026-05-16T01:08:28.110798Z[0m [32m INFO[0m [2mdashboard_server[0m[2m:[0m Sync request: R808:P1 -> R808:P2
[2m2026-05-16T01:08:28.126158Z[0m [32m INFO[0m [2mdashboard_server[0m[2m:[0m Sync request: R808:P1 -> R808:P3
[2m2026-05-16T01:08:28.142053Z[0m [32m INFO[0m [2mdashboard_server[0m[2m:[0m Sync request: R808:P2 -> R808:P3
[2m2026-05-16T01:08:28.169161Z[0m [32m INFO[0m [2mdashboard_server[0m[2m:[0m Sync request: R808:P0 -> R808:P1
[2m2026-05-16T01:08:28.185380Z[0m [32m INFO[0m [2mdashboard_server[0m[2m:[0m Sync request: R808:P0 -> R808:P2
[2m2026-05-16T01:08:28.202199Z[0m [32m INFO[0m [2mdashboard_server[0m[2m:[0m Sync request: R808:P0 -> R808:P3
[2m2026-05-16T01:08:28.219383Z[0m [32m INFO[0m [2mdashboard_server[0m[2m:[0m Sync request: R808:P1 -> R808:P2
[2m2026-05-16T01:08:28.241675Z[0m [32m INFO[0m [2mdashboard_server[0m[2m:[0m Added peer L3:composite_uniqueness:A
[2m2026-05-16T01:08:28.243510Z[0m [32m INFO[0m [2mdashboard_server[0m[2m:[0m Applying schema to peer L3:composite_uniqueness:A: CREATE TABLE memberships (
         id      TEXT PRIMARY KEY,
         user_id TEXT NOT NULL,
         team_id TEXT NOT NULL,
         role    TEXT NOT NULL,
         UNIQUE(user_id, team_id)
       )
[2m2026-05-16T01:08:28.244675Z[0m [32m INFO[0m [2mdashboard_server[0m[2m:[0m Applying schema to peer L3:composite_uniqueness:A: CREATE INDEX memberships_by_team ON memberships(team_id)
[2m2026-05-16T01:08:28.245536Z[0m [32m INFO[0m [2mdashboard_server[0m[2m:[0m Added peer L3:composite_uniqueness:B
[2m2026-05-16T01:08:28.246325Z[0m [32m INFO[0m [2mdashboard_server[0m[2m:[0m Applying schema to peer L3:composite_uniqueness:B: CREATE TABLE memberships (
         id      TEXT PRIMARY KEY,
         user_id TEXT NOT NULL,
         team_id TEXT NOT NULL,
         role    TEXT NOT NULL,
         UNIQUE(user_id, team_id)
       )
[2m2026-05-16T01:08:28.247074Z[0m [32m INFO[0m [2mdashboard_server[0m[2m:[0m Applying schema to peer L3:composite_uniqueness:B: CREATE INDEX memberships_by_team ON memberships(team_id)
[2m2026-05-16T01:08:28.247803Z[0m [32m INFO[0m [2mdashboard_server[0m[2m:[0m Added peer L3:composite_uniqueness:C
[2m2026-05-16T01:08:28.248387Z[0m [32m INFO[0m [2mdashboard_server[0m[2m:[0m Applying schema to peer L3:composite_uniqueness:C: CREATE TABLE memberships (
         id      TEXT PRIMARY KEY,
         user_id TEXT NOT NULL,
         team_id TEXT NOT NULL,
         role    TEXT NOT NULL,
         UNIQUE(user_id, team_id)
       )
[2m2026-05-16T01:08:28.249065Z[0m [32m INFO[0m [2mdashboard_server[0m[2m:[0m Applying schema to peer L3:composite_uniqueness:C: CREATE INDEX memberships_by_team ON memberships(team_id)
[2m2026-05-16T01:08:28.249682Z[0m [32m INFO[0m [2mdashboard_server[0m[2m:[0m Added peer L3:composite_uniqueness:D
[2m2026-05-16T01:08:28.250253Z[0m [32m INFO[0m [2mdashboard_server[0m[2m:[0m Applying schema to peer L3:composite_uniqueness:D: CREATE TABLE memberships (
         id      TEXT PRIMARY KEY,
         user_id TEXT NOT NULL,
         team_id TEXT NOT NULL,
         role    TEXT NOT NULL,
         UNIQUE(user_id, team_id)
       )
[2m2026-05-16T01:08:28.250950Z[0m [32m INFO[0m [2mdashboard_server[0m[2m:[0m Applying schema to peer L3:composite_uniqueness:D: CREATE INDEX memberships_by_team ON memberships(team_id)
[2m2026-05-16T01:08:28.251580Z[0m [32m INFO[0m [2mdashboard_server[0m[2m:[0m Executing on peer L3:composite_uniqueness:A: INSERT INTO memberships (id, user_id, team_id, role) VALUES (?, ?, ?, ?)
[2m2026-05-16T01:08:28.266434Z[0m [32m INFO[0m [2mdashboard_server[0m[2m:[0m Executing on peer L3:composite_uniqueness:B: INSERT INTO memberships (id, user_id, team_id, role) VALUES (?, ?, ?, ?)
[2m2026-05-16T01:08:28.280655Z[0m [32m INFO[0m [2mdashboard_server[0m[2m:[0m Executing on peer L3:composite_uniqueness:C: INSERT INTO memberships (id, user_id, team_id, role) VALUES (?, ?, ?, ?)
[2m2026-05-16T01:08:28.294859Z[0m [32m INFO[0m [2mdashboard_server[0m[2m:[0m Executing on peer L3:composite_uniqueness:D: INSERT INTO memberships (id, user_id, team_id, role) VALUES (?, ?, ?, ?)
[2m2026-05-16T01:08:28.309797Z[0m [32m INFO[0m [2mdashboard_server[0m[2m:[0m Executing on peer L3:composite_uniqueness:A: INSERT INTO memberships (id, user_id, team_id, role) VALUES (?, ?, ?, ?)
[2m2026-05-16T01:08:28.326481Z[0m [32m INFO[0m [2mdashboard_server[0m[2m:[0m Sync request: L3:composite_uniqueness:A -> L3:composite_uniqueness:B
[2m2026-05-16T01:08:28.341004Z[0m [32m INFO[0m [2mdashboard_server[0m[2m:[0m Executing on peer L3:composite_uniqueness:C: UPDATE memberships SET role = ? WHERE id = ?
[2m2026-05-16T01:08:28.356548Z[0m [32m INFO[0m [2mdashboard_server[0m[2m:[0m Executing on peer L3:composite_uniqueness:B: DELETE FROM memberships WHERE id = ?
[2m2026-05-16T01:08:28.371119Z[0m [32m INFO[0m [2mdashboard_server[0m[2m:[0m Sync request: L3:composite_uniqueness:A -> L3:composite_uniqueness:B
[2m2026-05-16T01:08:28.387275Z[0m [32m INFO[0m [2mdashboard_server[0m[2m:[0m Sync request: L3:composite_uniqueness:B -> L3:composite_uniqueness:C
[2m2026-05-16T01:08:28.402749Z[0m [32m INFO[0m [2mdashboard_server[0m[2m:[0m Sync request: L3:composite_uniqueness:C -> L3:composite_uniqueness:D
[2m2026-05-16T01:08:28.418319Z[0m [32m INFO[0m [2mdashboard_server[0m[2m:[0m Sync request: L3:composite_uniqueness:A -> L3:composite_uniqueness:C
[2m2026-05-16T01:08:28.433931Z[0m [32m INFO[0m [2mdashboard_server[0m[2m:[0m Sync request: L3:composite_uniqueness:B -> L3:composite_uniqueness:D
[2m2026-05-16T01:08:28.449226Z[0m [32m INFO[0m [2mdashboard_server[0m[2m:[0m Sync request: L3:composite_uniqueness:A -> L3:composite_uniqueness:D
[2m2026-05-16T01:08:28.464723Z[0m [32m INFO[0m [2mdashboard_server[0m[2m:[0m Sync request: L3:composite_uniqueness:A -> L3:composite_uniqueness:B
[2m2026-05-16T01:08:28.480536Z[0m [32m INFO[0m [2mdashboard_server[0m[2m:[0m Sync request: L3:composite_uniqueness:B -> L3:composite_uniqueness:C
[2m2026-05-16T01:08:28.496053Z[0m [32m INFO[0m [2mdashboard_server[0m[2m:[0m Sync request: L3:composite_uniqueness:C -> L3:composite_uniqueness:D
[2m2026-05-16T01:08:28.521440Z[0m [32m INFO[0m [2mdashboard_server[0m[2m:[0m Added peer L3:multi_level_fk:A
[2m2026-05-16T01:08:28.523096Z[0m [32m INFO[0m [2mdashboard_server[0m[2m:[0m Applying schema to peer L3:multi_level_fk:A: CREATE TABLE organizations (
         id   TEXT PRIMARY KEY,
         name TEXT NOT NULL
       )
[2m2026-05-16T01:08:28.524814Z[0m [32m INFO[0m [2mdashboard_server[0m[2m:[0m Applying schema to peer L3:multi_level_fk:A: CREATE TABLE users (
         id     TEXT PRIMARY KEY,
         org_id TEXT NOT NULL REFERENCES organizations(id) ON DELETE CASCADE,
         email  TEXT NOT NULL UNIQUE
       )
[2m2026-05-16T01:08:28.526512Z[0m [32m INFO[0m [2mdashboard_server[0m[2m:[0m Applying schema to peer L3:multi_level_fk:A: CREATE TABLE orders (
         id          TEXT PRIMARY KEY,
         user_id     TEXT NOT NULL REFERENCES users(id) ON DELETE CASCADE,
         status      TEXT NOT NULL,
         total_cents INTEGER NOT NULL DEFAULT 0
       )
[2m2026-05-16T01:08:28.528082Z[0m [32m INFO[0m [2mdashboard_server[0m[2m:[0m Applying schema to peer L3:multi_level_fk:A: CREATE INDEX users_by_org    ON users(org_id)
[2m2026-05-16T01:08:28.529652Z[0m [32m INFO[0m [2mdashboard_server[0m[2m:[0m Applying schema to peer L3:multi_level_fk:A: CREATE INDEX orders_by_user  ON orders(user_id)
[2m2026-05-16T01:08:28.531285Z[0m [32m INFO[0m [2mdashboard_server[0m[2m:[0m Added peer L3:multi_level_fk:B
[2m2026-05-16T01:08:28.532848Z[0m [32m INFO[0m [2mdashboard_server[0m[2m:[0m Applying schema to peer L3:multi_level_fk:B: CREATE TABLE organizations (
         id   TEXT PRIMARY KEY,
         name TEXT NOT NULL
       )
[2m2026-05-16T01:08:28.534783Z[0m [32m INFO[0m [2mdashboard_server[0m[2m:[0m Applying schema to peer L3:multi_level_fk:B: CREATE TABLE users (
         id     TEXT PRIMARY KEY,
         org_id TEXT NOT NULL REFERENCES organizations(id) ON DELETE CASCADE,
         email  TEXT NOT NULL UNIQUE
       )
[2m2026-05-16T01:08:28.536368Z[0m [32m INFO[0m [2mdashboard_server[0m[2m:[0m Applying schema to peer L3:multi_level_fk:B: CREATE TABLE orders (
         id          TEXT PRIMARY KEY,
         user_id     TEXT NOT NULL REFERENCES users(id) ON DELETE CASCADE,
         status      TEXT NOT NULL,
         total_cents INTEGER NOT NULL DEFAULT 0
       )
[2m2026-05-16T01:08:28.537896Z[0m [32m INFO[0m [2mdashboard_server[0m[2m:[0m Applying schema to peer L3:multi_level_fk:B: CREATE INDEX users_by_org    ON users(org_id)
[2m2026-05-16T01:08:28.539608Z[0m [32m INFO[0m [2mdashboard_server[0m[2m:[0m Applying schema to peer L3:multi_level_fk:B: CREATE INDEX orders_by_user  ON orders(user_id)
[2m2026-05-16T01:08:28.541491Z[0m [32m INFO[0m [2mdashboard_server[0m[2m:[0m Added peer L3:multi_level_fk:C
[2m2026-05-16T01:08:28.543176Z[0m [32m INFO[0m [2mdashboard_server[0m[2m:[0m Applying schema to peer L3:multi_level_fk:C: CREATE TABLE organizations (
         id   TEXT PRIMARY KEY,
         name TEXT NOT NULL
       )
[2m2026-05-16T01:08:28.544616Z[0m [32m INFO[0m [2mdashboard_server[0m[2m:[0m Applying schema to peer L3:multi_level_fk:C: CREATE TABLE users (
         id     TEXT PRIMARY KEY,
         org_id TEXT NOT NULL REFERENCES organizations(id) ON DELETE CASCADE,
         email  TEXT NOT NULL UNIQUE
       )
[2m2026-05-16T01:08:28.546098Z[0m [32m INFO[0m [2mdashboard_server[0m[2m:[0m Applying schema to peer L3:multi_level_fk:C: CREATE TABLE orders (
         id          TEXT PRIMARY KEY,
         user_id     TEXT NOT NULL REFERENCES users(id) ON DELETE CASCADE,
         status      TEXT NOT NULL,
         total_cents INTEGER NOT NULL DEFAULT 0
       )
[2m2026-05-16T01:08:28.547770Z[0m [32m INFO[0m [2mdashboard_server[0m[2m:[0m Applying schema to peer L3:multi_level_fk:C: CREATE INDEX users_by_org    ON users(org_id)
[2m2026-05-16T01:08:28.549203Z[0m [32m INFO[0m [2mdashboard_server[0m[2m:[0m Applying schema to peer L3:multi_level_fk:C: CREATE INDEX orders_by_user  ON orders(user_id)
[2m2026-05-16T01:08:28.550994Z[0m [32m INFO[0m [2mdashboard_server[0m[2m:[0m Executing on peer L3:multi_level_fk:A: INSERT INTO organizations (id, name) VALUES (?, ?)
[2m2026-05-16T01:08:28.566984Z[0m [32m INFO[0m [2mdashboard_server[0m[2m:[0m Executing on peer L3:multi_level_fk:A: INSERT INTO organizations (id, name) VALUES (?, ?)
[2m2026-05-16T01:08:28.581935Z[0m [32m INFO[0m [2mdashboard_server[0m[2m:[0m Executing on peer L3:multi_level_fk:A: INSERT INTO users (id, org_id, email) VALUES (?, ?, ?)
[2m2026-05-16T01:08:28.596977Z[0m [32m INFO[0m [2mdashboard_server[0m[2m:[0m Executing on peer L3:multi_level_fk:A: INSERT INTO users (id, org_id, email) VALUES (?, ?, ?)
[2m2026-05-16T01:08:28.611345Z[0m [32m INFO[0m [2mdashboard_server[0m[2m:[0m Executing on peer L3:multi_level_fk:A: INSERT INTO users (id, org_id, email) VALUES (?, ?, ?)
[2m2026-05-16T01:08:28.626430Z[0m [32m INFO[0m [2mdashboard_server[0m[2m:[0m Executing on peer L3:multi_level_fk:A: INSERT INTO orders (id, user_id, status, total_cents) VALUES (?, ?, ?, ?)
[2m2026-05-16T01:08:28.641809Z[0m [32m INFO[0m [2mdashboard_server[0m[2m:[0m Executing on peer L3:multi_level_fk:A: INSERT INTO orders (id, user_id, status, total_cents) VALUES (?, ?, ?, ?)
[2m2026-05-16T01:08:28.657124Z[0m [32m INFO[0m [2mdashboard_server[0m[2m:[0m Executing on peer L3:multi_level_fk:A: INSERT INTO orders (id, user_id, status, total_cents) VALUES (?, ?, ?, ?)
[2m2026-05-16T01:08:28.672244Z[0m [32m INFO[0m [2mdashboard_server[0m[2m:[0m Sync request: L3:multi_level_fk:A -> L3:multi_level_fk:B
[2m2026-05-16T01:08:28.688207Z[0m [32m INFO[0m [2mdashboard_server[0m[2m:[0m Sync request: L3:multi_level_fk:A -> L3:multi_level_fk:C
[2m2026-05-16T01:08:28.704600Z[0m [32m INFO[0m [2mdashboard_server[0m[2m:[0m Executing on peer L3:multi_level_fk:B: INSERT INTO users (id, org_id, email) VALUES (?, ?, ?)
[2m2026-05-16T01:08:28.719869Z[0m [32m INFO[0m [2mdashboard_server[0m[2m:[0m Executing on peer L3:multi_level_fk:B: INSERT INTO orders (id, user_id, status, total_cents) VALUES (?, ?, ?, ?)
[2m2026-05-16T01:08:28.735731Z[0m [32m INFO[0m [2mdashboard_server[0m[2m:[0m Executing on peer L3:multi_level_fk:C: DELETE FROM organizations WHERE id = ?
[2m2026-05-16T01:08:28.751266Z[0m [32m INFO[0m [2mdashboard_server[0m[2m:[0m Executing on peer L3:multi_level_fk:A: INSERT INTO orders (id, user_id, status, total_cents) VALUES (?, ?, ?, ?)
[2m2026-05-16T01:08:28.766599Z[0m [32m INFO[0m [2mdashboard_server[0m[2m:[0m Sync request: L3:multi_level_fk:A -> L3:multi_level_fk:B
[2m2026-05-16T01:08:28.782954Z[0m [32m INFO[0m [2mdashboard_server[0m[2m:[0m Sync request: L3:multi_level_fk:B -> L3:multi_level_fk:C
[2m2026-05-16T01:08:28.799784Z[0m [32m INFO[0m [2mdashboard_server[0m[2m:[0m Sync request: L3:multi_level_fk:A -> L3:multi_level_fk:C
[2m2026-05-16T01:08:28.815623Z[0m [32m INFO[0m [2mdashboard_server[0m[2m:[0m Sync request: L3:multi_level_fk:A -> L3:multi_level_fk:B
[2m2026-05-16T01:08:28.831717Z[0m [32m INFO[0m [2mdashboard_server[0m[2m:[0m Sync request: L3:multi_level_fk:B -> L3:multi_level_fk:C
[2m2026-05-16T01:08:28.872274Z[0m [32m INFO[0m [2mdashboard_server[0m[2m:[0m Sync request: L3:multi_level_fk:A -> L3:multi_level_fk:C
[2m2026-05-16T01:08:28.895535Z[0m [32m INFO[0m [2mdashboard_server[0m[2m:[0m Added peer L3:high_density:A
[2m2026-05-16T01:08:28.897203Z[0m [32m INFO[0m [2mdashboard_server[0m[2m:[0m Applying schema to peer L3:high_density:A: CREATE TABLE users (
         id    TEXT PRIMARY KEY,
         email TEXT NOT NULL UNIQUE,
         name  TEXT
       )
[2m2026-05-16T01:08:28.899167Z[0m [32m INFO[0m [2mdashboard_server[0m[2m:[0m Applying schema to peer L3:high_density:A: CREATE TABLE orders (
         id          TEXT PRIMARY KEY,
         user_id     TEXT NOT NULL REFERENCES users(id) ON DELETE CASCADE,
         status      TEXT NOT NULL,
         total_cents INTEGER NOT NULL DEFAULT 0
       )
[2m2026-05-16T01:08:28.901119Z[0m [32m INFO[0m [2mdashboard_server[0m[2m:[0m Applying schema to peer L3:high_density:A: CREATE INDEX orders_by_user ON orders(user_id, status)
[2m2026-05-16T01:08:28.902835Z[0m [32m INFO[0m [2mdashboard_server[0m[2m:[0m Added peer L3:high_density:B
[2m2026-05-16T01:08:28.904401Z[0m [32m INFO[0m [2mdashboard_server[0m[2m:[0m Applying schema to peer L3:high_density:B: CREATE TABLE users (
         id    TEXT PRIMARY KEY,
         email TEXT NOT NULL UNIQUE,
         name  TEXT
       )
[2m2026-05-16T01:08:28.906094Z[0m [32m INFO[0m [2mdashboard_server[0m[2m:[0m Applying schema to peer L3:high_density:B: CREATE TABLE orders (
         id          TEXT PRIMARY KEY,
         user_id     TEXT NOT NULL REFERENCES users(id) ON DELETE CASCADE,
         status      TEXT NOT NULL,
         total_cents INTEGER NOT NULL DEFAULT 0
       )
[2m2026-05-16T01:08:28.907801Z[0m [32m INFO[0m [2mdashboard_server[0m[2m:[0m Applying schema to peer L3:high_density:B: CREATE INDEX orders_by_user ON orders(user_id, status)
[2m2026-05-16T01:08:28.909419Z[0m [32m INFO[0m [2mdashboard_server[0m[2m:[0m Added peer L3:high_density:C
[2m2026-05-16T01:08:28.910733Z[0m [32m INFO[0m [2mdashboard_server[0m[2m:[0m Applying schema to peer L3:high_density:C: CREATE TABLE users (
         id    TEXT PRIMARY KEY,
         email TEXT NOT NULL UNIQUE,
         name  TEXT
       )
[2m2026-05-16T01:08:28.912164Z[0m [32m INFO[0m [2mdashboard_server[0m[2m:[0m Applying schema to peer L3:high_density:C: CREATE TABLE orders (
         id          TEXT PRIMARY KEY,
         user_id     TEXT NOT NULL REFERENCES users(id) ON DELETE CASCADE,
         status      TEXT NOT NULL,
         total_cents INTEGER NOT NULL DEFAULT 0
       )
[2m2026-05-16T01:08:28.913595Z[0m [32m INFO[0m [2mdashboard_server[0m[2m:[0m Applying schema to peer L3:high_density:C: CREATE INDEX orders_by_user ON orders(user_id, status)
[2m2026-05-16T01:08:28.914983Z[0m [32m INFO[0m [2mdashboard_server[0m[2m:[0m Added peer L3:high_density:D
[2m2026-05-16T01:08:28.916548Z[0m [32m INFO[0m [2mdashboard_server[0m[2m:[0m Applying schema to peer L3:high_density:D: CREATE TABLE users (
         id    TEXT PRIMARY KEY,
         email TEXT NOT NULL UNIQUE,
         name  TEXT
       )
[2m2026-05-16T01:08:28.923690Z[0m [32m INFO[0m [2mdashboard_server[0m[2m:[0m Applying schema to peer L3:high_density:D: CREATE TABLE orders (
         id          TEXT PRIMARY KEY,
         user_id     TEXT NOT NULL REFERENCES users(id) ON DELETE CASCADE,
         status      TEXT NOT NULL,
         total_cents INTEGER NOT NULL DEFAULT 0
       )
[2m2026-05-16T01:08:28.924864Z[0m [32m INFO[0m [2mdashboard_server[0m[2m:[0m Applying schema to peer L3:high_density:D: CREATE INDEX orders_by_user ON orders(user_id, status)
[2m2026-05-16T01:08:28.925644Z[0m [32m INFO[0m [2mdashboard_server[0m[2m:[0m Added peer L3:high_density:E
[2m2026-05-16T01:08:28.926308Z[0m [32m INFO[0m [2mdashboard_server[0m[2m:[0m Applying schema to peer L3:high_density:E: CREATE TABLE users (
         id    TEXT PRIMARY KEY,
         email TEXT NOT NULL UNIQUE,
         name  TEXT
       )
[2m2026-05-16T01:08:28.926986Z[0m [32m INFO[0m [2mdashboard_server[0m[2m:[0m Applying schema to peer L3:high_density:E: CREATE TABLE orders (
         id          TEXT PRIMARY KEY,
         user_id     TEXT NOT NULL REFERENCES users(id) ON DELETE CASCADE,
         status      TEXT NOT NULL,
         total_cents INTEGER NOT NULL DEFAULT 0
       )
[2m2026-05-16T01:08:28.927686Z[0m [32m INFO[0m [2mdashboard_server[0m[2m:[0m Applying schema to peer L3:high_density:E: CREATE INDEX orders_by_user ON orders(user_id, status)
[2m2026-05-16T01:08:28.928303Z[0m [32m INFO[0m [2mdashboard_server[0m[2m:[0m Added peer L3:high_density:F
[2m2026-05-16T01:08:28.929007Z[0m [32m INFO[0m [2mdashboard_server[0m[2m:[0m Applying schema to peer L3:high_density:F: CREATE TABLE users (
         id    TEXT PRIMARY KEY,
         email TEXT NOT NULL UNIQUE,
         name  TEXT
       )
[2m2026-05-16T01:08:28.929663Z[0m [32m INFO[0m [2mdashboard_server[0m[2m:[0m Applying schema to peer L3:high_density:F: CREATE TABLE orders (
         id          TEXT PRIMARY KEY,
         user_id     TEXT NOT NULL REFERENCES users(id) ON DELETE CASCADE,
         status      TEXT NOT NULL,
         total_cents INTEGER NOT NULL DEFAULT 0
       )
[2m2026-05-16T01:08:28.930344Z[0m [32m INFO[0m [2mdashboard_server[0m[2m:[0m Applying schema to peer L3:high_density:F: CREATE INDEX orders_by_user ON orders(user_id, status)
[2m2026-05-16T01:08:28.930979Z[0m [32m INFO[0m [2mdashboard_server[0m[2m:[0m Executing on peer L3:high_density:A: INSERT INTO users (id, email, name) VALUES (?, ?, ?)
[2m2026-05-16T01:08:28.947238Z[0m [32m INFO[0m [2mdashboard_server[0m[2m:[0m Executing on peer L3:high_density:B: INSERT INTO users (id, email, name) VALUES (?, ?, ?)
[2m2026-05-16T01:08:28.962490Z[0m [32m INFO[0m [2mdashboard_server[0m[2m:[0m Executing on peer L3:high_density:C: INSERT INTO users (id, email, name) VALUES (?, ?, ?)
[2m2026-05-16T01:08:28.977478Z[0m [32m INFO[0m [2mdashboard_server[0m[2m:[0m Executing on peer L3:high_density:D: INSERT INTO users (id, email, name) VALUES (?, ?, ?)
[2m2026-05-16T01:08:28.993519Z[0m [32m INFO[0m [2mdashboard_server[0m[2m:[0m Executing on peer L3:high_density:E: INSERT INTO users (id, email, name) VALUES (?, ?, ?)
[2m2026-05-16T01:08:29.008566Z[0m [32m INFO[0m [2mdashboard_server[0m[2m:[0m Executing on peer L3:high_density:F: INSERT INTO users (id, email, name) VALUES (?, ?, ?)
[2m2026-05-16T01:08:29.024106Z[0m [32m INFO[0m [2mdashboard_server[0m[2m:[0m Executing on peer L3:high_density:A: INSERT INTO users (id, email, name) VALUES (?, ?, ?)
[2m2026-05-16T01:08:29.039931Z[0m [32m INFO[0m [2mdashboard_server[0m[2m:[0m Executing on peer L3:high_density:B: INSERT INTO users (id, email, name) VALUES (?, ?, ?)
[2m2026-05-16T01:08:29.055314Z[0m [32m INFO[0m [2mdashboard_server[0m[2m:[0m Sync request: L3:high_density:A -> L3:high_density:B
[2m2026-05-16T01:08:29.072049Z[0m [32m INFO[0m [2mdashboard_server[0m[2m:[0m Sync request: L3:high_density:A -> L3:high_density:C
[2m2026-05-16T01:08:29.088296Z[0m [32m INFO[0m [2mdashboard_server[0m[2m:[0m Sync request: L3:high_density:A -> L3:high_density:D
[2m2026-05-16T01:08:29.105525Z[0m [32m INFO[0m [2mdashboard_server[0m[2m:[0m Sync request: L3:high_density:A -> L3:high_density:E
[2m2026-05-16T01:08:29.121978Z[0m [32m INFO[0m [2mdashboard_server[0m[2m:[0m Sync request: L3:high_density:A -> L3:high_density:F
[2m2026-05-16T01:08:29.139036Z[0m [32m INFO[0m [2mdashboard_server[0m[2m:[0m Sync request: L3:high_density:B -> L3:high_density:C
[2m2026-05-16T01:08:29.155442Z[0m [32m INFO[0m [2mdashboard_server[0m[2m:[0m Sync request: L3:high_density:B -> L3:high_density:D
[2m2026-05-16T01:08:29.171630Z[0m [32m INFO[0m [2mdashboard_server[0m[2m:[0m Sync request: L3:high_density:B -> L3:high_density:E
[2m2026-05-16T01:08:29.187826Z[0m [32m INFO[0m [2mdashboard_server[0m[2m:[0m Sync request: L3:high_density:B -> L3:high_density:F
[2m2026-05-16T01:08:29.204858Z[0m [32m INFO[0m [2mdashboard_server[0m[2m:[0m Sync request: L3:high_density:C -> L3:high_density:D
[2m2026-05-16T01:08:29.221125Z[0m [32m INFO[0m [2mdashboard_server[0m[2m:[0m Sync request: L3:high_density:C -> L3:high_density:E
[2m2026-05-16T01:08:29.238146Z[0m [32m INFO[0m [2mdashboard_server[0m[2m:[0m Sync request: L3:high_density:C -> L3:high_density:F
[2m2026-05-16T01:08:29.254650Z[0m [32m INFO[0m [2mdashboard_server[0m[2m:[0m Sync request: L3:high_density:D -> L3:high_density:E
[2m2026-05-16T01:08:29.271691Z[0m [32m INFO[0m [2mdashboard_server[0m[2m:[0m Sync request: L3:high_density:D -> L3:high_density:F
[2m2026-05-16T01:08:29.287275Z[0m [32m INFO[0m [2mdashboard_server[0m[2m:[0m Sync request: L3:high_density:E -> L3:high_density:F
[2m2026-05-16T01:08:29.302725Z[0m [32m INFO[0m [2mdashboard_server[0m[2m:[0m Sync request: L3:high_density:A -> L3:high_density:B
[2m2026-05-16T01:08:29.321186Z[0m [32m INFO[0m [2mdashboard_server[0m[2m:[0m Sync request: L3:high_density:C -> L3:high_density:D
[2m2026-05-16T01:08:29.338558Z[0m [32m INFO[0m [2mdashboard_server[0m[2m:[0m Sync request: L3:high_density:E -> L3:high_density:F
[2m2026-05-16T01:08:29.355117Z[0m [32m INFO[0m [2mdashboard_server[0m[2m:[0m Sync request: L3:high_density:A -> L3:high_density:C
[2m2026-05-16T01:08:29.372485Z[0m [32m INFO[0m [2mdashboard_server[0m[2m:[0m Sync request: L3:high_density:B -> L3:high_density:D
[2m2026-05-16T01:08:29.390447Z[0m [32m INFO[0m [2mdashboard_server[0m[2m:[0m Sync request: L3:high_density:E -> L3:high_density:A
[2m2026-05-16T01:08:29.431634Z[0m [32m INFO[0m [2mdashboard_server[0m[2m:[0m Added peer L3:lr-31415:long_run:P0
[2m2026-05-16T01:08:29.432498Z[0m [32m INFO[0m [2mdashboard_server[0m[2m:[0m Applying schema to peer L3:lr-31415:long_run:P0: CREATE TABLE users (
         id    TEXT PRIMARY KEY,
         email TEXT NOT NULL UNIQUE,
         name  TEXT
       )
[2m2026-05-16T01:08:29.433267Z[0m [32m INFO[0m [2mdashboard_server[0m[2m:[0m Applying schema to peer L3:lr-31415:long_run:P0: CREATE TABLE orders (
         id          TEXT PRIMARY KEY,
         user_id     TEXT NOT NULL REFERENCES users(id) ON DELETE CASCADE,
         status      TEXT NOT NULL,
         total_cents INTEGER NOT NULL DEFAULT 0
       )
[2m2026-05-16T01:08:29.434021Z[0m [32m INFO[0m [2mdashboard_server[0m[2m:[0m Applying schema to peer L3:lr-31415:long_run:P0: CREATE INDEX orders_by_user ON orders(user_id, status)
[2m2026-05-16T01:08:29.434749Z[0m [32m INFO[0m [2mdashboard_server[0m[2m:[0m Added peer L3:lr-31415:long_run:P1
[2m2026-05-16T01:08:29.435432Z[0m [32m INFO[0m [2mdashboard_server[0m[2m:[0m Applying schema to peer L3:lr-31415:long_run:P1: CREATE TABLE users (
         id    TEXT PRIMARY KEY,
         email TEXT NOT NULL UNIQUE,
         name  TEXT
       )
[2m2026-05-16T01:08:29.436127Z[0m [32m INFO[0m [2mdashboard_server[0m[2m:[0m Applying schema to peer L3:lr-31415:long_run:P1: CREATE TABLE orders (
         id          TEXT PRIMARY KEY,
         user_id     TEXT NOT NULL REFERENCES users(id) ON DELETE CASCADE,
         status      TEXT NOT NULL,
         total_cents INTEGER NOT NULL DEFAULT 0
       )
[2m2026-05-16T01:08:29.436954Z[0m [32m INFO[0m [2mdashboard_server[0m[2m:[0m Applying schema to peer L3:lr-31415:long_run:P1: CREATE INDEX orders_by_user ON orders(user_id, status)
[2m2026-05-16T01:08:29.437598Z[0m [32m INFO[0m [2mdashboard_server[0m[2m:[0m Added peer L3:lr-31415:long_run:P2
[2m2026-05-16T01:08:29.438186Z[0m [32m INFO[0m [2mdashboard_server[0m[2m:[0m Applying schema to peer L3:lr-31415:long_run:P2: CREATE TABLE users (
         id    TEXT PRIMARY KEY,
         email TEXT NOT NULL UNIQUE,
         name  TEXT
       )
[2m2026-05-16T01:08:29.438839Z[0m [32m INFO[0m [2mdashboard_server[0m[2m:[0m Applying schema to peer L3:lr-31415:long_run:P2: CREATE TABLE orders (
         id          TEXT PRIMARY KEY,
         user_id     TEXT NOT NULL REFERENCES users(id) ON DELETE CASCADE,
         status      TEXT NOT NULL,
         total_cents INTEGER NOT NULL DEFAULT 0
       )
[2m2026-05-16T01:08:29.439586Z[0m [32m INFO[0m [2mdashboard_server[0m[2m:[0m Applying schema to peer L3:lr-31415:long_run:P2: CREATE INDEX orders_by_user ON orders(user_id, status)
[2m2026-05-16T01:08:29.440408Z[0m [32m INFO[0m [2mdashboard_server[0m[2m:[0m Added peer L3:lr-31415:long_run:P3
[2m2026-05-16T01:08:29.440967Z[0m [32m INFO[0m [2mdashboard_server[0m[2m:[0m Applying schema to peer L3:lr-31415:long_run:P3: CREATE TABLE users (
         id    TEXT PRIMARY KEY,
         email TEXT NOT NULL UNIQUE,
         name  TEXT
       )
[2m2026-05-16T01:08:29.441686Z[0m [32m INFO[0m [2mdashboard_server[0m[2m:[0m Applying schema to peer L3:lr-31415:long_run:P3: CREATE TABLE orders (
         id          TEXT PRIMARY KEY,
         user_id     TEXT NOT NULL REFERENCES users(id) ON DELETE CASCADE,
         status      TEXT NOT NULL,
         total_cents INTEGER NOT NULL DEFAULT 0
       )
[2m2026-05-16T01:08:29.442396Z[0m [32m INFO[0m [2mdashboard_server[0m[2m:[0m Applying schema to peer L3:lr-31415:long_run:P3: CREATE INDEX orders_by_user ON orders(user_id, status)
[2m2026-05-16T01:08:29.443131Z[0m [32m INFO[0m [2mdashboard_server[0m[2m:[0m Executing on peer L3:lr-31415:long_run:P2: INSERT INTO users (id, email, name) VALUES (?, ?, ?)
[2m2026-05-16T01:08:29.458517Z[0m [32m INFO[0m [2mdashboard_server[0m[2m:[0m Executing on peer L3:lr-31415:long_run:P1: INSERT INTO users (id, email, name) VALUES (?, ?, ?)
[2m2026-05-16T01:08:29.472572Z[0m [32m INFO[0m [2mdashboard_server[0m[2m:[0m Executing on peer L3:lr-31415:long_run:P3: INSERT INTO users (id, email, name) VALUES (?, ?, ?)
[2m2026-05-16T01:08:29.487935Z[0m [32m INFO[0m [2mdashboard_server[0m[2m:[0m Executing on peer L3:lr-31415:long_run:P0: INSERT INTO users (id, email, name) VALUES (?, ?, ?)
[2m2026-05-16T01:08:29.503494Z[0m [32m INFO[0m [2mdashboard_server[0m[2m:[0m Executing on peer L3:lr-31415:long_run:P3: INSERT INTO users (id, email, name) VALUES (?, ?, ?)
[2m2026-05-16T01:08:29.519845Z[0m [32m INFO[0m [2mdashboard_server[0m[2m:[0m Executing on peer L3:lr-31415:long_run:P2: INSERT INTO users (id, email, name) VALUES (?, ?, ?)
[2m2026-05-16T01:08:29.536809Z[0m [32m INFO[0m [2mdashboard_server[0m[2m:[0m Executing on peer L3:lr-31415:long_run:P0: INSERT INTO users (id, email, name) VALUES (?, ?, ?)
[2m2026-05-16T01:08:29.553201Z[0m [32m INFO[0m [2mdashboard_server[0m[2m:[0m Sync request: L3:lr-31415:long_run:P1 -> L3:lr-31415:long_run:P3
[2m2026-05-16T01:08:29.569864Z[0m [32m INFO[0m [2mdashboard_server[0m[2m:[0m Executing on peer L3:lr-31415:long_run:P3: UPDATE users SET email = ? WHERE id = ?
[2m2026-05-16T01:08:29.586145Z[0m [32m INFO[0m [2mdashboard_server[0m[2m:[0m Executing on peer L3:lr-31415:long_run:P1: INSERT INTO users (id, email, name) VALUES (?, ?, ?)
[2m2026-05-16T01:08:29.602903Z[0m [32m INFO[0m [2mdashboard_server[0m[2m:[0m Executing on peer L3:lr-31415:long_run:P2: INSERT INTO users (id, email, name) VALUES (?, ?, ?)
[2m2026-05-16T01:08:29.619587Z[0m [32m INFO[0m [2mdashboard_server[0m[2m:[0m Sync request: L3:lr-31415:long_run:P3 -> L3:lr-31415:long_run:P0
[2m2026-05-16T01:08:29.637686Z[0m [32m INFO[0m [2mdashboard_server[0m[2m:[0m Executing on peer L3:lr-31415:long_run:P1: INSERT INTO users (id, email, name) VALUES (?, ?, ?)
[2m2026-05-16T01:08:29.654343Z[0m [32m INFO[0m [2mdashboard_server[0m[2m:[0m Executing on peer L3:lr-31415:long_run:P3: INSERT INTO users (id, email, name) VALUES (?, ?, ?)
[2m2026-05-16T01:08:29.671302Z[0m [32m INFO[0m [2mdashboard_server[0m[2m:[0m Executing on peer L3:lr-31415:long_run:P0: INSERT INTO users (id, email, name) VALUES (?, ?, ?)
[2m2026-05-16T01:08:29.687673Z[0m [32m INFO[0m [2mdashboard_server[0m[2m:[0m Executing on peer L3:lr-31415:long_run:P3: INSERT INTO users (id, email, name) VALUES (?, ?, ?)
[2m2026-05-16T01:08:29.703975Z[0m [32m INFO[0m [2mdashboard_server[0m[2m:[0m Sync request: L3:lr-31415:long_run:P3 -> L3:lr-31415:long_run:P2
[2m2026-05-16T01:08:29.721189Z[0m [32m INFO[0m [2mdashboard_server[0m[2m:[0m Executing on peer L3:lr-31415:long_run:P2: UPDATE users SET email = ? WHERE id = ?
[2m2026-05-16T01:08:29.738188Z[0m [32m INFO[0m [2mdashboard_server[0m[2m:[0m Executing on peer L3:lr-31415:long_run:P3: INSERT INTO users (id, email, name) VALUES (?, ?, ?)
[2m2026-05-16T01:08:29.754908Z[0m [32m INFO[0m [2mdashboard_server[0m[2m:[0m Sync request: L3:lr-31415:long_run:P2 -> L3:lr-31415:long_run:P1
[2m2026-05-16T01:08:29.772319Z[0m [32m INFO[0m [2mdashboard_server[0m[2m:[0m Executing on peer L3:lr-31415:long_run:P1: INSERT INTO users (id, email, name) VALUES (?, ?, ?)
[2m2026-05-16T01:08:29.791337Z[0m [32m INFO[0m [2mdashboard_server[0m[2m:[0m Executing on peer L3:lr-31415:long_run:P0: INSERT INTO users (id, email, name) VALUES (?, ?, ?)
[2m2026-05-16T01:08:29.808096Z[0m [32m INFO[0m [2mdashboard_server[0m[2m:[0m Executing on peer L3:lr-31415:long_run:P2: INSERT INTO users (id, email, name) VALUES (?, ?, ?)
[2m2026-05-16T01:08:29.824625Z[0m [32m INFO[0m [2mdashboard_server[0m[2m:[0m Executing on peer L3:lr-31415:long_run:P0: INSERT INTO users (id, email, name) VALUES (?, ?, ?)
[2m2026-05-16T01:08:29.841318Z[0m [32m INFO[0m [2mdashboard_server[0m[2m:[0m Executing on peer L3:lr-31415:long_run:P3: DELETE FROM users WHERE id = ?
[2m2026-05-16T01:08:29.857784Z[0m [32m INFO[0m [2mdashboard_server[0m[2m:[0m Executing on peer L3:lr-31415:long_run:P2: INSERT INTO users (id, email, name) VALUES (?, ?, ?)
[2m2026-05-16T01:08:29.874499Z[0m [32m INFO[0m [2mdashboard_server[0m[2m:[0m Executing on peer L3:lr-31415:long_run:P3: UPDATE users SET name = ? WHERE id = ?
[2m2026-05-16T01:08:29.891361Z[0m [32m INFO[0m [2mdashboard_server[0m[2m:[0m Executing on peer L3:lr-31415:long_run:P2: INSERT INTO users (id, email, name) VALUES (?, ?, ?)
[2m2026-05-16T01:08:29.908090Z[0m [32m INFO[0m [2mdashboard_server[0m[2m:[0m Executing on peer L3:lr-31415:long_run:P3: INSERT INTO users (id, email, name) VALUES (?, ?, ?)
[2m2026-05-16T01:08:29.924988Z[0m [32m INFO[0m [2mdashboard_server[0m[2m:[0m Executing on peer L3:lr-31415:long_run:P1: INSERT INTO users (id, email, name) VALUES (?, ?, ?)
[2m2026-05-16T01:08:29.941628Z[0m [32m INFO[0m [2mdashboard_server[0m[2m:[0m Executing on peer L3:lr-31415:long_run:P1: INSERT INTO users (id, email, name) VALUES (?, ?, ?)
[2m2026-05-16T01:08:29.958474Z[0m [32m INFO[0m [2mdashboard_server[0m[2m:[0m Executing on peer L3:lr-31415:long_run:P3: INSERT INTO users (id, email, name) VALUES (?, ?, ?)
[2m2026-05-16T01:08:29.975144Z[0m [32m INFO[0m [2mdashboard_server[0m[2m:[0m Executing on peer L3:lr-31415:long_run:P0: INSERT INTO users (id, email, name) VALUES (?, ?, ?)
[2m2026-05-16T01:08:29.992254Z[0m [32m INFO[0m [2mdashboard_server[0m[2m:[0m Executing on peer L3:lr-31415:long_run:P1: INSERT INTO users (id, email, name) VALUES (?, ?, ?)
[2m2026-05-16T01:08:30.008718Z[0m [32m INFO[0m [2mdashboard_server[0m[2m:[0m Sync request: L3:lr-31415:long_run:P3 -> L3:lr-31415:long_run:P1
[2m2026-05-16T01:08:30.026056Z[0m [32m INFO[0m [2mdashboard_server[0m[2m:[0m Executing on peer L3:lr-31415:long_run:P2: INSERT INTO users (id, email, name) VALUES (?, ?, ?)
[2m2026-05-16T01:08:30.042965Z[0m [32m INFO[0m [2mdashboard_server[0m[2m:[0m Executing on peer L3:lr-31415:long_run:P3: UPDATE users SET name = ? WHERE id = ?
[2m2026-05-16T01:08:30.060142Z[0m [32m INFO[0m [2mdashboard_server[0m[2m:[0m Executing on peer L3:lr-31415:long_run:P2: INSERT INTO users (id, email, name) VALUES (?, ?, ?)
[2m2026-05-16T01:08:30.076926Z[0m [32m INFO[0m [2mdashboard_server[0m[2m:[0m Sync request: L3:lr-31415:long_run:P0 -> L3:lr-31415:long_run:P2
[2m2026-05-16T01:08:30.095768Z[0m [32m INFO[0m [2mdashboard_server[0m[2m:[0m Sync request: L3:lr-31415:long_run:P0 -> L3:lr-31415:long_run:P1
[2m2026-05-16T01:08:30.114709Z[0m [32m INFO[0m [2mdashboard_server[0m[2m:[0m Executing on peer L3:lr-31415:long_run:P3: INSERT INTO users (id, email, name) VALUES (?, ?, ?)
[2m2026-05-16T01:08:30.132648Z[0m [32m INFO[0m [2mdashboard_server[0m[2m:[0m Executing on peer L3:lr-31415:long_run:P1: INSERT INTO users (id, email, name) VALUES (?, ?, ?)
[2m2026-05-16T01:08:30.150945Z[0m [32m INFO[0m [2mdashboard_server[0m[2m:[0m Executing on peer L3:lr-31415:long_run:P1: UPDATE users SET email = ? WHERE id = ?
[2m2026-05-16T01:08:30.168724Z[0m [32m INFO[0m [2mdashboard_server[0m[2m:[0m Executing on peer L3:lr-31415:long_run:P1: UPDATE users SET name = ? WHERE id = ?
[2m2026-05-16T01:08:30.186481Z[0m [32m INFO[0m [2mdashboard_server[0m[2m:[0m Executing on peer L3:lr-31415:long_run:P3: INSERT INTO users (id, email, name) VALUES (?, ?, ?)
[2m2026-05-16T01:08:30.204287Z[0m [32m INFO[0m [2mdashboard_server[0m[2m:[0m Executing on peer L3:lr-31415:long_run:P1: INSERT INTO users (id, email, name) VALUES (?, ?, ?)
[2m2026-05-16T01:08:30.221829Z[0m [32m INFO[0m [2mdashboard_server[0m[2m:[0m Sync request: L3:lr-31415:long_run:P3 -> L3:lr-31415:long_run:P2
[2m2026-05-16T01:08:30.241423Z[0m [32m INFO[0m [2mdashboard_server[0m[2m:[0m Executing on peer L3:lr-31415:long_run:P3: UPDATE users SET name = ? WHERE id = ?
[2m2026-05-16T01:08:30.258985Z[0m [32m INFO[0m [2mdashboard_server[0m[2m:[0m Executing on peer L3:lr-31415:long_run:P1: UPDATE users SET email = ? WHERE id = ?
[2m2026-05-16T01:08:30.275908Z[0m [32m INFO[0m [2mdashboard_server[0m[2m:[0m Executing on peer L3:lr-31415:long_run:P1: INSERT INTO users (id, email, name) VALUES (?, ?, ?)
[2m2026-05-16T01:08:30.293251Z[0m [32m INFO[0m [2mdashboard_server[0m[2m:[0m Executing on peer L3:lr-31415:long_run:P0: INSERT INTO users (id, email, name) VALUES (?, ?, ?)
[2m2026-05-16T01:08:30.311069Z[0m [32m INFO[0m [2mdashboard_server[0m[2m:[0m Executing on peer L3:lr-31415:long_run:P3: UPDATE users SET name = ? WHERE id = ?
[2m2026-05-16T01:08:30.329492Z[0m [32m INFO[0m [2mdashboard_server[0m[2m:[0m Executing on peer L3:lr-31415:long_run:P2: INSERT INTO users (id, email, name) VALUES (?, ?, ?)
[2m2026-05-16T01:08:30.347550Z[0m [32m INFO[0m [2mdashboard_server[0m[2m:[0m Executing on peer L3:lr-31415:long_run:P3: INSERT INTO users (id, email, name) VALUES (?, ?, ?)
[2m2026-05-16T01:08:30.365538Z[0m [32m INFO[0m [2mdashboard_server[0m[2m:[0m Executing on peer L3:lr-31415:long_run:P0: INSERT INTO users (id, email, name) VALUES (?, ?, ?)
[2m2026-05-16T01:08:30.383802Z[0m [32m INFO[0m [2mdashboard_server[0m[2m:[0m Executing on peer L3:lr-31415:long_run:P0: UPDATE users SET name = ? WHERE id = ?
[2m2026-05-16T01:08:30.401434Z[0m [32m INFO[0m [2mdashboard_server[0m[2m:[0m Executing on peer L3:lr-31415:long_run:P1: INSERT INTO users (id, email, name) VALUES (?, ?, ?)
[2m2026-05-16T01:08:30.419499Z[0m [32m INFO[0m [2mdashboard_server[0m[2m:[0m Sync request: L3:lr-31415:long_run:P0 -> L3:lr-31415:long_run:P3
[2m2026-05-16T01:08:30.438210Z[0m [32m INFO[0m [2mdashboard_server[0m[2m:[0m Executing on peer L3:lr-31415:long_run:P3: INSERT INTO users (id, email, name) VALUES (?, ?, ?)
[2m2026-05-16T01:08:30.456635Z[0m [32m INFO[0m [2mdashboard_server[0m[2m:[0m Executing on peer L3:lr-31415:long_run:P1: INSERT INTO users (id, email, name) VALUES (?, ?, ?)
[2m2026-05-16T01:08:30.475401Z[0m [32m INFO[0m [2mdashboard_server[0m[2m:[0m Executing on peer L3:lr-31415:long_run:P1: INSERT INTO users (id, email, name) VALUES (?, ?, ?)
[2m2026-05-16T01:08:30.493323Z[0m [32m INFO[0m [2mdashboard_server[0m[2m:[0m Executing on peer L3:lr-31415:long_run:P2: DELETE FROM users WHERE id = ?
[2m2026-05-16T01:08:30.512174Z[0m [32m INFO[0m [2mdashboard_server[0m[2m:[0m Executing on peer L3:lr-31415:long_run:P1: INSERT INTO users (id, email, name) VALUES (?, ?, ?)
[2m2026-05-16T01:08:30.530229Z[0m [32m INFO[0m [2mdashboard_server[0m[2m:[0m Executing on peer L3:lr-31415:long_run:P0: UPDATE users SET name = ? WHERE id = ?
[2m2026-05-16T01:08:30.548144Z[0m [32m INFO[0m [2mdashboard_server[0m[2m:[0m Executing on peer L3:lr-31415:long_run:P2: INSERT INTO users (id, email, name) VALUES (?, ?, ?)
[2m2026-05-16T01:08:30.565891Z[0m [32m INFO[0m [2mdashboard_server[0m[2m:[0m Executing on peer L3:lr-31415:long_run:P2: INSERT INTO users (id, email, name) VALUES (?, ?, ?)
[2m2026-05-16T01:08:30.583777Z[0m [32m INFO[0m [2mdashboard_server[0m[2m:[0m Executing on peer L3:lr-31415:long_run:P0: INSERT INTO users (id, email, name) VALUES (?, ?, ?)
[2m2026-05-16T01:08:30.601930Z[0m [32m INFO[0m [2mdashboard_server[0m[2m:[0m Executing on peer L3:lr-31415:long_run:P0: INSERT INTO users (id, email, name) VALUES (?, ?, ?)
[2m2026-05-16T01:08:30.620455Z[0m [32m INFO[0m [2mdashboard_server[0m[2m:[0m Executing on peer L3:lr-31415:long_run:P1: UPDATE users SET email = ? WHERE id = ?
[2m2026-05-16T01:08:30.638637Z[0m [32m INFO[0m [2mdashboard_server[0m[2m:[0m Executing on peer L3:lr-31415:long_run:P1: DELETE FROM users WHERE id = ?
[2m2026-05-16T01:08:30.656838Z[0m [32m INFO[0m [2mdashboard_server[0m[2m:[0m Executing on peer L3:lr-31415:long_run:P0: INSERT INTO users (id, email, name) VALUES (?, ?, ?)
[2m2026-05-16T01:08:30.675269Z[0m [32m INFO[0m [2mdashboard_server[0m[2m:[0m Sync request: L3:lr-31415:long_run:P2 -> L3:lr-31415:long_run:P3
[2m2026-05-16T01:08:30.694903Z[0m [32m INFO[0m [2mdashboard_server[0m[2m:[0m Executing on peer L3:lr-31415:long_run:P3: INSERT INTO users (id, email, name) VALUES (?, ?, ?)
[2m2026-05-16T01:08:30.713007Z[0m [32m INFO[0m [2mdashboard_server[0m[2m:[0m Executing on peer L3:lr-31415:long_run:P1: INSERT INTO users (id, email, name) VALUES (?, ?, ?)
[2m2026-05-16T01:08:30.731886Z[0m [32m INFO[0m [2mdashboard_server[0m[2m:[0m Executing on peer L3:lr-31415:long_run:P1: INSERT INTO users (id, email, name) VALUES (?, ?, ?)
[2m2026-05-16T01:08:30.750521Z[0m [32m INFO[0m [2mdashboard_server[0m[2m:[0m Executing on peer L3:lr-31415:long_run:P0: INSERT INTO users (id, email, name) VALUES (?, ?, ?)
[2m2026-05-16T01:08:30.769210Z[0m [32m INFO[0m [2mdashboard_server[0m[2m:[0m Executing on peer L3:lr-31415:long_run:P1: DELETE FROM users WHERE id = ?
[2m2026-05-16T01:08:30.787758Z[0m [32m INFO[0m [2mdashboard_server[0m[2m:[0m Sync request: L3:lr-31415:long_run:P0 -> L3:lr-31415:long_run:P3
[2m2026-05-16T01:08:30.807994Z[0m [32m INFO[0m [2mdashboard_server[0m[2m:[0m Executing on peer L3:lr-31415:long_run:P2: UPDATE users SET email = ? WHERE id = ?
[2m2026-05-16T01:08:30.826050Z[0m [32m INFO[0m [2mdashboard_server[0m[2m:[0m Executing on peer L3:lr-31415:long_run:P2: INSERT INTO users (id, email, name) VALUES (?, ?, ?)
[2m2026-05-16T01:08:30.873607Z[0m [32m INFO[0m [2mdashboard_server[0m[2m:[0m Executing on peer L3:lr-31415:long_run:P3: INSERT INTO users (id, email, name) VALUES (?, ?, ?)
[2m2026-05-16T01:08:30.891836Z[0m [32m INFO[0m [2mdashboard_server[0m[2m:[0m Executing on peer L3:lr-31415:long_run:P1: INSERT INTO users (id, email, name) VALUES (?, ?, ?)
[2m2026-05-16T01:08:30.909946Z[0m [32m INFO[0m [2mdashboard_server[0m[2m:[0m Executing on peer L3:lr-31415:long_run:P0: INSERT INTO users (id, email, name) VALUES (?, ?, ?)
[2m2026-05-16T01:08:30.927951Z[0m [32m INFO[0m [2mdashboard_server[0m[2m:[0m Executing on peer L3:lr-31415:long_run:P0: INSERT INTO users (id, email, name) VALUES (?, ?, ?)
[2m2026-05-16T01:08:30.946099Z[0m [32m INFO[0m [2mdashboard_server[0m[2m:[0m Executing on peer L3:lr-31415:long_run:P3: UPDATE users SET name = ? WHERE id = ?
[2m2026-05-16T01:08:30.965402Z[0m [32m INFO[0m [2mdashboard_server[0m[2m:[0m Executing on peer L3:lr-31415:long_run:P1: INSERT INTO users (id, email, name) VALUES (?, ?, ?)
[2m2026-05-16T01:08:30.985650Z[0m [32m INFO[0m [2mdashboard_server[0m[2m:[0m Executing on peer L3:lr-31415:long_run:P0: INSERT INTO users (id, email, name) VALUES (?, ?, ?)
[2m2026-05-16T01:08:31.007420Z[0m [32m INFO[0m [2mdashboard_server[0m[2m:[0m Executing on peer L3:lr-31415:long_run:P2: INSERT INTO users (id, email, name) VALUES (?, ?, ?)
[2m2026-05-16T01:08:31.028610Z[0m [32m INFO[0m [2mdashboard_server[0m[2m:[0m Executing on peer L3:lr-31415:long_run:P0: DELETE FROM users WHERE id = ?
[2m2026-05-16T01:08:31.056904Z[0m [32m INFO[0m [2mdashboard_server[0m[2m:[0m Executing on peer L3:lr-31415:long_run:P2: UPDATE users SET email = ? WHERE id = ?
[2m2026-05-16T01:08:31.077775Z[0m [32m INFO[0m [2mdashboard_server[0m[2m:[0m Executing on peer L3:lr-31415:long_run:P1: INSERT INTO users (id, email, name) VALUES (?, ?, ?)
[2m2026-05-16T01:08:31.099549Z[0m [32m INFO[0m [2mdashboard_server[0m[2m:[0m Executing on peer L3:lr-31415:long_run:P3: UPDATE users SET name = ? WHERE id = ?
[2m2026-05-16T01:08:31.120411Z[0m [32m INFO[0m [2mdashboard_server[0m[2m:[0m Executing on peer L3:lr-31415:long_run:P0: INSERT INTO users (id, email, name) VALUES (?, ?, ?)
[2m2026-05-16T01:08:31.139888Z[0m [32m INFO[0m [2mdashboard_server[0m[2m:[0m Executing on peer L3:lr-31415:long_run:P3: UPDATE users SET name = ? WHERE id = ?
[2m2026-05-16T01:08:31.159605Z[0m [32m INFO[0m [2mdashboard_server[0m[2m:[0m Executing on peer L3:lr-31415:long_run:P3: INSERT INTO users (id, email, name) VALUES (?, ?, ?)
[2m2026-05-16T01:08:31.179947Z[0m [32m INFO[0m [2mdashboard_server[0m[2m:[0m Sync request: L3:lr-31415:long_run:P3 -> L3:lr-31415:long_run:P1
[2m2026-05-16T01:08:31.202869Z[0m [32m INFO[0m [2mdashboard_server[0m[2m:[0m Executing on peer L3:lr-31415:long_run:P3: INSERT INTO users (id, email, name) VALUES (?, ?, ?)
[2m2026-05-16T01:08:31.223675Z[0m [32m INFO[0m [2mdashboard_server[0m[2m:[0m Executing on peer L3:lr-31415:long_run:P1: INSERT INTO users (id, email, name) VALUES (?, ?, ?)
[2m2026-05-16T01:08:31.245057Z[0m [32m INFO[0m [2mdashboard_server[0m[2m:[0m Executing on peer L3:lr-31415:long_run:P2: UPDATE users SET email = ? WHERE id = ?
[2m2026-05-16T01:08:31.264755Z[0m [32m INFO[0m [2mdashboard_server[0m[2m:[0m Executing on peer L3:lr-31415:long_run:P3: INSERT INTO users (id, email, name) VALUES (?, ?, ?)
[2m2026-05-16T01:08:31.285176Z[0m [32m INFO[0m [2mdashboard_server[0m[2m:[0m Executing on peer L3:lr-31415:long_run:P0: INSERT INTO users (id, email, name) VALUES (?, ?, ?)
[2m2026-05-16T01:08:31.303986Z[0m [32m INFO[0m [2mdashboard_server[0m[2m:[0m Executing on peer L3:lr-31415:long_run:P2: INSERT INTO users (id, email, name) VALUES (?, ?, ?)
[2m2026-05-16T01:08:31.323917Z[0m [32m INFO[0m [2mdashboard_server[0m[2m:[0m Executing on peer L3:lr-31415:long_run:P2: INSERT INTO users (id, email, name) VALUES (?, ?, ?)
[2m2026-05-16T01:08:31.343133Z[0m [32m INFO[0m [2mdashboard_server[0m[2m:[0m Executing on peer L3:lr-31415:long_run:P0: INSERT INTO users (id, email, name) VALUES (?, ?, ?)
[2m2026-05-16T01:08:31.362804Z[0m [32m INFO[0m [2mdashboard_server[0m[2m:[0m Executing on peer L3:lr-31415:long_run:P0: UPDATE users SET name = ? WHERE id = ?
[2m2026-05-16T01:08:31.382120Z[0m [32m INFO[0m [2mdashboard_server[0m[2m:[0m Sync request: L3:lr-31415:long_run:P2 -> L3:lr-31415:long_run:P0
[2m2026-05-16T01:08:31.404656Z[0m [32m INFO[0m [2mdashboard_server[0m[2m:[0m Executing on peer L3:lr-31415:long_run:P2: UPDATE users SET email = ? WHERE id = ?
[2m2026-05-16T01:08:31.424577Z[0m [32m INFO[0m [2mdashboard_server[0m[2m:[0m Sync request: L3:lr-31415:long_run:P3 -> L3:lr-31415:long_run:P1
[2m2026-05-16T01:08:31.445648Z[0m [32m INFO[0m [2mdashboard_server[0m[2m:[0m Executing on peer L3:lr-31415:long_run:P1: INSERT INTO users (id, email, name) VALUES (?, ?, ?)
[2m2026-05-16T01:08:31.464544Z[0m [32m INFO[0m [2mdashboard_server[0m[2m:[0m Sync request: L3:lr-31415:long_run:P1 -> L3:lr-31415:long_run:P2
[2m2026-05-16T01:08:31.487505Z[0m [32m INFO[0m [2mdashboard_server[0m[2m:[0m Executing on peer L3:lr-31415:long_run:P3: INSERT INTO users (id, email, name) VALUES (?, ?, ?)
[2m2026-05-16T01:08:31.506603Z[0m [32m INFO[0m [2mdashboard_server[0m[2m:[0m Executing on peer L3:lr-31415:long_run:P3: INSERT INTO users (id, email, name) VALUES (?, ?, ?)
[2m2026-05-16T01:08:31.526480Z[0m [32m INFO[0m [2mdashboard_server[0m[2m:[0m Executing on peer L3:lr-31415:long_run:P2: INSERT INTO users (id, email, name) VALUES (?, ?, ?)
[2m2026-05-16T01:08:31.545057Z[0m [32m INFO[0m [2mdashboard_server[0m[2m:[0m Executing on peer L3:lr-31415:long_run:P1: UPDATE users SET name = ? WHERE id = ?
[2m2026-05-16T01:08:31.565126Z[0m [32m INFO[0m [2mdashboard_server[0m[2m:[0m Executing on peer L3:lr-31415:long_run:P3: INSERT INTO users (id, email, name) VALUES (?, ?, ?)
[2m2026-05-16T01:08:31.584216Z[0m [32m INFO[0m [2mdashboard_server[0m[2m:[0m Sync request: L3:lr-31415:long_run:P0 -> L3:lr-31415:long_run:P1
[2m2026-05-16T01:08:31.607462Z[0m [32m INFO[0m [2mdashboard_server[0m[2m:[0m Sync request: L3:lr-31415:long_run:P0 -> L3:lr-31415:long_run:P3
[2m2026-05-16T01:08:31.630188Z[0m [32m INFO[0m [2mdashboard_server[0m[2m:[0m Executing on peer L3:lr-31415:long_run:P3: INSERT INTO users (id, email, name) VALUES (?, ?, ?)
[2m2026-05-16T01:08:31.651204Z[0m [32m INFO[0m [2mdashboard_server[0m[2m:[0m Executing on peer L3:lr-31415:long_run:P0: INSERT INTO users (id, email, name) VALUES (?, ?, ?)
[2m2026-05-16T01:08:31.670213Z[0m [32m INFO[0m [2mdashboard_server[0m[2m:[0m Executing on peer L3:lr-31415:long_run:P0: INSERT INTO users (id, email, name) VALUES (?, ?, ?)
[2m2026-05-16T01:08:31.690175Z[0m [32m INFO[0m [2mdashboard_server[0m[2m:[0m Executing on peer L3:lr-31415:long_run:P3: INSERT INTO users (id, email, name) VALUES (?, ?, ?)
[2m2026-05-16T01:08:31.709220Z[0m [32m INFO[0m [2mdashboard_server[0m[2m:[0m Sync request: L3:lr-31415:long_run:P3 -> L3:lr-31415:long_run:P0
[2m2026-05-16T01:08:31.732405Z[0m [32m INFO[0m [2mdashboard_server[0m[2m:[0m Executing on peer L3:lr-31415:long_run:P1: UPDATE users SET email = ? WHERE id = ?
[2m2026-05-16T01:08:31.752857Z[0m [32m INFO[0m [2mdashboard_server[0m[2m:[0m Executing on peer L3:lr-31415:long_run:P0: UPDATE users SET name = ? WHERE id = ?
[2m2026-05-16T01:08:31.773387Z[0m [32m INFO[0m [2mdashboard_server[0m[2m:[0m Executing on peer L3:lr-31415:long_run:P1: INSERT INTO users (id, email, name) VALUES (?, ?, ?)
[2m2026-05-16T01:08:31.792862Z[0m [32m INFO[0m [2mdashboard_server[0m[2m:[0m Executing on peer L3:lr-31415:long_run:P2: INSERT INTO users (id, email, name) VALUES (?, ?, ?)
[2m2026-05-16T01:08:31.812990Z[0m [32m INFO[0m [2mdashboard_server[0m[2m:[0m Executing on peer L3:lr-31415:long_run:P3: INSERT INTO users (id, email, name) VALUES (?, ?, ?)
[2m2026-05-16T01:08:31.833839Z[0m [32m INFO[0m [2mdashboard_server[0m[2m:[0m Sync request: L3:lr-31415:long_run:P3 -> L3:lr-31415:long_run:P2
[2m2026-05-16T01:08:31.857245Z[0m [32m INFO[0m [2mdashboard_server[0m[2m:[0m Sync request: L3:lr-31415:long_run:P3 -> L3:lr-31415:long_run:P2
[2m2026-05-16T01:08:31.880172Z[0m [32m INFO[0m [2mdashboard_server[0m[2m:[0m Executing on peer L3:lr-31415:long_run:P3: INSERT INTO users (id, email, name) VALUES (?, ?, ?)
[2m2026-05-16T01:08:31.901628Z[0m [32m INFO[0m [2mdashboard_server[0m[2m:[0m Executing on peer L3:lr-31415:long_run:P0: INSERT INTO users (id, email, name) VALUES (?, ?, ?)
[2m2026-05-16T01:08:31.920839Z[0m [32m INFO[0m [2mdashboard_server[0m[2m:[0m Executing on peer L3:lr-31415:long_run:P1: UPDATE users SET name = ? WHERE id = ?
[2m2026-05-16T01:08:31.941254Z[0m [32m INFO[0m [2mdashboard_server[0m[2m:[0m Executing on peer L3:lr-31415:long_run:P1: INSERT INTO users (id, email, name) VALUES (?, ?, ?)
[2m2026-05-16T01:08:31.960465Z[0m [32m INFO[0m [2mdashboard_server[0m[2m:[0m Sync request: L3:lr-31415:long_run:P2 -> L3:lr-31415:long_run:P1
[2m2026-05-16T01:08:31.985136Z[0m [32m INFO[0m [2mdashboard_server[0m[2m:[0m Sync request: L3:lr-31415:long_run:P3 -> L3:lr-31415:long_run:P1
[2m2026-05-16T01:08:32.009091Z[0m [32m INFO[0m [2mdashboard_server[0m[2m:[0m Executing on peer L3:lr-31415:long_run:P3: INSERT INTO users (id, email, name) VALUES (?, ?, ?)
[2m2026-05-16T01:08:32.029492Z[0m [32m INFO[0m [2mdashboard_server[0m[2m:[0m Sync request: L3:lr-31415:long_run:P3 -> L3:lr-31415:long_run:P0
[2m2026-05-16T01:08:32.053768Z[0m [32m INFO[0m [2mdashboard_server[0m[2m:[0m Sync request: L3:lr-31415:long_run:P1 -> L3:lr-31415:long_run:P3
[2m2026-05-16T01:08:32.076804Z[0m [32m INFO[0m [2mdashboard_server[0m[2m:[0m Executing on peer L3:lr-31415:long_run:P2: INSERT INTO users (id, email, name) VALUES (?, ?, ?)
[2m2026-05-16T01:08:32.096799Z[0m [32m INFO[0m [2mdashboard_server[0m[2m:[0m Sync request: L3:lr-31415:long_run:P1 -> L3:lr-31415:long_run:P2
[2m2026-05-16T01:08:32.121169Z[0m [32m INFO[0m [2mdashboard_server[0m[2m:[0m Executing on peer L3:lr-31415:long_run:P1: INSERT INTO users (id, email, name) VALUES (?, ?, ?)
[2m2026-05-16T01:08:32.142249Z[0m [32m INFO[0m [2mdashboard_server[0m[2m:[0m Sync request: L3:lr-31415:long_run:P3 -> L3:lr-31415:long_run:P0
[2m2026-05-16T01:08:32.166316Z[0m [32m INFO[0m [2mdashboard_server[0m[2m:[0m Sync request: L3:lr-31415:long_run:P3 -> L3:lr-31415:long_run:P2
[2m2026-05-16T01:08:32.190008Z[0m [32m INFO[0m [2mdashboard_server[0m[2m:[0m Executing on peer L3:lr-31415:long_run:P2: UPDATE users SET name = ? WHERE id = ?
[2m2026-05-16T01:08:32.210945Z[0m [32m INFO[0m [2mdashboard_server[0m[2m:[0m Executing on peer L3:lr-31415:long_run:P0: INSERT INTO users (id, email, name) VALUES (?, ?, ?)
[2m2026-05-16T01:08:32.231568Z[0m [32m INFO[0m [2mdashboard_server[0m[2m:[0m Executing on peer L3:lr-31415:long_run:P0: INSERT INTO users (id, email, name) VALUES (?, ?, ?)
[2m2026-05-16T01:08:32.251688Z[0m [32m INFO[0m [2mdashboard_server[0m[2m:[0m Executing on peer L3:lr-31415:long_run:P3: UPDATE users SET name = ? WHERE id = ?
[2m2026-05-16T01:08:32.272672Z[0m [32m INFO[0m [2mdashboard_server[0m[2m:[0m Sync request: L3:lr-31415:long_run:P2 -> L3:lr-31415:long_run:P0
[2m2026-05-16T01:08:32.296628Z[0m [32m INFO[0m [2mdashboard_server[0m[2m:[0m Executing on peer L3:lr-31415:long_run:P3: INSERT INTO users (id, email, name) VALUES (?, ?, ?)
[2m2026-05-16T01:08:32.318672Z[0m [32m INFO[0m [2mdashboard_server[0m[2m:[0m Executing on peer L3:lr-31415:long_run:P0: UPDATE users SET email = ? WHERE id = ?
[2m2026-05-16T01:08:32.339663Z[0m [32m INFO[0m [2mdashboard_server[0m[2m:[0m Executing on peer L3:lr-31415:long_run:P1: INSERT INTO users (id, email, name) VALUES (?, ?, ?)
[2m2026-05-16T01:08:32.359817Z[0m [32m INFO[0m [2mdashboard_server[0m[2m:[0m Executing on peer L3:lr-31415:long_run:P3: INSERT INTO users (id, email, name) VALUES (?, ?, ?)
[2m2026-05-16T01:08:32.379976Z[0m [32m INFO[0m [2mdashboard_server[0m[2m:[0m Executing on peer L3:lr-31415:long_run:P1: UPDATE users SET name = ? WHERE id = ?
[2m2026-05-16T01:08:32.399711Z[0m [32m INFO[0m [2mdashboard_server[0m[2m:[0m Executing on peer L3:lr-31415:long_run:P3: INSERT INTO users (id, email, name) VALUES (?, ?, ?)
[2m2026-05-16T01:08:32.420158Z[0m [32m INFO[0m [2mdashboard_server[0m[2m:[0m Executing on peer L3:lr-31415:long_run:P1: DELETE FROM users WHERE id = ?
[2m2026-05-16T01:08:32.440460Z[0m [32m INFO[0m [2mdashboard_server[0m[2m:[0m Executing on peer L3:lr-31415:long_run:P0: UPDATE users SET name = ? WHERE id = ?
[2m2026-05-16T01:08:32.461718Z[0m [32m INFO[0m [2mdashboard_server[0m[2m:[0m Executing on peer L3:lr-31415:long_run:P0: INSERT INTO users (id, email, name) VALUES (?, ?, ?)
[2m2026-05-16T01:08:32.482684Z[0m [32m INFO[0m [2mdashboard_server[0m[2m:[0m Executing on peer L3:lr-31415:long_run:P3: UPDATE users SET name = ? WHERE id = ?
[2m2026-05-16T01:08:32.503713Z[0m [32m INFO[0m [2mdashboard_server[0m[2m:[0m Executing on peer L3:lr-31415:long_run:P3: INSERT INTO users (id, email, name) VALUES (?, ?, ?)
[2m2026-05-16T01:08:32.523911Z[0m [32m INFO[0m [2mdashboard_server[0m[2m:[0m Sync request: L3:lr-31415:long_run:P2 -> L3:lr-31415:long_run:P0
[2m2026-05-16T01:08:32.548507Z[0m [32m INFO[0m [2mdashboard_server[0m[2m:[0m Executing on peer L3:lr-31415:long_run:P2: INSERT INTO users (id, email, name) VALUES (?, ?, ?)
[2m2026-05-16T01:08:32.569615Z[0m [32m INFO[0m [2mdashboard_server[0m[2m:[0m Executing on peer L3:lr-31415:long_run:P1: INSERT INTO users (id, email, name) VALUES (?, ?, ?)
[2m2026-05-16T01:08:32.590503Z[0m [32m INFO[0m [2mdashboard_server[0m[2m:[0m Executing on peer L3:lr-31415:long_run:P3: UPDATE users SET name = ? WHERE id = ?
[2m2026-05-16T01:08:32.610873Z[0m [32m INFO[0m [2mdashboard_server[0m[2m:[0m Sync request: L3:lr-31415:long_run:P3 -> L3:lr-31415:long_run:P2
[2m2026-05-16T01:08:32.636478Z[0m [32m INFO[0m [2mdashboard_server[0m[2m:[0m Executing on peer L3:lr-31415:long_run:P3: INSERT INTO users (id, email, name) VALUES (?, ?, ?)
[2m2026-05-16T01:08:32.657816Z[0m [32m INFO[0m [2mdashboard_server[0m[2m:[0m Executing on peer L3:lr-31415:long_run:P1: UPDATE users SET email = ? WHERE id = ?
[2m2026-05-16T01:08:32.678340Z[0m [32m INFO[0m [2mdashboard_server[0m[2m:[0m Executing on peer L3:lr-31415:long_run:P2: INSERT INTO users (id, email, name) VALUES (?, ?, ?)
[2m2026-05-16T01:08:32.698622Z[0m [32m INFO[0m [2mdashboard_server[0m[2m:[0m Executing on peer L3:lr-31415:long_run:P0: INSERT INTO users (id, email, name) VALUES (?, ?, ?)
[2m2026-05-16T01:08:32.720110Z[0m [32m INFO[0m [2mdashboard_server[0m[2m:[0m Sync request: L3:lr-31415:long_run:P0 -> L3:lr-31415:long_run:P3
[2m2026-05-16T01:08:32.745704Z[0m [32m INFO[0m [2mdashboard_server[0m[2m:[0m Executing on peer L3:lr-31415:long_run:P1: INSERT INTO users (id, email, name) VALUES (?, ?, ?)
[2m2026-05-16T01:08:32.766856Z[0m [32m INFO[0m [2mdashboard_server[0m[2m:[0m Executing on peer L3:lr-31415:long_run:P2: UPDATE users SET email = ? WHERE id = ?
[2m2026-05-16T01:08:32.787556Z[0m [32m INFO[0m [2mdashboard_server[0m[2m:[0m Executing on peer L3:lr-31415:long_run:P1: INSERT INTO users (id, email, name) VALUES (?, ?, ?)
[2m2026-05-16T01:08:32.808633Z[0m [32m INFO[0m [2mdashboard_server[0m[2m:[0m Executing on peer L3:lr-31415:long_run:P0: UPDATE users SET email = ? WHERE id = ?
[2m2026-05-16T01:08:32.829524Z[0m [32m INFO[0m [2mdashboard_server[0m[2m:[0m Executing on peer L3:lr-31415:long_run:P0: INSERT INTO users (id, email, name) VALUES (?, ?, ?)
[2m2026-05-16T01:08:32.885030Z[0m [32m INFO[0m [2mdashboard_server[0m[2m:[0m Executing on peer L3:lr-31415:long_run:P3: INSERT INTO users (id, email, name) VALUES (?, ?, ?)
[2m2026-05-16T01:08:32.906692Z[0m [32m INFO[0m [2mdashboard_server[0m[2m:[0m Executing on peer L3:lr-31415:long_run:P2: INSERT INTO users (id, email, name) VALUES (?, ?, ?)
[2m2026-05-16T01:08:32.928055Z[0m [32m INFO[0m [2mdashboard_server[0m[2m:[0m Executing on peer L3:lr-31415:long_run:P2: UPDATE users SET name = ? WHERE id = ?
[2m2026-05-16T01:08:32.950054Z[0m [32m INFO[0m [2mdashboard_server[0m[2m:[0m Executing on peer L3:lr-31415:long_run:P3: UPDATE users SET name = ? WHERE id = ?
[2m2026-05-16T01:08:32.971668Z[0m [32m INFO[0m [2mdashboard_server[0m[2m:[0m Executing on peer L3:lr-31415:long_run:P2: INSERT INTO users (id, email, name) VALUES (?, ?, ?)
[2m2026-05-16T01:08:32.992400Z[0m [32m INFO[0m [2mdashboard_server[0m[2m:[0m Executing on peer L3:lr-31415:long_run:P3: UPDATE users SET name = ? WHERE id = ?
[2m2026-05-16T01:08:33.014089Z[0m [32m INFO[0m [2mdashboard_server[0m[2m:[0m Executing on peer L3:lr-31415:long_run:P3: UPDATE users SET name = ? WHERE id = ?
[2m2026-05-16T01:08:33.035180Z[0m [32m INFO[0m [2mdashboard_server[0m[2m:[0m Executing on peer L3:lr-31415:long_run:P0: INSERT INTO users (id, email, name) VALUES (?, ?, ?)
[2m2026-05-16T01:08:33.056799Z[0m [32m INFO[0m [2mdashboard_server[0m[2m:[0m Executing on peer L3:lr-31415:long_run:P2: UPDATE users SET email = ? WHERE id = ?
[2m2026-05-16T01:08:33.078001Z[0m [32m INFO[0m [2mdashboard_server[0m[2m:[0m Sync request: L3:lr-31415:long_run:P2 -> L3:lr-31415:long_run:P3
[2m2026-05-16T01:08:33.104263Z[0m [32m INFO[0m [2mdashboard_server[0m[2m:[0m Executing on peer L3:lr-31415:long_run:P3: INSERT INTO users (id, email, name) VALUES (?, ?, ?)
[2m2026-05-16T01:08:33.125967Z[0m [32m INFO[0m [2mdashboard_server[0m[2m:[0m Executing on peer L3:lr-31415:long_run:P2: UPDATE users SET email = ? WHERE id = ?
[2m2026-05-16T01:08:33.147768Z[0m [32m INFO[0m [2mdashboard_server[0m[2m:[0m Sync request: L3:lr-31415:long_run:P3 -> L3:lr-31415:long_run:P1
[2m2026-05-16T01:08:33.174269Z[0m [32m INFO[0m [2mdashboard_server[0m[2m:[0m Executing on peer L3:lr-31415:long_run:P0: INSERT INTO users (id, email, name) VALUES (?, ?, ?)
[2m2026-05-16T01:08:33.195683Z[0m [32m INFO[0m [2mdashboard_server[0m[2m:[0m Sync request: L3:lr-31415:long_run:P1 -> L3:lr-31415:long_run:P2
[2m2026-05-16T01:08:33.222398Z[0m [32m INFO[0m [2mdashboard_server[0m[2m:[0m Sync request: L3:lr-31415:long_run:P1 -> L3:lr-31415:long_run:P2
[2m2026-05-16T01:08:33.248559Z[0m [32m INFO[0m [2mdashboard_server[0m[2m:[0m Executing on peer L3:lr-31415:long_run:P3: INSERT INTO users (id, email, name) VALUES (?, ?, ?)
[2m2026-05-16T01:08:33.270407Z[0m [32m INFO[0m [2mdashboard_server[0m[2m:[0m Executing on peer L3:lr-31415:long_run:P0: INSERT INTO users (id, email, name) VALUES (?, ?, ?)
[2m2026-05-16T01:08:33.292023Z[0m [32m INFO[0m [2mdashboard_server[0m[2m:[0m Executing on peer L3:lr-31415:long_run:P0: INSERT INTO users (id, email, name) VALUES (?, ?, ?)
[2m2026-05-16T01:08:33.314557Z[0m [32m INFO[0m [2mdashboard_server[0m[2m:[0m Executing on peer L3:lr-31415:long_run:P1: INSERT INTO users (id, email, name) VALUES (?, ?, ?)
[2m2026-05-16T01:08:33.337621Z[0m [32m INFO[0m [2mdashboard_server[0m[2m:[0m Executing on peer L3:lr-31415:long_run:P3: INSERT INTO users (id, email, name) VALUES (?, ?, ?)
[2m2026-05-16T01:08:33.358765Z[0m [32m INFO[0m [2mdashboard_server[0m[2m:[0m Executing on peer L3:lr-31415:long_run:P0: INSERT INTO users (id, email, name) VALUES (?, ?, ?)
[2m2026-05-16T01:08:33.380787Z[0m [32m INFO[0m [2mdashboard_server[0m[2m:[0m Executing on peer L3:lr-31415:long_run:P3: UPDATE users SET name = ? WHERE id = ?
[2m2026-05-16T01:08:33.402763Z[0m [32m INFO[0m [2mdashboard_server[0m[2m:[0m Executing on peer L3:lr-31415:long_run:P1: UPDATE users SET email = ? WHERE id = ?
[2m2026-05-16T01:08:33.424775Z[0m [32m INFO[0m [2mdashboard_server[0m[2m:[0m Executing on peer L3:lr-31415:long_run:P2: INSERT INTO users (id, email, name) VALUES (?, ?, ?)
[2m2026-05-16T01:08:33.446426Z[0m [32m INFO[0m [2mdashboard_server[0m[2m:[0m Executing on peer L3:lr-31415:long_run:P0: INSERT INTO users (id, email, name) VALUES (?, ?, ?)
[2m2026-05-16T01:08:33.467652Z[0m [32m INFO[0m [2mdashboard_server[0m[2m:[0m Executing on peer L3:lr-31415:long_run:P1: INSERT INTO users (id, email, name) VALUES (?, ?, ?)
[2m2026-05-16T01:08:33.488550Z[0m [32m INFO[0m [2mdashboard_server[0m[2m:[0m Executing on peer L3:lr-31415:long_run:P1: INSERT INTO users (id, email, name) VALUES (?, ?, ?)
[2m2026-05-16T01:08:33.509160Z[0m [32m INFO[0m [2mdashboard_server[0m[2m:[0m Sync request: L3:lr-31415:long_run:P1 -> L3:lr-31415:long_run:P0
[2m2026-05-16T01:08:33.536535Z[0m [32m INFO[0m [2mdashboard_server[0m[2m:[0m Executing on peer L3:lr-31415:long_run:P1: INSERT INTO users (id, email, name) VALUES (?, ?, ?)
[2m2026-05-16T01:08:33.558480Z[0m [32m INFO[0m [2mdashboard_server[0m[2m:[0m Executing on peer L3:lr-31415:long_run:P1: INSERT INTO users (id, email, name) VALUES (?, ?, ?)
[2m2026-05-16T01:08:33.580304Z[0m [32m INFO[0m [2mdashboard_server[0m[2m:[0m Executing on peer L3:lr-31415:long_run:P2: INSERT INTO users (id, email, name) VALUES (?, ?, ?)
[2m2026-05-16T01:08:33.602922Z[0m [32m INFO[0m [2mdashboard_server[0m[2m:[0m Executing on peer L3:lr-31415:long_run:P0: INSERT INTO users (id, email, name) VALUES (?, ?, ?)
[2m2026-05-16T01:08:33.624683Z[0m [32m INFO[0m [2mdashboard_server[0m[2m:[0m Executing on peer L3:lr-31415:long_run:P2: UPDATE users SET email = ? WHERE id = ?
[2m2026-05-16T01:08:33.647163Z[0m [32m INFO[0m [2mdashboard_server[0m[2m:[0m Sync request: L3:lr-31415:long_run:P3 -> L3:lr-31415:long_run:P0
[2m2026-05-16T01:08:33.675014Z[0m [32m INFO[0m [2mdashboard_server[0m[2m:[0m Executing on peer L3:lr-31415:long_run:P0: INSERT INTO users (id, email, name) VALUES (?, ?, ?)
[2m2026-05-16T01:08:33.697499Z[0m [32m INFO[0m [2mdashboard_server[0m[2m:[0m Executing on peer L3:lr-31415:long_run:P0: UPDATE users SET name = ? WHERE id = ?
[2m2026-05-16T01:08:33.720715Z[0m [32m INFO[0m [2mdashboard_server[0m[2m:[0m Executing on peer L3:lr-31415:long_run:P3: INSERT INTO users (id, email, name) VALUES (?, ?, ?)
[2m2026-05-16T01:08:33.743224Z[0m [32m INFO[0m [2mdashboard_server[0m[2m:[0m Executing on peer L3:lr-31415:long_run:P1: INSERT INTO users (id, email, name) VALUES (?, ?, ?)
[2m2026-05-16T01:08:33.765300Z[0m [32m INFO[0m [2mdashboard_server[0m[2m:[0m Sync request: L3:lr-31415:long_run:P0 -> L3:lr-31415:long_run:P1
[2m2026-05-16T01:08:33.792669Z[0m [32m INFO[0m [2mdashboard_server[0m[2m:[0m Executing on peer L3:lr-31415:long_run:P0: INSERT INTO users (id, email, name) VALUES (?, ?, ?)
[2m2026-05-16T01:08:33.815661Z[0m [32m INFO[0m [2mdashboard_server[0m[2m:[0m Executing on peer L3:lr-31415:long_run:P2: INSERT INTO users (id, email, name) VALUES (?, ?, ?)
[2m2026-05-16T01:08:33.837946Z[0m [32m INFO[0m [2mdashboard_server[0m[2m:[0m Executing on peer L3:lr-31415:long_run:P1: UPDATE users SET name = ? WHERE id = ?
[2m2026-05-16T01:08:33.860365Z[0m [32m INFO[0m [2mdashboard_server[0m[2m:[0m Executing on peer L3:lr-31415:long_run:P2: UPDATE users SET email = ? WHERE id = ?
[2m2026-05-16T01:08:33.882942Z[0m [32m INFO[0m [2mdashboard_server[0m[2m:[0m Sync request: L3:lr-31415:long_run:P0 -> L3:lr-31415:long_run:P1
[2m2026-05-16T01:08:33.909804Z[0m [32m INFO[0m [2mdashboard_server[0m[2m:[0m Sync request: L3:lr-31415:long_run:P0 -> L3:lr-31415:long_run:P2
[2m2026-05-16T01:08:33.938372Z[0m [32m INFO[0m [2mdashboard_server[0m[2m:[0m Executing on peer L3:lr-31415:long_run:P3: INSERT INTO users (id, email, name) VALUES (?, ?, ?)
[2m2026-05-16T01:08:33.960943Z[0m [32m INFO[0m [2mdashboard_server[0m[2m:[0m Executing on peer L3:lr-31415:long_run:P1: INSERT INTO users (id, email, name) VALUES (?, ?, ?)
[2m2026-05-16T01:08:33.983878Z[0m [32m INFO[0m [2mdashboard_server[0m[2m:[0m Executing on peer L3:lr-31415:long_run:P0: UPDATE users SET email = ? WHERE id = ?
[2m2026-05-16T01:08:34.007554Z[0m [32m INFO[0m [2mdashboard_server[0m[2m:[0m Sync request: L3:lr-31415:long_run:P1 -> L3:lr-31415:long_run:P0
[2m2026-05-16T01:08:34.035976Z[0m [32m INFO[0m [2mdashboard_server[0m[2m:[0m Executing on peer L3:lr-31415:long_run:P1: INSERT INTO users (id, email, name) VALUES (?, ?, ?)
[2m2026-05-16T01:08:34.058423Z[0m [32m INFO[0m [2mdashboard_server[0m[2m:[0m Executing on peer L3:lr-31415:long_run:P3: INSERT INTO users (id, email, name) VALUES (?, ?, ?)
[2m2026-05-16T01:08:34.081554Z[0m [32m INFO[0m [2mdashboard_server[0m[2m:[0m Executing on peer L3:lr-31415:long_run:P0: INSERT INTO users (id, email, name) VALUES (?, ?, ?)
[2m2026-05-16T01:08:34.105657Z[0m [32m INFO[0m [2mdashboard_server[0m[2m:[0m Executing on peer L3:lr-31415:long_run:P0: INSERT INTO users (id, email, name) VALUES (?, ?, ?)
[2m2026-05-16T01:08:34.129002Z[0m [32m INFO[0m [2mdashboard_server[0m[2m:[0m Executing on peer L3:lr-31415:long_run:P0: INSERT INTO users (id, email, name) VALUES (?, ?, ?)
[2m2026-05-16T01:08:34.151713Z[0m [32m INFO[0m [2mdashboard_server[0m[2m:[0m Executing on peer L3:lr-31415:long_run:P2: INSERT INTO users (id, email, name) VALUES (?, ?, ?)
[2m2026-05-16T01:08:34.174679Z[0m [32m INFO[0m [2mdashboard_server[0m[2m:[0m Executing on peer L3:lr-31415:long_run:P0: INSERT INTO users (id, email, name) VALUES (?, ?, ?)
[2m2026-05-16T01:08:34.198159Z[0m [32m INFO[0m [2mdashboard_server[0m[2m:[0m Executing on peer L3:lr-31415:long_run:P3: INSERT INTO users (id, email, name) VALUES (?, ?, ?)
[2m2026-05-16T01:08:34.221925Z[0m [32m INFO[0m [2mdashboard_server[0m[2m:[0m Executing on peer L3:lr-31415:long_run:P2: INSERT INTO users (id, email, name) VALUES (?, ?, ?)
[2m2026-05-16T01:08:34.244675Z[0m [32m INFO[0m [2mdashboard_server[0m[2m:[0m Executing on peer L3:lr-31415:long_run:P3: INSERT INTO users (id, email, name) VALUES (?, ?, ?)
[2m2026-05-16T01:08:34.267893Z[0m [32m INFO[0m [2mdashboard_server[0m[2m:[0m Executing on peer L3:lr-31415:long_run:P2: INSERT INTO users (id, email, name) VALUES (?, ?, ?)
[2m2026-05-16T01:08:34.290684Z[0m [32m INFO[0m [2mdashboard_server[0m[2m:[0m Executing on peer L3:lr-31415:long_run:P2: INSERT INTO users (id, email, name) VALUES (?, ?, ?)
[2m2026-05-16T01:08:34.314315Z[0m [32m INFO[0m [2mdashboard_server[0m[2m:[0m Executing on peer L3:lr-31415:long_run:P1: INSERT INTO users (id, email, name) VALUES (?, ?, ?)
[2m2026-05-16T01:08:34.337774Z[0m [32m INFO[0m [2mdashboard_server[0m[2m:[0m Executing on peer L3:lr-31415:long_run:P1: UPDATE users SET name = ? WHERE id = ?
[2m2026-05-16T01:08:34.360522Z[0m [32m INFO[0m [2mdashboard_server[0m[2m:[0m Executing on peer L3:lr-31415:long_run:P0: UPDATE users SET name = ? WHERE id = ?
[2m2026-05-16T01:08:34.384258Z[0m [32m INFO[0m [2mdashboard_server[0m[2m:[0m Executing on peer L3:lr-31415:long_run:P3: INSERT INTO users (id, email, name) VALUES (?, ?, ?)
[2m2026-05-16T01:08:34.407348Z[0m [32m INFO[0m [2mdashboard_server[0m[2m:[0m Executing on peer L3:lr-31415:long_run:P2: DELETE FROM users WHERE id = ?
[2m2026-05-16T01:08:34.430931Z[0m [32m INFO[0m [2mdashboard_server[0m[2m:[0m Executing on peer L3:lr-31415:long_run:P0: UPDATE users SET name = ? WHERE id = ?
[2m2026-05-16T01:08:34.454322Z[0m [32m INFO[0m [2mdashboard_server[0m[2m:[0m Executing on peer L3:lr-31415:long_run:P1: INSERT INTO users (id, email, name) VALUES (?, ?, ?)
[2m2026-05-16T01:08:34.476954Z[0m [32m INFO[0m [2mdashboard_server[0m[2m:[0m Sync request: L3:lr-31415:long_run:P3 -> L3:lr-31415:long_run:P1
[2m2026-05-16T01:08:34.507088Z[0m [32m INFO[0m [2mdashboard_server[0m[2m:[0m Executing on peer L3:lr-31415:long_run:P3: INSERT INTO users (id, email, name) VALUES (?, ?, ?)
[2m2026-05-16T01:08:34.530703Z[0m [32m INFO[0m [2mdashboard_server[0m[2m:[0m Executing on peer L3:lr-31415:long_run:P2: DELETE FROM users WHERE id = ?
[2m2026-05-16T01:08:34.554492Z[0m [32m INFO[0m [2mdashboard_server[0m[2m:[0m Executing on peer L3:lr-31415:long_run:P0: INSERT INTO users (id, email, name) VALUES (?, ?, ?)
[2m2026-05-16T01:08:34.577812Z[0m [32m INFO[0m [2mdashboard_server[0m[2m:[0m Executing on peer L3:lr-31415:long_run:P3: INSERT INTO users (id, email, name) VALUES (?, ?, ?)
[2m2026-05-16T01:08:34.601481Z[0m [32m INFO[0m [2mdashboard_server[0m[2m:[0m Executing on peer L3:lr-31415:long_run:P0: INSERT INTO users (id, email, name) VALUES (?, ?, ?)
[2m2026-05-16T01:08:34.625023Z[0m [32m INFO[0m [2mdashboard_server[0m[2m:[0m Sync request: L3:lr-31415:long_run:P0 -> L3:lr-31415:long_run:P3
[2m2026-05-16T01:08:34.655257Z[0m [32m INFO[0m [2mdashboard_server[0m[2m:[0m Executing on peer L3:lr-31415:long_run:P3: UPDATE users SET name = ? WHERE id = ?
[2m2026-05-16T01:08:34.679147Z[0m [32m INFO[0m [2mdashboard_server[0m[2m:[0m Executing on peer L3:lr-31415:long_run:P0: INSERT INTO users (id, email, name) VALUES (?, ?, ?)
[2m2026-05-16T01:08:34.703117Z[0m [32m INFO[0m [2mdashboard_server[0m[2m:[0m Executing on peer L3:lr-31415:long_run:P1: INSERT INTO users (id, email, name) VALUES (?, ?, ?)
[2m2026-05-16T01:08:34.726081Z[0m [32m INFO[0m [2mdashboard_server[0m[2m:[0m Executing on peer L3:lr-31415:long_run:P2: INSERT INTO users (id, email, name) VALUES (?, ?, ?)
[2m2026-05-16T01:08:34.749813Z[0m [32m INFO[0m [2mdashboard_server[0m[2m:[0m Executing on peer L3:lr-31415:long_run:P2: INSERT INTO users (id, email, name) VALUES (?, ?, ?)
[2m2026-05-16T01:08:34.773459Z[0m [32m INFO[0m [2mdashboard_server[0m[2m:[0m Executing on peer L3:lr-31415:long_run:P1: UPDATE users SET email = ? WHERE id = ?
[2m2026-05-16T01:08:34.797341Z[0m [32m INFO[0m [2mdashboard_server[0m[2m:[0m Executing on peer L3:lr-31415:long_run:P1: INSERT INTO users (id, email, name) VALUES (?, ?, ?)
[2m2026-05-16T01:08:34.821275Z[0m [32m INFO[0m [2mdashboard_server[0m[2m:[0m Executing on peer L3:lr-31415:long_run:P3: UPDATE users SET name = ? WHERE id = ?
[2m2026-05-16T01:08:34.883899Z[0m [32m INFO[0m [2mdashboard_server[0m[2m:[0m Executing on peer L3:lr-31415:long_run:P3: INSERT INTO users (id, email, name) VALUES (?, ?, ?)
[2m2026-05-16T01:08:34.907328Z[0m [32m INFO[0m [2mdashboard_server[0m[2m:[0m Sync request: L3:lr-31415:long_run:P2 -> L3:lr-31415:long_run:P3
[2m2026-05-16T01:08:34.937958Z[0m [32m INFO[0m [2mdashboard_server[0m[2m:[0m Executing on peer L3:lr-31415:long_run:P1: INSERT INTO users (id, email, name) VALUES (?, ?, ?)
[2m2026-05-16T01:08:34.961444Z[0m [32m INFO[0m [2mdashboard_server[0m[2m:[0m Executing on peer L3:lr-31415:long_run:P0: INSERT INTO users (id, email, name) VALUES (?, ?, ?)
[2m2026-05-16T01:08:34.986196Z[0m [32m INFO[0m [2mdashboard_server[0m[2m:[0m Sync request: L3:lr-31415:long_run:P1 -> L3:lr-31415:long_run:P0
[2m2026-05-16T01:08:35.017796Z[0m [32m INFO[0m [2mdashboard_server[0m[2m:[0m Sync request: L3:lr-31415:long_run:P0 -> L3:lr-31415:long_run:P3
[2m2026-05-16T01:08:35.049177Z[0m [32m INFO[0m [2mdashboard_server[0m[2m:[0m Sync request: L3:lr-31415:long_run:P0 -> L3:lr-31415:long_run:P2
[2m2026-05-16T01:08:35.080154Z[0m [32m INFO[0m [2mdashboard_server[0m[2m:[0m Executing on peer L3:lr-31415:long_run:P1: INSERT INTO users (id, email, name) VALUES (?, ?, ?)
[2m2026-05-16T01:08:35.104989Z[0m [32m INFO[0m [2mdashboard_server[0m[2m:[0m Executing on peer L3:lr-31415:long_run:P2: UPDATE users SET email = ? WHERE id = ?
[2m2026-05-16T01:08:35.129792Z[0m [32m INFO[0m [2mdashboard_server[0m[2m:[0m Executing on peer L3:lr-31415:long_run:P3: UPDATE users SET email = ? WHERE id = ?
[2m2026-05-16T01:08:35.153685Z[0m [32m INFO[0m [2mdashboard_server[0m[2m:[0m Executing on peer L3:lr-31415:long_run:P0: INSERT INTO users (id, email, name) VALUES (?, ?, ?)
[2m2026-05-16T01:08:35.180897Z[0m [32m INFO[0m [2mdashboard_server[0m[2m:[0m Executing on peer L3:lr-31415:long_run:P0: INSERT INTO users (id, email, name) VALUES (?, ?, ?)
[2m2026-05-16T01:08:35.206580Z[0m [32m INFO[0m [2mdashboard_server[0m[2m:[0m Executing on peer L3:lr-31415:long_run:P0: UPDATE users SET name = ? WHERE id = ?
[2m2026-05-16T01:08:35.231996Z[0m [32m INFO[0m [2mdashboard_server[0m[2m:[0m Executing on peer L3:lr-31415:long_run:P0: INSERT INTO users (id, email, name) VALUES (?, ?, ?)
[2m2026-05-16T01:08:35.256770Z[0m [32m INFO[0m [2mdashboard_server[0m[2m:[0m Executing on peer L3:lr-31415:long_run:P0: INSERT INTO users (id, email, name) VALUES (?, ?, ?)
[2m2026-05-16T01:08:35.281545Z[0m [32m INFO[0m [2mdashboard_server[0m[2m:[0m Executing on peer L3:lr-31415:long_run:P0: INSERT INTO users (id, email, name) VALUES (?, ?, ?)
[2m2026-05-16T01:08:35.305682Z[0m [32m INFO[0m [2mdashboard_server[0m[2m:[0m Sync request: L3:lr-31415:long_run:P3 -> L3:lr-31415:long_run:P0
[2m2026-05-16T01:08:35.337757Z[0m [32m INFO[0m [2mdashboard_server[0m[2m:[0m Executing on peer L3:lr-31415:long_run:P1: INSERT INTO users (id, email, name) VALUES (?, ?, ?)
[2m2026-05-16T01:08:35.362156Z[0m [32m INFO[0m [2mdashboard_server[0m[2m:[0m Sync request: L3:lr-31415:long_run:P3 -> L3:lr-31415:long_run:P0
[2m2026-05-16T01:08:35.393365Z[0m [32m INFO[0m [2mdashboard_server[0m[2m:[0m Sync request: L3:lr-31415:long_run:P3 -> L3:lr-31415:long_run:P1
[2m2026-05-16T01:08:35.425128Z[0m [32m INFO[0m [2mdashboard_server[0m[2m:[0m Executing on peer L3:lr-31415:long_run:P1: INSERT INTO users (id, email, name) VALUES (?, ?, ?)
[2m2026-05-16T01:08:35.450562Z[0m [32m INFO[0m [2mdashboard_server[0m[2m:[0m Executing on peer L3:lr-31415:long_run:P3: UPDATE users SET name = ? WHERE id = ?
[2m2026-05-16T01:08:35.475807Z[0m [32m INFO[0m [2mdashboard_server[0m[2m:[0m Executing on peer L3:lr-31415:long_run:P2: INSERT INTO users (id, email, name) VALUES (?, ?, ?)
[2m2026-05-16T01:08:35.501216Z[0m [32m INFO[0m [2mdashboard_server[0m[2m:[0m Executing on peer L3:lr-31415:long_run:P0: INSERT INTO users (id, email, name) VALUES (?, ?, ?)
[2m2026-05-16T01:08:35.525554Z[0m [32m INFO[0m [2mdashboard_server[0m[2m:[0m Sync request: L3:lr-31415:long_run:P0 -> L3:lr-31415:long_run:P3
[2m2026-05-16T01:08:35.557427Z[0m [32m INFO[0m [2mdashboard_server[0m[2m:[0m Executing on peer L3:lr-31415:long_run:P1: INSERT INTO users (id, email, name) VALUES (?, ?, ?)
[2m2026-05-16T01:08:35.581222Z[0m [32m INFO[0m [2mdashboard_server[0m[2m:[0m Executing on peer L3:lr-31415:long_run:P1: INSERT INTO users (id, email, name) VALUES (?, ?, ?)
[2m2026-05-16T01:08:35.607686Z[0m [32m INFO[0m [2mdashboard_server[0m[2m:[0m Executing on peer L3:lr-31415:long_run:P3: INSERT INTO users (id, email, name) VALUES (?, ?, ?)
[2m2026-05-16T01:08:35.632287Z[0m [32m INFO[0m [2mdashboard_server[0m[2m:[0m Sync request: L3:lr-31415:long_run:P1 -> L3:lr-31415:long_run:P3
[2m2026-05-16T01:08:35.664233Z[0m [32m INFO[0m [2mdashboard_server[0m[2m:[0m Executing on peer L3:lr-31415:long_run:P3: INSERT INTO users (id, email, name) VALUES (?, ?, ?)
[2m2026-05-16T01:08:35.689337Z[0m [32m INFO[0m [2mdashboard_server[0m[2m:[0m Executing on peer L3:lr-31415:long_run:P3: INSERT INTO users (id, email, name) VALUES (?, ?, ?)
[2m2026-05-16T01:08:35.713936Z[0m [32m INFO[0m [2mdashboard_server[0m[2m:[0m Sync request: L3:lr-31415:long_run:P1 -> L3:lr-31415:long_run:P0
[2m2026-05-16T01:08:35.746143Z[0m [32m INFO[0m [2mdashboard_server[0m[2m:[0m Executing on peer L3:lr-31415:long_run:P2: DELETE FROM users WHERE id = ?
[2m2026-05-16T01:08:35.771429Z[0m [32m INFO[0m [2mdashboard_server[0m[2m:[0m Executing on peer L3:lr-31415:long_run:P2: INSERT INTO users (id, email, name) VALUES (?, ?, ?)
[2m2026-05-16T01:08:35.796370Z[0m [32m INFO[0m [2mdashboard_server[0m[2m:[0m Sync request: L3:lr-31415:long_run:P1 -> L3:lr-31415:long_run:P3
[2m2026-05-16T01:08:35.828053Z[0m [32m INFO[0m [2mdashboard_server[0m[2m:[0m Executing on peer L3:lr-31415:long_run:P1: INSERT INTO users (id, email, name) VALUES (?, ?, ?)
[2m2026-05-16T01:08:35.853828Z[0m [32m INFO[0m [2mdashboard_server[0m[2m:[0m Executing on peer L3:lr-31415:long_run:P3: UPDATE users SET name = ? WHERE id = ?
[2m2026-05-16T01:08:35.879087Z[0m [32m INFO[0m [2mdashboard_server[0m[2m:[0m Executing on peer L3:lr-31415:long_run:P1: INSERT INTO users (id, email, name) VALUES (?, ?, ?)
[2m2026-05-16T01:08:35.904720Z[0m [32m INFO[0m [2mdashboard_server[0m[2m:[0m Executing on peer L3:lr-31415:long_run:P3: INSERT INTO users (id, email, name) VALUES (?, ?, ?)
[2m2026-05-16T01:08:35.930411Z[0m [32m INFO[0m [2mdashboard_server[0m[2m:[0m Sync request: L3:lr-31415:long_run:P2 -> L3:lr-31415:long_run:P3
[2m2026-05-16T01:08:35.963238Z[0m [32m INFO[0m [2mdashboard_server[0m[2m:[0m Executing on peer L3:lr-31415:long_run:P0: INSERT INTO users (id, email, name) VALUES (?, ?, ?)
[2m2026-05-16T01:08:35.988852Z[0m [32m INFO[0m [2mdashboard_server[0m[2m:[0m Executing on peer L3:lr-31415:long_run:P2: UPDATE users SET name = ? WHERE id = ?
[2m2026-05-16T01:08:36.014761Z[0m [32m INFO[0m [2mdashboard_server[0m[2m:[0m Executing on peer L3:lr-31415:long_run:P2: UPDATE users SET name = ? WHERE id = ?
[2m2026-05-16T01:08:36.040701Z[0m [32m INFO[0m [2mdashboard_server[0m[2m:[0m Executing on peer L3:lr-31415:long_run:P1: UPDATE users SET name = ? WHERE id = ?
[2m2026-05-16T01:08:36.067608Z[0m [32m INFO[0m [2mdashboard_server[0m[2m:[0m Executing on peer L3:lr-31415:long_run:P1: UPDATE users SET email = ? WHERE id = ?
[2m2026-05-16T01:08:36.094710Z[0m [32m INFO[0m [2mdashboard_server[0m[2m:[0m Executing on peer L3:lr-31415:long_run:P1: INSERT INTO users (id, email, name) VALUES (?, ?, ?)
[2m2026-05-16T01:08:36.120864Z[0m [32m INFO[0m [2mdashboard_server[0m[2m:[0m Executing on peer L3:lr-31415:long_run:P2: INSERT INTO users (id, email, name) VALUES (?, ?, ?)
[2m2026-05-16T01:08:36.145552Z[0m [32m INFO[0m [2mdashboard_server[0m[2m:[0m Executing on peer L3:lr-31415:long_run:P2: INSERT INTO users (id, email, name) VALUES (?, ?, ?)
[2m2026-05-16T01:08:36.171793Z[0m [32m INFO[0m [2mdashboard_server[0m[2m:[0m Executing on peer L3:lr-31415:long_run:P0: INSERT INTO users (id, email, name) VALUES (?, ?, ?)
[2m2026-05-16T01:08:36.197641Z[0m [32m INFO[0m [2mdashboard_server[0m[2m:[0m Executing on peer L3:lr-31415:long_run:P1: INSERT INTO users (id, email, name) VALUES (?, ?, ?)
[2m2026-05-16T01:08:36.223791Z[0m [32m INFO[0m [2mdashboard_server[0m[2m:[0m Executing on peer L3:lr-31415:long_run:P1: UPDATE users SET name = ? WHERE id = ?
[2m2026-05-16T01:08:36.249725Z[0m [32m INFO[0m [2mdashboard_server[0m[2m:[0m Executing on peer L3:lr-31415:long_run:P2: INSERT INTO users (id, email, name) VALUES (?, ?, ?)
[2m2026-05-16T01:08:36.275212Z[0m [32m INFO[0m [2mdashboard_server[0m[2m:[0m Executing on peer L3:lr-31415:long_run:P3: INSERT INTO users (id, email, name) VALUES (?, ?, ?)
[2m2026-05-16T01:08:36.300196Z[0m [32m INFO[0m [2mdashboard_server[0m[2m:[0m Executing on peer L3:lr-31415:long_run:P2: INSERT INTO users (id, email, name) VALUES (?, ?, ?)
[2m2026-05-16T01:08:36.326669Z[0m [32m INFO[0m [2mdashboard_server[0m[2m:[0m Executing on peer L3:lr-31415:long_run:P2: UPDATE users SET name = ? WHERE id = ?
[2m2026-05-16T01:08:36.353495Z[0m [32m INFO[0m [2mdashboard_server[0m[2m:[0m Executing on peer L3:lr-31415:long_run:P3: INSERT INTO users (id, email, name) VALUES (?, ?, ?)
[2m2026-05-16T01:08:36.378907Z[0m [32m INFO[0m [2mdashboard_server[0m[2m:[0m Executing on peer L3:lr-31415:long_run:P2: INSERT INTO users (id, email, name) VALUES (?, ?, ?)
[2m2026-05-16T01:08:36.404873Z[0m [32m INFO[0m [2mdashboard_server[0m[2m:[0m Executing on peer L3:lr-31415:long_run:P1: INSERT INTO users (id, email, name) VALUES (?, ?, ?)
[2m2026-05-16T01:08:36.430871Z[0m [32m INFO[0m [2mdashboard_server[0m[2m:[0m Executing on peer L3:lr-31415:long_run:P1: DELETE FROM users WHERE id = ?
[2m2026-05-16T01:08:36.457085Z[0m [32m INFO[0m [2mdashboard_server[0m[2m:[0m Executing on peer L3:lr-31415:long_run:P3: INSERT INTO users (id, email, name) VALUES (?, ?, ?)
[2m2026-05-16T01:08:36.483069Z[0m [32m INFO[0m [2mdashboard_server[0m[2m:[0m Executing on peer L3:lr-31415:long_run:P2: DELETE FROM users WHERE id = ?
[2m2026-05-16T01:08:36.508252Z[0m [32m INFO[0m [2mdashboard_server[0m[2m:[0m Sync request: L3:lr-31415:long_run:P1 -> L3:lr-31415:long_run:P3
[2m2026-05-16T01:08:36.542012Z[0m [32m INFO[0m [2mdashboard_server[0m[2m:[0m Executing on peer L3:lr-31415:long_run:P0: INSERT INTO users (id, email, name) VALUES (?, ?, ?)
[2m2026-05-16T01:08:36.568112Z[0m [32m INFO[0m [2mdashboard_server[0m[2m:[0m Executing on peer L3:lr-31415:long_run:P3: UPDATE users SET name = ? WHERE id = ?
[2m2026-05-16T01:08:36.593546Z[0m [32m INFO[0m [2mdashboard_server[0m[2m:[0m Executing on peer L3:lr-31415:long_run:P1: INSERT INTO users (id, email, name) VALUES (?, ?, ?)
[2m2026-05-16T01:08:36.619859Z[0m [32m INFO[0m [2mdashboard_server[0m[2m:[0m Executing on peer L3:lr-31415:long_run:P0: UPDATE users SET name = ? WHERE id = ?
[2m2026-05-16T01:08:36.645739Z[0m [32m INFO[0m [2mdashboard_server[0m[2m:[0m Executing on peer L3:lr-31415:long_run:P0: INSERT INTO users (id, email, name) VALUES (?, ?, ?)
[2m2026-05-16T01:08:36.671648Z[0m [32m INFO[0m [2mdashboard_server[0m[2m:[0m Executing on peer L3:lr-31415:long_run:P0: DELETE FROM users WHERE id = ?
[2m2026-05-16T01:08:36.698077Z[0m [32m INFO[0m [2mdashboard_server[0m[2m:[0m Executing on peer L3:lr-31415:long_run:P3: INSERT INTO users (id, email, name) VALUES (?, ?, ?)
[2m2026-05-16T01:08:36.724084Z[0m [32m INFO[0m [2mdashboard_server[0m[2m:[0m Executing on peer L3:lr-31415:long_run:P1: UPDATE users SET name = ? WHERE id = ?
[2m2026-05-16T01:08:36.749964Z[0m [32m INFO[0m [2mdashboard_server[0m[2m:[0m Sync request: L3:lr-31415:long_run:P0 -> L3:lr-31415:long_run:P2
[2m2026-05-16T01:08:36.784451Z[0m [32m INFO[0m [2mdashboard_server[0m[2m:[0m Executing on peer L3:lr-31415:long_run:P2: INSERT INTO users (id, email, name) VALUES (?, ?, ?)
[2m2026-05-16T01:08:36.810222Z[0m [32m INFO[0m [2mdashboard_server[0m[2m:[0m Executing on peer L3:lr-31415:long_run:P2: INSERT INTO users (id, email, name) VALUES (?, ?, ?)
[2m2026-05-16T01:08:36.882638Z[0m [32m INFO[0m [2mdashboard_server[0m[2m:[0m Executing on peer L3:lr-31415:long_run:P3: INSERT INTO users (id, email, name) VALUES (?, ?, ?)
[2m2026-05-16T01:08:36.909014Z[0m [32m INFO[0m [2mdashboard_server[0m[2m:[0m Executing on peer L3:lr-31415:long_run:P1: INSERT INTO users (id, email, name) VALUES (?, ?, ?)
[2m2026-05-16T01:08:36.935522Z[0m [32m INFO[0m [2mdashboard_server[0m[2m:[0m Sync request: L3:lr-31415:long_run:P2 -> L3:lr-31415:long_run:P0
[2m2026-05-16T01:08:36.969005Z[0m [32m INFO[0m [2mdashboard_server[0m[2m:[0m Executing on peer L3:lr-31415:long_run:P0: UPDATE users SET name = ? WHERE id = ?
[2m2026-05-16T01:08:36.994585Z[0m [32m INFO[0m [2mdashboard_server[0m[2m:[0m Executing on peer L3:lr-31415:long_run:P2: UPDATE users SET name = ? WHERE id = ?
[2m2026-05-16T01:08:37.021986Z[0m [32m INFO[0m [2mdashboard_server[0m[2m:[0m Executing on peer L3:lr-31415:long_run:P2: INSERT INTO users (id, email, name) VALUES (?, ?, ?)
[2m2026-05-16T01:08:37.048630Z[0m [32m INFO[0m [2mdashboard_server[0m[2m:[0m Executing on peer L3:lr-31415:long_run:P0: INSERT INTO users (id, email, name) VALUES (?, ?, ?)
[2m2026-05-16T01:08:37.075502Z[0m [32m INFO[0m [2mdashboard_server[0m[2m:[0m Sync request: L3:lr-31415:long_run:P3 -> L3:lr-31415:long_run:P2
[2m2026-05-16T01:08:37.110731Z[0m [32m INFO[0m [2mdashboard_server[0m[2m:[0m Executing on peer L3:lr-31415:long_run:P0: INSERT INTO users (id, email, name) VALUES (?, ?, ?)
[2m2026-05-16T01:08:37.138030Z[0m [32m INFO[0m [2mdashboard_server[0m[2m:[0m Executing on peer L3:lr-31415:long_run:P1: UPDATE users SET name = ? WHERE id = ?
[2m2026-05-16T01:08:37.164869Z[0m [32m INFO[0m [2mdashboard_server[0m[2m:[0m Executing on peer L3:lr-31415:long_run:P2: DELETE FROM users WHERE id = ?
[2m2026-05-16T01:08:37.191703Z[0m [32m INFO[0m [2mdashboard_server[0m[2m:[0m Executing on peer L3:lr-31415:long_run:P3: INSERT INTO users (id, email, name) VALUES (?, ?, ?)
[2m2026-05-16T01:08:37.219173Z[0m [32m INFO[0m [2mdashboard_server[0m[2m:[0m Executing on peer L3:lr-31415:long_run:P2: INSERT INTO users (id, email, name) VALUES (?, ?, ?)
[2m2026-05-16T01:08:37.245566Z[0m [32m INFO[0m [2mdashboard_server[0m[2m:[0m Executing on peer L3:lr-31415:long_run:P1: UPDATE users SET email = ? WHERE id = ?
[2m2026-05-16T01:08:37.272738Z[0m [32m INFO[0m [2mdashboard_server[0m[2m:[0m Executing on peer L3:lr-31415:long_run:P3: UPDATE users SET email = ? WHERE id = ?
[2m2026-05-16T01:08:37.298939Z[0m [32m INFO[0m [2mdashboard_server[0m[2m:[0m Executing on peer L3:lr-31415:long_run:P1: UPDATE users SET email = ? WHERE id = ?
[2m2026-05-16T01:08:37.325747Z[0m [32m INFO[0m [2mdashboard_server[0m[2m:[0m Sync request: L3:lr-31415:long_run:P0 -> L3:lr-31415:long_run:P3
[2m2026-05-16T01:08:37.362086Z[0m [32m INFO[0m [2mdashboard_server[0m[2m:[0m Executing on peer L3:lr-31415:long_run:P1: UPDATE users SET email = ? WHERE id = ?
[2m2026-05-16T01:08:37.389395Z[0m [32m INFO[0m [2mdashboard_server[0m[2m:[0m Executing on peer L3:lr-31415:long_run:P2: UPDATE users SET email = ? WHERE id = ?
[2m2026-05-16T01:08:37.416949Z[0m [32m INFO[0m [2mdashboard_server[0m[2m:[0m Executing on peer L3:lr-31415:long_run:P0: INSERT INTO users (id, email, name) VALUES (?, ?, ?)
[2m2026-05-16T01:08:37.443950Z[0m [32m INFO[0m [2mdashboard_server[0m[2m:[0m Executing on peer L3:lr-31415:long_run:P1: UPDATE users SET email = ? WHERE id = ?
[2m2026-05-16T01:08:37.471216Z[0m [32m INFO[0m [2mdashboard_server[0m[2m:[0m Sync request: L3:lr-31415:long_run:P1 -> L3:lr-31415:long_run:P0
[2m2026-05-16T01:08:37.507733Z[0m [32m INFO[0m [2mdashboard_server[0m[2m:[0m Executing on peer L3:lr-31415:long_run:P1: INSERT INTO users (id, email, name) VALUES (?, ?, ?)
[2m2026-05-16T01:08:37.534980Z[0m [32m INFO[0m [2mdashboard_server[0m[2m:[0m Executing on peer L3:lr-31415:long_run:P1: UPDATE users SET email = ? WHERE id = ?
[2m2026-05-16T01:08:37.561792Z[0m [32m INFO[0m [2mdashboard_server[0m[2m:[0m Executing on peer L3:lr-31415:long_run:P3: INSERT INTO users (id, email, name) VALUES (?, ?, ?)
[2m2026-05-16T01:08:37.590008Z[0m [32m INFO[0m [2mdashboard_server[0m[2m:[0m Executing on peer L3:lr-31415:long_run:P2: UPDATE users SET name = ? WHERE id = ?
[2m2026-05-16T01:08:37.617416Z[0m [32m INFO[0m [2mdashboard_server[0m[2m:[0m Executing on peer L3:lr-31415:long_run:P2: INSERT INTO users (id, email, name) VALUES (?, ?, ?)
[2m2026-05-16T01:08:37.644601Z[0m [32m INFO[0m [2mdashboard_server[0m[2m:[0m Executing on peer L3:lr-31415:long_run:P2: INSERT INTO users (id, email, name) VALUES (?, ?, ?)
[2m2026-05-16T01:08:37.672237Z[0m [32m INFO[0m [2mdashboard_server[0m[2m:[0m Executing on peer L3:lr-31415:long_run:P1: INSERT INTO users (id, email, name) VALUES (?, ?, ?)
[2m2026-05-16T01:08:37.699861Z[0m [32m INFO[0m [2mdashboard_server[0m[2m:[0m Executing on peer L3:lr-31415:long_run:P0: UPDATE users SET email = ? WHERE id = ?
[2m2026-05-16T01:08:37.726948Z[0m [32m INFO[0m [2mdashboard_server[0m[2m:[0m Sync request: L3:lr-31415:long_run:P3 -> L3:lr-31415:long_run:P0
[2m2026-05-16T01:08:37.763380Z[0m [32m INFO[0m [2mdashboard_server[0m[2m:[0m Executing on peer L3:lr-31415:long_run:P1: UPDATE users SET email = ? WHERE id = ?
[2m2026-05-16T01:08:37.791258Z[0m [32m INFO[0m [2mdashboard_server[0m[2m:[0m Executing on peer L3:lr-31415:long_run:P2: DELETE FROM users WHERE id = ?
[2m2026-05-16T01:08:37.819240Z[0m [32m INFO[0m [2mdashboard_server[0m[2m:[0m Executing on peer L3:lr-31415:long_run:P3: INSERT INTO users (id, email, name) VALUES (?, ?, ?)
[2m2026-05-16T01:08:37.846156Z[0m [32m INFO[0m [2mdashboard_server[0m[2m:[0m Executing on peer L3:lr-31415:long_run:P3: INSERT INTO users (id, email, name) VALUES (?, ?, ?)
[2m2026-05-16T01:08:37.873665Z[0m [32m INFO[0m [2mdashboard_server[0m[2m:[0m Executing on peer L3:lr-31415:long_run:P3: DELETE FROM users WHERE id = ?
[2m2026-05-16T01:08:37.901302Z[0m [32m INFO[0m [2mdashboard_server[0m[2m:[0m Sync request: L3:lr-31415:long_run:P2 -> L3:lr-31415:long_run:P1
[2m2026-05-16T01:08:37.938548Z[0m [32m INFO[0m [2mdashboard_server[0m[2m:[0m Sync request: L3:lr-31415:long_run:P3 -> L3:lr-31415:long_run:P0
[2m2026-05-16T01:08:37.974288Z[0m [32m INFO[0m [2mdashboard_server[0m[2m:[0m Executing on peer L3:lr-31415:long_run:P0: INSERT INTO users (id, email, name) VALUES (?, ?, ?)
[2m2026-05-16T01:08:38.002167Z[0m [32m INFO[0m [2mdashboard_server[0m[2m:[0m Executing on peer L3:lr-31415:long_run:P1: UPDATE users SET name = ? WHERE id = ?
[2m2026-05-16T01:08:38.029968Z[0m [32m INFO[0m [2mdashboard_server[0m[2m:[0m Executing on peer L3:lr-31415:long_run:P1: UPDATE users SET email = ? WHERE id = ?
[2m2026-05-16T01:08:38.057356Z[0m [32m INFO[0m [2mdashboard_server[0m[2m:[0m Sync request: L3:lr-31415:long_run:P1 -> L3:lr-31415:long_run:P2
[2m2026-05-16T01:08:38.092208Z[0m [32m INFO[0m [2mdashboard_server[0m[2m:[0m Sync request: L3:lr-31415:long_run:P0 -> L3:lr-31415:long_run:P2
[2m2026-05-16T01:08:38.128105Z[0m [32m INFO[0m [2mdashboard_server[0m[2m:[0m Sync request: L3:lr-31415:long_run:P0 -> L3:lr-31415:long_run:P2
[2m2026-05-16T01:08:38.163864Z[0m [32m INFO[0m [2mdashboard_server[0m[2m:[0m Executing on peer L3:lr-31415:long_run:P3: INSERT INTO users (id, email, name) VALUES (?, ?, ?)
[2m2026-05-16T01:08:38.191379Z[0m [32m INFO[0m [2mdashboard_server[0m[2m:[0m Executing on peer L3:lr-31415:long_run:P3: INSERT INTO users (id, email, name) VALUES (?, ?, ?)
[2m2026-05-16T01:08:38.219773Z[0m [32m INFO[0m [2mdashboard_server[0m[2m:[0m Executing on peer L3:lr-31415:long_run:P2: INSERT INTO users (id, email, name) VALUES (?, ?, ?)
[2m2026-05-16T01:08:38.247625Z[0m [32m INFO[0m [2mdashboard_server[0m[2m:[0m Executing on peer L3:lr-31415:long_run:P2: INSERT INTO users (id, email, name) VALUES (?, ?, ?)
[2m2026-05-16T01:08:38.275227Z[0m [32m INFO[0m [2mdashboard_server[0m[2m:[0m Executing on peer L3:lr-31415:long_run:P2: INSERT INTO users (id, email, name) VALUES (?, ?, ?)
[2m2026-05-16T01:08:38.302124Z[0m [32m INFO[0m [2mdashboard_server[0m[2m:[0m Executing on peer L3:lr-31415:long_run:P1: INSERT INTO users (id, email, name) VALUES (?, ?, ?)
[2m2026-05-16T01:08:38.331028Z[0m [32m INFO[0m [2mdashboard_server[0m[2m:[0m Executing on peer L3:lr-31415:long_run:P3: INSERT INTO users (id, email, name) VALUES (?, ?, ?)
[2m2026-05-16T01:08:38.358321Z[0m [32m INFO[0m [2mdashboard_server[0m[2m:[0m Sync request: L3:lr-31415:long_run:P1 -> L3:lr-31415:long_run:P0
[2m2026-05-16T01:08:38.394574Z[0m [32m INFO[0m [2mdashboard_server[0m[2m:[0m Sync request: L3:lr-31415:long_run:P0 -> L3:lr-31415:long_run:P3
[2m2026-05-16T01:08:38.519959Z[0m [32m INFO[0m [2mdashboard_server[0m[2m:[0m Executing on peer L3:lr-31415:long_run:P3: INSERT INTO users (id, email, name) VALUES (?, ?, ?)
[2m2026-05-16T01:08:38.563644Z[0m [32m INFO[0m [2mdashboard_server[0m[2m:[0m Sync request: L3:lr-31415:long_run:P1 -> L3:lr-31415:long_run:P2
[2m2026-05-16T01:08:38.601682Z[0m [32m INFO[0m [2mdashboard_server[0m[2m:[0m Executing on peer L3:lr-31415:long_run:P0: INSERT INTO users (id, email, name) VALUES (?, ?, ?)
[2m2026-05-16T01:08:38.631449Z[0m [32m INFO[0m [2mdashboard_server[0m[2m:[0m Executing on peer L3:lr-31415:long_run:P0: INSERT INTO users (id, email, name) VALUES (?, ?, ?)
[2m2026-05-16T01:08:38.660511Z[0m [32m INFO[0m [2mdashboard_server[0m[2m:[0m Executing on peer L3:lr-31415:long_run:P3: INSERT INTO users (id, email, name) VALUES (?, ?, ?)
[2m2026-05-16T01:08:38.688857Z[0m [32m INFO[0m [2mdashboard_server[0m[2m:[0m Executing on peer L3:lr-31415:long_run:P0: INSERT INTO users (id, email, name) VALUES (?, ?, ?)
[2m2026-05-16T01:08:38.716162Z[0m [32m INFO[0m [2mdashboard_server[0m[2m:[0m Executing on peer L3:lr-31415:long_run:P1: INSERT INTO users (id, email, name) VALUES (?, ?, ?)
[2m2026-05-16T01:08:38.744765Z[0m [32m INFO[0m [2mdashboard_server[0m[2m:[0m Executing on peer L3:lr-31415:long_run:P2: INSERT INTO users (id, email, name) VALUES (?, ?, ?)
[2m2026-05-16T01:08:38.772977Z[0m [32m INFO[0m [2mdashboard_server[0m[2m:[0m Executing on peer L3:lr-31415:long_run:P3: INSERT INTO users (id, email, name) VALUES (?, ?, ?)
[2m2026-05-16T01:08:38.800533Z[0m [32m INFO[0m [2mdashboard_server[0m[2m:[0m Sync request: L3:lr-31415:long_run:P0 -> L3:lr-31415:long_run:P2
[2m2026-05-16T01:08:38.886751Z[0m [32m INFO[0m [2mdashboard_server[0m[2m:[0m Executing on peer L3:lr-31415:long_run:P1: INSERT INTO users (id, email, name) VALUES (?, ?, ?)
[2m2026-05-16T01:08:38.914861Z[0m [32m INFO[0m [2mdashboard_server[0m[2m:[0m Sync request: L3:lr-31415:long_run:P1 -> L3:lr-31415:long_run:P0
[2m2026-05-16T01:08:38.952267Z[0m [32m INFO[0m [2mdashboard_server[0m[2m:[0m Executing on peer L3:lr-31415:long_run:P2: DELETE FROM users WHERE id = ?
[2m2026-05-16T01:08:38.981009Z[0m [32m INFO[0m [2mdashboard_server[0m[2m:[0m Executing on peer L3:lr-31415:long_run:P0: INSERT INTO users (id, email, name) VALUES (?, ?, ?)
[2m2026-05-16T01:08:39.009619Z[0m [32m INFO[0m [2mdashboard_server[0m[2m:[0m Sync request: L3:lr-31415:long_run:P1 -> L3:lr-31415:long_run:P2
[2m2026-05-16T01:08:39.070867Z[0m [32m INFO[0m [2mdashboard_server[0m[2m:[0m Executing on peer L3:lr-31415:long_run:P3: UPDATE users SET name = ? WHERE id = ?
[2m2026-05-16T01:08:39.160389Z[0m [32m INFO[0m [2mdashboard_server[0m[2m:[0m Sync request: L3:lr-31415:long_run:P3 -> L3:lr-31415:long_run:P0
[2m2026-05-16T01:08:39.256823Z[0m [32m INFO[0m [2mdashboard_server[0m[2m:[0m Executing on peer L3:lr-31415:long_run:P1: INSERT INTO users (id, email, name) VALUES (?, ?, ?)
[2m2026-05-16T01:08:39.289038Z[0m [32m INFO[0m [2mdashboard_server[0m[2m:[0m Executing on peer L3:lr-31415:long_run:P0: INSERT INTO users (id, email, name) VALUES (?, ?, ?)
[2m2026-05-16T01:08:39.320584Z[0m [32m INFO[0m [2mdashboard_server[0m[2m:[0m Executing on peer L3:lr-31415:long_run:P1: INSERT INTO users (id, email, name) VALUES (?, ?, ?)
[2m2026-05-16T01:08:39.352649Z[0m [32m INFO[0m [2mdashboard_server[0m[2m:[0m Executing on peer L3:lr-31415:long_run:P2: INSERT INTO users (id, email, name) VALUES (?, ?, ?)
[2m2026-05-16T01:08:39.382887Z[0m [32m INFO[0m [2mdashboard_server[0m[2m:[0m Executing on peer L3:lr-31415:long_run:P0: UPDATE users SET email = ? WHERE id = ?
[2m2026-05-16T01:08:39.413306Z[0m [32m INFO[0m [2mdashboard_server[0m[2m:[0m Executing on peer L3:lr-31415:long_run:P0: INSERT INTO users (id, email, name) VALUES (?, ?, ?)
[2m2026-05-16T01:08:39.443016Z[0m [32m INFO[0m [2mdashboard_server[0m[2m:[0m Executing on peer L3:lr-31415:long_run:P1: INSERT INTO users (id, email, name) VALUES (?, ?, ?)
[2m2026-05-16T01:08:39.472245Z[0m [32m INFO[0m [2mdashboard_server[0m[2m:[0m Sync request: L3:lr-31415:long_run:P3 -> L3:lr-31415:long_run:P0
[2m2026-05-16T01:08:39.511486Z[0m [32m INFO[0m [2mdashboard_server[0m[2m:[0m Executing on peer L3:lr-31415:long_run:P1: DELETE FROM users WHERE id = ?
[2m2026-05-16T01:08:39.540805Z[0m [32m INFO[0m [2mdashboard_server[0m[2m:[0m Executing on peer L3:lr-31415:long_run:P1: UPDATE users SET name = ? WHERE id = ?
[2m2026-05-16T01:08:39.570159Z[0m [32m INFO[0m [2mdashboard_server[0m[2m:[0m Executing on peer L3:lr-31415:long_run:P0: INSERT INTO users (id, email, name) VALUES (?, ?, ?)
[2m2026-05-16T01:08:39.599405Z[0m [32m INFO[0m [2mdashboard_server[0m[2m:[0m Sync request: L3:lr-31415:long_run:P3 -> L3:lr-31415:long_run:P2
[2m2026-05-16T01:08:39.638923Z[0m [32m INFO[0m [2mdashboard_server[0m[2m:[0m Executing on peer L3:lr-31415:long_run:P1: INSERT INTO users (id, email, name) VALUES (?, ?, ?)
[2m2026-05-16T01:08:39.668480Z[0m [32m INFO[0m [2mdashboard_server[0m[2m:[0m Executing on peer L3:lr-31415:long_run:P3: INSERT INTO users (id, email, name) VALUES (?, ?, ?)
[2m2026-05-16T01:08:39.697957Z[0m [32m INFO[0m [2mdashboard_server[0m[2m:[0m Executing on peer L3:lr-31415:long_run:P1: INSERT INTO users (id, email, name) VALUES (?, ?, ?)
[2m2026-05-16T01:08:39.726965Z[0m [32m INFO[0m [2mdashboard_server[0m[2m:[0m Executing on peer L3:lr-31415:long_run:P1: INSERT INTO users (id, email, name) VALUES (?, ?, ?)
[2m2026-05-16T01:08:39.756152Z[0m [32m INFO[0m [2mdashboard_server[0m[2m:[0m Executing on peer L3:lr-31415:long_run:P0: UPDATE users SET name = ? WHERE id = ?
[2m2026-05-16T01:08:39.787299Z[0m [32m INFO[0m [2mdashboard_server[0m[2m:[0m Executing on peer L3:lr-31415:long_run:P2: INSERT INTO users (id, email, name) VALUES (?, ?, ?)
[2m2026-05-16T01:08:39.816911Z[0m [32m INFO[0m [2mdashboard_server[0m[2m:[0m Executing on peer L3:lr-31415:long_run:P3: INSERT INTO users (id, email, name) VALUES (?, ?, ?)
[2m2026-05-16T01:08:39.846047Z[0m [32m INFO[0m [2mdashboard_server[0m[2m:[0m Executing on peer L3:lr-31415:long_run:P2: INSERT INTO users (id, email, name) VALUES (?, ?, ?)
[2m2026-05-16T01:08:39.874913Z[0m [32m INFO[0m [2mdashboard_server[0m[2m:[0m Executing on peer L3:lr-31415:long_run:P2: UPDATE users SET email = ? WHERE id = ?
[2m2026-05-16T01:08:39.905236Z[0m [32m INFO[0m [2mdashboard_server[0m[2m:[0m Executing on peer L3:lr-31415:long_run:P1: INSERT INTO users (id, email, name) VALUES (?, ?, ?)
[2m2026-05-16T01:08:39.934643Z[0m [32m INFO[0m [2mdashboard_server[0m[2m:[0m Executing on peer L3:lr-31415:long_run:P1: INSERT INTO users (id, email, name) VALUES (?, ?, ?)
[2m2026-05-16T01:08:39.963519Z[0m [32m INFO[0m [2mdashboard_server[0m[2m:[0m Sync request: L3:lr-31415:long_run:P3 -> L3:lr-31415:long_run:P1
[2m2026-05-16T01:08:40.004480Z[0m [32m INFO[0m [2mdashboard_server[0m[2m:[0m Executing on peer L3:lr-31415:long_run:P3: INSERT INTO users (id, email, name) VALUES (?, ?, ?)
[2m2026-05-16T01:08:40.034525Z[0m [32m INFO[0m [2mdashboard_server[0m[2m:[0m Executing on peer L3:lr-31415:long_run:P1: INSERT INTO users (id, email, name) VALUES (?, ?, ?)
[2m2026-05-16T01:08:40.064087Z[0m [32m INFO[0m [2mdashboard_server[0m[2m:[0m Executing on peer L3:lr-31415:long_run:P2: INSERT INTO users (id, email, name) VALUES (?, ?, ?)
[2m2026-05-16T01:08:40.093715Z[0m [32m INFO[0m [2mdashboard_server[0m[2m:[0m Sync request: L3:lr-31415:long_run:P2 -> L3:lr-31415:long_run:P3
[2m2026-05-16T01:08:40.134536Z[0m [32m INFO[0m [2mdashboard_server[0m[2m:[0m Executing on peer L3:lr-31415:long_run:P2: UPDATE users SET email = ? WHERE id = ?
[2m2026-05-16T01:08:40.164616Z[0m [32m INFO[0m [2mdashboard_server[0m[2m:[0m Executing on peer L3:lr-31415:long_run:P3: INSERT INTO users (id, email, name) VALUES (?, ?, ?)
[2m2026-05-16T01:08:40.193798Z[0m [32m INFO[0m [2mdashboard_server[0m[2m:[0m Sync request: L3:lr-31415:long_run:P1 -> L3:lr-31415:long_run:P2
[2m2026-05-16T01:08:40.232950Z[0m [32m INFO[0m [2mdashboard_server[0m[2m:[0m Executing on peer L3:lr-31415:long_run:P1: INSERT INTO users (id, email, name) VALUES (?, ?, ?)
[2m2026-05-16T01:08:40.262955Z[0m [32m INFO[0m [2mdashboard_server[0m[2m:[0m Executing on peer L3:lr-31415:long_run:P1: INSERT INTO users (id, email, name) VALUES (?, ?, ?)
[2m2026-05-16T01:08:40.292422Z[0m [32m INFO[0m [2mdashboard_server[0m[2m:[0m Sync request: L3:lr-31415:long_run:P0 -> L3:lr-31415:long_run:P3
[2m2026-05-16T01:08:40.334437Z[0m [32m INFO[0m [2mdashboard_server[0m[2m:[0m Sync request: L3:lr-31415:long_run:P3 -> L3:lr-31415:long_run:P2
[2m2026-05-16T01:08:40.374177Z[0m [32m INFO[0m [2mdashboard_server[0m[2m:[0m Executing on peer L3:lr-31415:long_run:P3: INSERT INTO users (id, email, name) VALUES (?, ?, ?)
[2m2026-05-16T01:08:40.404767Z[0m [32m INFO[0m [2mdashboard_server[0m[2m:[0m Executing on peer L3:lr-31415:long_run:P1: INSERT INTO users (id, email, name) VALUES (?, ?, ?)
[2m2026-05-16T01:08:40.435258Z[0m [32m INFO[0m [2mdashboard_server[0m[2m:[0m Executing on peer L3:lr-31415:long_run:P2: DELETE FROM users WHERE id = ?
[2m2026-05-16T01:08:40.465386Z[0m [32m INFO[0m [2mdashboard_server[0m[2m:[0m Executing on peer L3:lr-31415:long_run:P1: INSERT INTO users (id, email, name) VALUES (?, ?, ?)
[2m2026-05-16T01:08:40.495321Z[0m [32m INFO[0m [2mdashboard_server[0m[2m:[0m Sync request: L3:lr-31415:long_run:P1 -> L3:lr-31415:long_run:P0
[2m2026-05-16T01:08:40.535726Z[0m [32m INFO[0m [2mdashboard_server[0m[2m:[0m Executing on peer L3:lr-31415:long_run:P1: INSERT INTO users (id, email, name) VALUES (?, ?, ?)
[2m2026-05-16T01:08:40.566002Z[0m [32m INFO[0m [2mdashboard_server[0m[2m:[0m Sync request: L3:lr-31415:long_run:P3 -> L3:lr-31415:long_run:P1
[2m2026-05-16T01:08:40.607095Z[0m [32m INFO[0m [2mdashboard_server[0m[2m:[0m Executing on peer L3:lr-31415:long_run:P3: INSERT INTO users (id, email, name) VALUES (?, ?, ?)
[2m2026-05-16T01:08:40.637041Z[0m [32m INFO[0m [2mdashboard_server[0m[2m:[0m Executing on peer L3:lr-31415:long_run:P1: UPDATE users SET name = ? WHERE id = ?
[2m2026-05-16T01:08:40.668000Z[0m [32m INFO[0m [2mdashboard_server[0m[2m:[0m Sync request: L3:lr-31415:long_run:P0 -> L3:lr-31415:long_run:P3
[2m2026-05-16T01:08:40.708058Z[0m [32m INFO[0m [2mdashboard_server[0m[2m:[0m Sync request: L3:lr-31415:long_run:P3 -> L3:lr-31415:long_run:P0
[2m2026-05-16T01:08:40.747522Z[0m [32m INFO[0m [2mdashboard_server[0m[2m:[0m Executing on peer L3:lr-31415:long_run:P1: INSERT INTO users (id, email, name) VALUES (?, ?, ?)
[2m2026-05-16T01:08:40.777116Z[0m [32m INFO[0m [2mdashboard_server[0m[2m:[0m Executing on peer L3:lr-31415:long_run:P1: INSERT INTO users (id, email, name) VALUES (?, ?, ?)
[2m2026-05-16T01:08:40.807223Z[0m [32m INFO[0m [2mdashboard_server[0m[2m:[0m Executing on peer L3:lr-31415:long_run:P0: UPDATE users SET name = ? WHERE id = ?
[2m2026-05-16T01:08:40.889409Z[0m [32m INFO[0m [2mdashboard_server[0m[2m:[0m Executing on peer L3:lr-31415:long_run:P0: INSERT INTO users (id, email, name) VALUES (?, ?, ?)
[2m2026-05-16T01:08:40.919554Z[0m [32m INFO[0m [2mdashboard_server[0m[2m:[0m Executing on peer L3:lr-31415:long_run:P2: INSERT INTO users (id, email, name) VALUES (?, ?, ?)
[2m2026-05-16T01:08:40.950081Z[0m [32m INFO[0m [2mdashboard_server[0m[2m:[0m Executing on peer L3:lr-31415:long_run:P1: INSERT INTO users (id, email, name) VALUES (?, ?, ?)
[2m2026-05-16T01:08:40.980259Z[0m [32m INFO[0m [2mdashboard_server[0m[2m:[0m Executing on peer L3:lr-31415:long_run:P2: INSERT INTO users (id, email, name) VALUES (?, ?, ?)
[2m2026-05-16T01:08:41.010045Z[0m [32m INFO[0m [2mdashboard_server[0m[2m:[0m Executing on peer L3:lr-31415:long_run:P1: INSERT INTO users (id, email, name) VALUES (?, ?, ?)
[2m2026-05-16T01:08:41.040414Z[0m [32m INFO[0m [2mdashboard_server[0m[2m:[0m Executing on peer L3:lr-31415:long_run:P1: INSERT INTO users (id, email, name) VALUES (?, ?, ?)
[2m2026-05-16T01:08:41.072065Z[0m [32m INFO[0m [2mdashboard_server[0m[2m:[0m Executing on peer L3:lr-31415:long_run:P2: INSERT INTO users (id, email, name) VALUES (?, ?, ?)
[2m2026-05-16T01:08:41.104789Z[0m [32m INFO[0m [2mdashboard_server[0m[2m:[0m Sync request: L3:lr-31415:long_run:P3 -> L3:lr-31415:long_run:P2
[2m2026-05-16T01:08:41.147704Z[0m [32m INFO[0m [2mdashboard_server[0m[2m:[0m Executing on peer L3:lr-31415:long_run:P2: INSERT INTO users (id, email, name) VALUES (?, ?, ?)
[2m2026-05-16T01:08:41.182878Z[0m [32m INFO[0m [2mdashboard_server[0m[2m:[0m Executing on peer L3:lr-31415:long_run:P2: INSERT INTO users (id, email, name) VALUES (?, ?, ?)
[2m2026-05-16T01:08:41.214946Z[0m [32m INFO[0m [2mdashboard_server[0m[2m:[0m Executing on peer L3:lr-31415:long_run:P0: INSERT INTO users (id, email, name) VALUES (?, ?, ?)
[2m2026-05-16T01:08:41.245807Z[0m [32m INFO[0m [2mdashboard_server[0m[2m:[0m Executing on peer L3:lr-31415:long_run:P2: INSERT INTO users (id, email, name) VALUES (?, ?, ?)
[2m2026-05-16T01:08:41.276542Z[0m [32m INFO[0m [2mdashboard_server[0m[2m:[0m Executing on peer L3:lr-31415:long_run:P2: DELETE FROM users WHERE id = ?
[2m2026-05-16T01:08:41.307429Z[0m [32m INFO[0m [2mdashboard_server[0m[2m:[0m Sync request: L3:lr-31415:long_run:P3 -> L3:lr-31415:long_run:P2
[2m2026-05-16T01:08:41.349956Z[0m [32m INFO[0m [2mdashboard_server[0m[2m:[0m Executing on peer L3:lr-31415:long_run:P1: INSERT INTO users (id, email, name) VALUES (?, ?, ?)
[2m2026-05-16T01:08:41.381305Z[0m [32m INFO[0m [2mdashboard_server[0m[2m:[0m Executing on peer L3:lr-31415:long_run:P1: INSERT INTO users (id, email, name) VALUES (?, ?, ?)
[2m2026-05-16T01:08:41.411835Z[0m [32m INFO[0m [2mdashboard_server[0m[2m:[0m Executing on peer L3:lr-31415:long_run:P1: UPDATE users SET name = ? WHERE id = ?
[2m2026-05-16T01:08:41.442846Z[0m [32m INFO[0m [2mdashboard_server[0m[2m:[0m Sync request: L3:lr-31415:long_run:P2 -> L3:lr-31415:long_run:P3
[2m2026-05-16T01:08:41.484713Z[0m [32m INFO[0m [2mdashboard_server[0m[2m:[0m Executing on peer L3:lr-31415:long_run:P1: INSERT INTO users (id, email, name) VALUES (?, ?, ?)
[2m2026-05-16T01:08:41.515807Z[0m [32m INFO[0m [2mdashboard_server[0m[2m:[0m Executing on peer L3:lr-31415:long_run:P3: INSERT INTO users (id, email, name) VALUES (?, ?, ?)
[2m2026-05-16T01:08:41.547269Z[0m [32m INFO[0m [2mdashboard_server[0m[2m:[0m Executing on peer L3:lr-31415:long_run:P1: UPDATE users SET name = ? WHERE id = ?
[2m2026-05-16T01:08:41.578608Z[0m [32m INFO[0m [2mdashboard_server[0m[2m:[0m Executing on peer L3:lr-31415:long_run:P0: INSERT INTO users (id, email, name) VALUES (?, ?, ?)
[2m2026-05-16T01:08:41.609415Z[0m [32m INFO[0m [2mdashboard_server[0m[2m:[0m Executing on peer L3:lr-31415:long_run:P1: INSERT INTO users (id, email, name) VALUES (?, ?, ?)
[2m2026-05-16T01:08:41.640085Z[0m [32m INFO[0m [2mdashboard_server[0m[2m:[0m Sync request: L3:lr-31415:long_run:P3 -> L3:lr-31415:long_run:P1
[2m2026-05-16T01:08:41.684193Z[0m [32m INFO[0m [2mdashboard_server[0m[2m:[0m Executing on peer L3:lr-31415:long_run:P1: INSERT INTO users (id, email, name) VALUES (?, ?, ?)
[2m2026-05-16T01:08:41.715706Z[0m [32m INFO[0m [2mdashboard_server[0m[2m:[0m Executing on peer L3:lr-31415:long_run:P3: INSERT INTO users (id, email, name) VALUES (?, ?, ?)
[2m2026-05-16T01:08:41.747243Z[0m [32m INFO[0m [2mdashboard_server[0m[2m:[0m Executing on peer L3:lr-31415:long_run:P2: INSERT INTO users (id, email, name) VALUES (?, ?, ?)
[2m2026-05-16T01:08:41.778416Z[0m [32m INFO[0m [2mdashboard_server[0m[2m:[0m Executing on peer L3:lr-31415:long_run:P1: INSERT INTO users (id, email, name) VALUES (?, ?, ?)
[2m2026-05-16T01:08:41.811245Z[0m [32m INFO[0m [2mdashboard_server[0m[2m:[0m Sync request: L3:lr-31415:long_run:P1 -> L3:lr-31415:long_run:P0
[2m2026-05-16T01:08:41.854849Z[0m [32m INFO[0m [2mdashboard_server[0m[2m:[0m Executing on peer L3:lr-31415:long_run:P2: INSERT INTO users (id, email, name) VALUES (?, ?, ?)
[2m2026-05-16T01:08:41.886736Z[0m [32m INFO[0m [2mdashboard_server[0m[2m:[0m Executing on peer L3:lr-31415:long_run:P2: INSERT INTO users (id, email, name) VALUES (?, ?, ?)
[2m2026-05-16T01:08:41.918397Z[0m [32m INFO[0m [2mdashboard_server[0m[2m:[0m Executing on peer L3:lr-31415:long_run:P2: UPDATE users SET email = ? WHERE id = ?
[2m2026-05-16T01:08:41.950731Z[0m [32m INFO[0m [2mdashboard_server[0m[2m:[0m Executing on peer L3:lr-31415:long_run:P3: INSERT INTO users (id, email, name) VALUES (?, ?, ?)
[2m2026-05-16T01:08:41.982610Z[0m [32m INFO[0m [2mdashboard_server[0m[2m:[0m Sync request: L3:lr-31415:long_run:P2 -> L3:lr-31415:long_run:P1
[2m2026-05-16T01:08:42.026239Z[0m [32m INFO[0m [2mdashboard_server[0m[2m:[0m Executing on peer L3:lr-31415:long_run:P2: INSERT INTO users (id, email, name) VALUES (?, ?, ?)
[2m2026-05-16T01:08:42.058728Z[0m [32m INFO[0m [2mdashboard_server[0m[2m:[0m Sync request: L3:lr-31415:long_run:P0 -> L3:lr-31415:long_run:P2
[2m2026-05-16T01:08:42.103080Z[0m [32m INFO[0m [2mdashboard_server[0m[2m:[0m Executing on peer L3:lr-31415:long_run:P3: UPDATE users SET email = ? WHERE id = ?
[2m2026-05-16T01:08:42.135042Z[0m [32m INFO[0m [2mdashboard_server[0m[2m:[0m Executing on peer L3:lr-31415:long_run:P3: INSERT INTO users (id, email, name) VALUES (?, ?, ?)
[2m2026-05-16T01:08:42.166887Z[0m [32m INFO[0m [2mdashboard_server[0m[2m:[0m Executing on peer L3:lr-31415:long_run:P2: INSERT INTO users (id, email, name) VALUES (?, ?, ?)
[2m2026-05-16T01:08:42.198703Z[0m [32m INFO[0m [2mdashboard_server[0m[2m:[0m Executing on peer L3:lr-31415:long_run:P3: INSERT INTO users (id, email, name) VALUES (?, ?, ?)
[2m2026-05-16T01:08:42.230391Z[0m [32m INFO[0m [2mdashboard_server[0m[2m:[0m Sync request: L3:lr-31415:long_run:P3 -> L3:lr-31415:long_run:P0
[2m2026-05-16T01:08:42.274944Z[0m [32m INFO[0m [2mdashboard_server[0m[2m:[0m Executing on peer L3:lr-31415:long_run:P2: INSERT INTO users (id, email, name) VALUES (?, ?, ?)
[2m2026-05-16T01:08:42.306416Z[0m [32m INFO[0m [2mdashboard_server[0m[2m:[0m Executing on peer L3:lr-31415:long_run:P3: INSERT INTO users (id, email, name) VALUES (?, ?, ?)
[2m2026-05-16T01:08:42.338807Z[0m [32m INFO[0m [2mdashboard_server[0m[2m:[0m Sync request: L3:lr-31415:long_run:P1 -> L3:lr-31415:long_run:P3
[2m2026-05-16T01:08:42.382801Z[0m [32m INFO[0m [2mdashboard_server[0m[2m:[0m Executing on peer L3:lr-31415:long_run:P3: DELETE FROM users WHERE id = ?
[2m2026-05-16T01:08:42.416329Z[0m [32m INFO[0m [2mdashboard_server[0m[2m:[0m Sync request: L3:lr-31415:long_run:P2 -> L3:lr-31415:long_run:P3
[2m2026-05-16T01:08:42.460366Z[0m [32m INFO[0m [2mdashboard_server[0m[2m:[0m Executing on peer L3:lr-31415:long_run:P3: INSERT INTO users (id, email, name) VALUES (?, ?, ?)
[2m2026-05-16T01:08:42.493248Z[0m [32m INFO[0m [2mdashboard_server[0m[2m:[0m Executing on peer L3:lr-31415:long_run:P3: INSERT INTO users (id, email, name) VALUES (?, ?, ?)
[2m2026-05-16T01:08:42.526058Z[0m [32m INFO[0m [2mdashboard_server[0m[2m:[0m Executing on peer L3:lr-31415:long_run:P3: INSERT INTO users (id, email, name) VALUES (?, ?, ?)
[2m2026-05-16T01:08:42.557897Z[0m [32m INFO[0m [2mdashboard_server[0m[2m:[0m Executing on peer L3:lr-31415:long_run:P0: UPDATE users SET email = ? WHERE id = ?
[2m2026-05-16T01:08:42.589980Z[0m [32m INFO[0m [2mdashboard_server[0m[2m:[0m Executing on peer L3:lr-31415:long_run:P1: UPDATE users SET email = ? WHERE id = ?
[2m2026-05-16T01:08:42.623026Z[0m [32m INFO[0m [2mdashboard_server[0m[2m:[0m Executing on peer L3:lr-31415:long_run:P2: INSERT INTO users (id, email, name) VALUES (?, ?, ?)
[2m2026-05-16T01:08:42.655367Z[0m [32m INFO[0m [2mdashboard_server[0m[2m:[0m Executing on peer L3:lr-31415:long_run:P1: UPDATE users SET name = ? WHERE id = ?
[2m2026-05-16T01:08:42.688226Z[0m [32m INFO[0m [2mdashboard_server[0m[2m:[0m Executing on peer L3:lr-31415:long_run:P2: INSERT INTO users (id, email, name) VALUES (?, ?, ?)
[2m2026-05-16T01:08:42.720634Z[0m [32m INFO[0m [2mdashboard_server[0m[2m:[0m Sync request: L3:lr-31415:long_run:P0 -> L3:lr-31415:long_run:P1
[2m2026-05-16T01:08:42.765571Z[0m [32m INFO[0m [2mdashboard_server[0m[2m:[0m Executing on peer L3:lr-31415:long_run:P2: INSERT INTO users (id, email, name) VALUES (?, ?, ?)
[2m2026-05-16T01:08:42.798329Z[0m [32m INFO[0m [2mdashboard_server[0m[2m:[0m Executing on peer L3:lr-31415:long_run:P3: INSERT INTO users (id, email, name) VALUES (?, ?, ?)
[2m2026-05-16T01:08:42.830556Z[0m [32m INFO[0m [2mdashboard_server[0m[2m:[0m Executing on peer L3:lr-31415:long_run:P2: INSERT INTO users (id, email, name) VALUES (?, ?, ?)
[2m2026-05-16T01:08:42.915384Z[0m [32m INFO[0m [2mdashboard_server[0m[2m:[0m Executing on peer L3:lr-31415:long_run:P0: UPDATE users SET name = ? WHERE id = ?
[2m2026-05-16T01:08:42.947829Z[0m [32m INFO[0m [2mdashboard_server[0m[2m:[0m Executing on peer L3:lr-31415:long_run:P0: INSERT INTO users (id, email, name) VALUES (?, ?, ?)
[2m2026-05-16T01:08:42.979942Z[0m [32m INFO[0m [2mdashboard_server[0m[2m:[0m Executing on peer L3:lr-31415:long_run:P3: UPDATE users SET name = ? WHERE id = ?
[2m2026-05-16T01:08:43.012348Z[0m [32m INFO[0m [2mdashboard_server[0m[2m:[0m Executing on peer L3:lr-31415:long_run:P3: INSERT INTO users (id, email, name) VALUES (?, ?, ?)
[2m2026-05-16T01:08:43.044595Z[0m [32m INFO[0m [2mdashboard_server[0m[2m:[0m Executing on peer L3:lr-31415:long_run:P1: INSERT INTO users (id, email, name) VALUES (?, ?, ?)
[2m2026-05-16T01:08:43.077300Z[0m [32m INFO[0m [2mdashboard_server[0m[2m:[0m Executing on peer L3:lr-31415:long_run:P1: INSERT INTO users (id, email, name) VALUES (?, ?, ?)
[2m2026-05-16T01:08:43.109878Z[0m [32m INFO[0m [2mdashboard_server[0m[2m:[0m Executing on peer L3:lr-31415:long_run:P1: UPDATE users SET email = ? WHERE id = ?
[2m2026-05-16T01:08:43.142194Z[0m [32m INFO[0m [2mdashboard_server[0m[2m:[0m Sync request: L3:lr-31415:long_run:P1 -> L3:lr-31415:long_run:P2
[2m2026-05-16T01:08:43.187800Z[0m [32m INFO[0m [2mdashboard_server[0m[2m:[0m Executing on peer L3:lr-31415:long_run:P1: UPDATE users SET email = ? WHERE id = ?
[2m2026-05-16T01:08:43.220817Z[0m [32m INFO[0m [2mdashboard_server[0m[2m:[0m Executing on peer L3:lr-31415:long_run:P1: INSERT INTO users (id, email, name) VALUES (?, ?, ?)
[2m2026-05-16T01:08:43.253986Z[0m [32m INFO[0m [2mdashboard_server[0m[2m:[0m Executing on peer L3:lr-31415:long_run:P2: INSERT INTO users (id, email, name) VALUES (?, ?, ?)
[2m2026-05-16T01:08:43.286790Z[0m [32m INFO[0m [2mdashboard_server[0m[2m:[0m Executing on peer L3:lr-31415:long_run:P0: UPDATE users SET email = ? WHERE id = ?
[2m2026-05-16T01:08:43.321141Z[0m [32m INFO[0m [2mdashboard_server[0m[2m:[0m Executing on peer L3:lr-31415:long_run:P2: INSERT INTO users (id, email, name) VALUES (?, ?, ?)
[2m2026-05-16T01:08:43.354179Z[0m [32m INFO[0m [2mdashboard_server[0m[2m:[0m Sync request: L3:lr-31415:long_run:P3 -> L3:lr-31415:long_run:P2
[2m2026-05-16T01:08:43.400406Z[0m [32m INFO[0m [2mdashboard_server[0m[2m:[0m Executing on peer L3:lr-31415:long_run:P1: UPDATE users SET name = ? WHERE id = ?
[2m2026-05-16T01:08:43.433166Z[0m [32m INFO[0m [2mdashboard_server[0m[2m:[0m Executing on peer L3:lr-31415:long_run:P3: INSERT INTO users (id, email, name) VALUES (?, ?, ?)
[2m2026-05-16T01:08:43.466334Z[0m [32m INFO[0m [2mdashboard_server[0m[2m:[0m Executing on peer L3:lr-31415:long_run:P0: INSERT INTO users (id, email, name) VALUES (?, ?, ?)
[2m2026-05-16T01:08:43.498959Z[0m [32m INFO[0m [2mdashboard_server[0m[2m:[0m Executing on peer L3:lr-31415:long_run:P2: INSERT INTO users (id, email, name) VALUES (?, ?, ?)
[2m2026-05-16T01:08:43.532156Z[0m [32m INFO[0m [2mdashboard_server[0m[2m:[0m Executing on peer L3:lr-31415:long_run:P1: UPDATE users SET name = ? WHERE id = ?
[2m2026-05-16T01:08:43.565591Z[0m [32m INFO[0m [2mdashboard_server[0m[2m:[0m Executing on peer L3:lr-31415:long_run:P2: INSERT INTO users (id, email, name) VALUES (?, ?, ?)
[2m2026-05-16T01:08:43.598415Z[0m [32m INFO[0m [2mdashboard_server[0m[2m:[0m Executing on peer L3:lr-31415:long_run:P2: INSERT INTO users (id, email, name) VALUES (?, ?, ?)
[2m2026-05-16T01:08:43.632021Z[0m [32m INFO[0m [2mdashboard_server[0m[2m:[0m Executing on peer L3:lr-31415:long_run:P1: UPDATE users SET name = ? WHERE id = ?
[2m2026-05-16T01:08:43.665727Z[0m [32m INFO[0m [2mdashboard_server[0m[2m:[0m Executing on peer L3:lr-31415:long_run:P2: INSERT INTO users (id, email, name) VALUES (?, ?, ?)
[2m2026-05-16T01:08:43.699208Z[0m [32m INFO[0m [2mdashboard_server[0m[2m:[0m Executing on peer L3:lr-31415:long_run:P0: UPDATE users SET name = ? WHERE id = ?
[2m2026-05-16T01:08:43.733129Z[0m [32m INFO[0m [2mdashboard_server[0m[2m:[0m Executing on peer L3:lr-31415:long_run:P3: INSERT INTO users (id, email, name) VALUES (?, ?, ?)
[2m2026-05-16T01:08:43.766809Z[0m [32m INFO[0m [2mdashboard_server[0m[2m:[0m Executing on peer L3:lr-31415:long_run:P2: INSERT INTO users (id, email, name) VALUES (?, ?, ?)
[2m2026-05-16T01:08:43.800646Z[0m [32m INFO[0m [2mdashboard_server[0m[2m:[0m Executing on peer L3:lr-31415:long_run:P2: INSERT INTO users (id, email, name) VALUES (?, ?, ?)
[2m2026-05-16T01:08:43.833753Z[0m [32m INFO[0m [2mdashboard_server[0m[2m:[0m Executing on peer L3:lr-31415:long_run:P0: INSERT INTO users (id, email, name) VALUES (?, ?, ?)
[2m2026-05-16T01:08:43.867513Z[0m [32m INFO[0m [2mdashboard_server[0m[2m:[0m Executing on peer L3:lr-31415:long_run:P0: INSERT INTO users (id, email, name) VALUES (?, ?, ?)
[2m2026-05-16T01:08:43.900828Z[0m [32m INFO[0m [2mdashboard_server[0m[2m:[0m Executing on peer L3:lr-31415:long_run:P3: INSERT INTO users (id, email, name) VALUES (?, ?, ?)
[2m2026-05-16T01:08:43.936922Z[0m [32m INFO[0m [2mdashboard_server[0m[2m:[0m Sync request: L3:lr-31415:long_run:P1 -> L3:lr-31415:long_run:P2
[2m2026-05-16T01:08:43.984265Z[0m [32m INFO[0m [2mdashboard_server[0m[2m:[0m Executing on peer L3:lr-31415:long_run:P3: INSERT INTO users (id, email, name) VALUES (?, ?, ?)
[2m2026-05-16T01:08:44.017322Z[0m [32m INFO[0m [2mdashboard_server[0m[2m:[0m Executing on peer L3:lr-31415:long_run:P1: INSERT INTO users (id, email, name) VALUES (?, ?, ?)
[2m2026-05-16T01:08:44.051272Z[0m [32m INFO[0m [2mdashboard_server[0m[2m:[0m Executing on peer L3:lr-31415:long_run:P0: INSERT INTO users (id, email, name) VALUES (?, ?, ?)
[2m2026-05-16T01:08:44.085315Z[0m [32m INFO[0m [2mdashboard_server[0m[2m:[0m Executing on peer L3:lr-31415:long_run:P2: UPDATE users SET email = ? WHERE id = ?
[2m2026-05-16T01:08:44.119350Z[0m [32m INFO[0m [2mdashboard_server[0m[2m:[0m Executing on peer L3:lr-31415:long_run:P1: UPDATE users SET name = ? WHERE id = ?
[2m2026-05-16T01:08:44.153041Z[0m [32m INFO[0m [2mdashboard_server[0m[2m:[0m Executing on peer L3:lr-31415:long_run:P0: INSERT INTO users (id, email, name) VALUES (?, ?, ?)
[2m2026-05-16T01:08:44.186473Z[0m [32m INFO[0m [2mdashboard_server[0m[2m:[0m Executing on peer L3:lr-31415:long_run:P3: UPDATE users SET email = ? WHERE id = ?
[2m2026-05-16T01:08:44.220186Z[0m [32m INFO[0m [2mdashboard_server[0m[2m:[0m Executing on peer L3:lr-31415:long_run:P3: INSERT INTO users (id, email, name) VALUES (?, ?, ?)
[2m2026-05-16T01:08:44.253201Z[0m [32m INFO[0m [2mdashboard_server[0m[2m:[0m Sync request: L3:lr-31415:long_run:P0 -> L3:lr-31415:long_run:P2
[2m2026-05-16T01:08:44.300934Z[0m [32m INFO[0m [2mdashboard_server[0m[2m:[0m Executing on peer L3:lr-31415:long_run:P3: INSERT INTO users (id, email, name) VALUES (?, ?, ?)
[2m2026-05-16T01:08:44.335064Z[0m [32m INFO[0m [2mdashboard_server[0m[2m:[0m Executing on peer L3:lr-31415:long_run:P0: INSERT INTO users (id, email, name) VALUES (?, ?, ?)
[2m2026-05-16T01:08:44.368912Z[0m [32m INFO[0m [2mdashboard_server[0m[2m:[0m Sync request: L3:lr-31415:long_run:P2 -> L3:lr-31415:long_run:P3
[2m2026-05-16T01:08:44.417513Z[0m [32m INFO[0m [2mdashboard_server[0m[2m:[0m Executing on peer L3:lr-31415:long_run:P1: INSERT INTO users (id, email, name) VALUES (?, ?, ?)
[2m2026-05-16T01:08:44.451232Z[0m [32m INFO[0m [2mdashboard_server[0m[2m:[0m Executing on peer L3:lr-31415:long_run:P1: DELETE FROM users WHERE id = ?
[2m2026-05-16T01:08:44.486046Z[0m [32m INFO[0m [2mdashboard_server[0m[2m:[0m Executing on peer L3:lr-31415:long_run:P0: INSERT INTO users (id, email, name) VALUES (?, ?, ?)
[2m2026-05-16T01:08:44.519975Z[0m [32m INFO[0m [2mdashboard_server[0m[2m:[0m Executing on peer L3:lr-31415:long_run:P1: INSERT INTO users (id, email, name) VALUES (?, ?, ?)
[2m2026-05-16T01:08:44.553932Z[0m [32m INFO[0m [2mdashboard_server[0m[2m:[0m Executing on peer L3:lr-31415:long_run:P0: INSERT INTO users (id, email, name) VALUES (?, ?, ?)
[2m2026-05-16T01:08:44.588582Z[0m [32m INFO[0m [2mdashboard_server[0m[2m:[0m Executing on peer L3:lr-31415:long_run:P0: INSERT INTO users (id, email, name) VALUES (?, ?, ?)
[2m2026-05-16T01:08:44.623505Z[0m [32m INFO[0m [2mdashboard_server[0m[2m:[0m Executing on peer L3:lr-31415:long_run:P0: INSERT INTO users (id, email, name) VALUES (?, ?, ?)
[2m2026-05-16T01:08:44.657863Z[0m [32m INFO[0m [2mdashboard_server[0m[2m:[0m Executing on peer L3:lr-31415:long_run:P3: INSERT INTO users (id, email, name) VALUES (?, ?, ?)
[2m2026-05-16T01:08:44.691772Z[0m [32m INFO[0m [2mdashboard_server[0m[2m:[0m Executing on peer L3:lr-31415:long_run:P3: UPDATE users SET name = ? WHERE id = ?
[2m2026-05-16T01:08:44.726280Z[0m [32m INFO[0m [2mdashboard_server[0m[2m:[0m Executing on peer L3:lr-31415:long_run:P3: UPDATE users SET name = ? WHERE id = ?
[2m2026-05-16T01:08:44.761096Z[0m [32m INFO[0m [2mdashboard_server[0m[2m:[0m Executing on peer L3:lr-31415:long_run:P0: INSERT INTO users (id, email, name) VALUES (?, ?, ?)
[2m2026-05-16T01:08:44.795455Z[0m [32m INFO[0m [2mdashboard_server[0m[2m:[0m Executing on peer L3:lr-31415:long_run:P0: INSERT INTO users (id, email, name) VALUES (?, ?, ?)
[2m2026-05-16T01:08:44.829344Z[0m [32m INFO[0m [2mdashboard_server[0m[2m:[0m Executing on peer L3:lr-31415:long_run:P1: INSERT INTO users (id, email, name) VALUES (?, ?, ?)
[2m2026-05-16T01:08:44.919165Z[0m [32m INFO[0m [2mdashboard_server[0m[2m:[0m Executing on peer L3:lr-31415:long_run:P3: INSERT INTO users (id, email, name) VALUES (?, ?, ?)
[2m2026-05-16T01:08:44.953245Z[0m [32m INFO[0m [2mdashboard_server[0m[2m:[0m Executing on peer L3:lr-31415:long_run:P3: UPDATE users SET email = ? WHERE id = ?
[2m2026-05-16T01:08:44.988012Z[0m [32m INFO[0m [2mdashboard_server[0m[2m:[0m Executing on peer L3:lr-31415:long_run:P0: UPDATE users SET name = ? WHERE id = ?
[2m2026-05-16T01:08:45.023595Z[0m [32m INFO[0m [2mdashboard_server[0m[2m:[0m Executing on peer L3:lr-31415:long_run:P3: INSERT INTO users (id, email, name) VALUES (?, ?, ?)
[2m2026-05-16T01:08:45.058680Z[0m [32m INFO[0m [2mdashboard_server[0m[2m:[0m Executing on peer L3:lr-31415:long_run:P3: INSERT INTO users (id, email, name) VALUES (?, ?, ?)
[2m2026-05-16T01:08:45.092475Z[0m [32m INFO[0m [2mdashboard_server[0m[2m:[0m Executing on peer L3:lr-31415:long_run:P2: INSERT INTO users (id, email, name) VALUES (?, ?, ?)
[2m2026-05-16T01:08:45.127091Z[0m [32m INFO[0m [2mdashboard_server[0m[2m:[0m Executing on peer L3:lr-31415:long_run:P2: INSERT INTO users (id, email, name) VALUES (?, ?, ?)
[2m2026-05-16T01:08:45.161236Z[0m [32m INFO[0m [2mdashboard_server[0m[2m:[0m Executing on peer L3:lr-31415:long_run:P3: INSERT INTO users (id, email, name) VALUES (?, ?, ?)
[2m2026-05-16T01:08:45.195086Z[0m [32m INFO[0m [2mdashboard_server[0m[2m:[0m Executing on peer L3:lr-31415:long_run:P1: INSERT INTO users (id, email, name) VALUES (?, ?, ?)
[2m2026-05-16T01:08:45.228956Z[0m [32m INFO[0m [2mdashboard_server[0m[2m:[0m Sync request: L3:lr-31415:long_run:P2 -> L3:lr-31415:long_run:P3
[2m2026-05-16T01:08:45.277508Z[0m [32m INFO[0m [2mdashboard_server[0m[2m:[0m Executing on peer L3:lr-31415:long_run:P1: INSERT INTO users (id, email, name) VALUES (?, ?, ?)
[2m2026-05-16T01:08:45.313883Z[0m [32m INFO[0m [2mdashboard_server[0m[2m:[0m Executing on peer L3:lr-31415:long_run:P1: INSERT INTO users (id, email, name) VALUES (?, ?, ?)
[2m2026-05-16T01:08:45.349131Z[0m [32m INFO[0m [2mdashboard_server[0m[2m:[0m Executing on peer L3:lr-31415:long_run:P1: INSERT INTO users (id, email, name) VALUES (?, ?, ?)
[2m2026-05-16T01:08:45.383443Z[0m [32m INFO[0m [2mdashboard_server[0m[2m:[0m Executing on peer L3:lr-31415:long_run:P0: INSERT INTO users (id, email, name) VALUES (?, ?, ?)
[2m2026-05-16T01:08:45.418677Z[0m [32m INFO[0m [2mdashboard_server[0m[2m:[0m Executing on peer L3:lr-31415:long_run:P1: INSERT INTO users (id, email, name) VALUES (?, ?, ?)
[2m2026-05-16T01:08:45.452951Z[0m [32m INFO[0m [2mdashboard_server[0m[2m:[0m Executing on peer L3:lr-31415:long_run:P3: INSERT INTO users (id, email, name) VALUES (?, ?, ?)
[2m2026-05-16T01:08:45.487843Z[0m [32m INFO[0m [2mdashboard_server[0m[2m:[0m Executing on peer L3:lr-31415:long_run:P0: INSERT INTO users (id, email, name) VALUES (?, ?, ?)
[2m2026-05-16T01:08:45.522666Z[0m [32m INFO[0m [2mdashboard_server[0m[2m:[0m Executing on peer L3:lr-31415:long_run:P2: UPDATE users SET email = ? WHERE id = ?
[2m2026-05-16T01:08:45.557657Z[0m [32m INFO[0m [2mdashboard_server[0m[2m:[0m Sync request: L3:lr-31415:long_run:P0 -> L3:lr-31415:long_run:P3
[2m2026-05-16T01:08:45.608485Z[0m [32m INFO[0m [2mdashboard_server[0m[2m:[0m Executing on peer L3:lr-31415:long_run:P1: DELETE FROM users WHERE id = ?
[2m2026-05-16T01:08:45.642921Z[0m [32m INFO[0m [2mdashboard_server[0m[2m:[0m Sync request: L3:lr-31415:long_run:P1 -> L3:lr-31415:long_run:P0
[2m2026-05-16T01:08:45.695045Z[0m [32m INFO[0m [2mdashboard_server[0m[2m:[0m Sync request: L3:lr-31415:long_run:P1 -> L3:lr-31415:long_run:P2
[2m2026-05-16T01:08:45.746502Z[0m [32m INFO[0m [2mdashboard_server[0m[2m:[0m Executing on peer L3:lr-31415:long_run:P0: INSERT INTO users (id, email, name) VALUES (?, ?, ?)
[2m2026-05-16T01:08:45.782688Z[0m [32m INFO[0m [2mdashboard_server[0m[2m:[0m Executing on peer L3:lr-31415:long_run:P2: INSERT INTO users (id, email, name) VALUES (?, ?, ?)
[2m2026-05-16T01:08:45.817991Z[0m [32m INFO[0m [2mdashboard_server[0m[2m:[0m Executing on peer L3:lr-31415:long_run:P0: INSERT INTO users (id, email, name) VALUES (?, ?, ?)
[2m2026-05-16T01:08:45.853783Z[0m [32m INFO[0m [2mdashboard_server[0m[2m:[0m Sync request: L3:lr-31415:long_run:P1 -> L3:lr-31415:long_run:P2
[2m2026-05-16T01:08:45.904314Z[0m [32m INFO[0m [2mdashboard_server[0m[2m:[0m Sync request: L3:lr-31415:long_run:P1 -> L3:lr-31415:long_run:P3
[2m2026-05-16T01:08:45.954952Z[0m [32m INFO[0m [2mdashboard_server[0m[2m:[0m Executing on peer L3:lr-31415:long_run:P0: INSERT INTO users (id, email, name) VALUES (?, ?, ?)
[2m2026-05-16T01:08:45.990809Z[0m [32m INFO[0m [2mdashboard_server[0m[2m:[0m Executing on peer L3:lr-31415:long_run:P0: INSERT INTO users (id, email, name) VALUES (?, ?, ?)
[2m2026-05-16T01:08:46.026323Z[0m [32m INFO[0m [2mdashboard_server[0m[2m:[0m Executing on peer L3:lr-31415:long_run:P0: UPDATE users SET email = ? WHERE id = ?
[2m2026-05-16T01:08:46.062049Z[0m [32m INFO[0m [2mdashboard_server[0m[2m:[0m Executing on peer L3:lr-31415:long_run:P3: INSERT INTO users (id, email, name) VALUES (?, ?, ?)
[2m2026-05-16T01:08:46.099738Z[0m [32m INFO[0m [2mdashboard_server[0m[2m:[0m Executing on peer L3:lr-31415:long_run:P0: INSERT INTO users (id, email, name) VALUES (?, ?, ?)
[2m2026-05-16T01:08:46.135640Z[0m [32m INFO[0m [2mdashboard_server[0m[2m:[0m Executing on peer L3:lr-31415:long_run:P2: INSERT INTO users (id, email, name) VALUES (?, ?, ?)
[2m2026-05-16T01:08:46.171206Z[0m [32m INFO[0m [2mdashboard_server[0m[2m:[0m Executing on peer L3:lr-31415:long_run:P0: INSERT INTO users (id, email, name) VALUES (?, ?, ?)
[2m2026-05-16T01:08:46.207772Z[0m [32m INFO[0m [2mdashboard_server[0m[2m:[0m Executing on peer L3:lr-31415:long_run:P3: UPDATE users SET email = ? WHERE id = ?
[2m2026-05-16T01:08:46.243305Z[0m [32m INFO[0m [2mdashboard_server[0m[2m:[0m Executing on peer L3:lr-31415:long_run:P3: INSERT INTO users (id, email, name) VALUES (?, ?, ?)
[2m2026-05-16T01:08:46.278670Z[0m [32m INFO[0m [2mdashboard_server[0m[2m:[0m Executing on peer L3:lr-31415:long_run:P1: INSERT INTO users (id, email, name) VALUES (?, ?, ?)
[2m2026-05-16T01:08:46.315360Z[0m [32m INFO[0m [2mdashboard_server[0m[2m:[0m Executing on peer L3:lr-31415:long_run:P3: UPDATE users SET email = ? WHERE id = ?
[2m2026-05-16T01:08:46.352027Z[0m [32m INFO[0m [2mdashboard_server[0m[2m:[0m Executing on peer L3:lr-31415:long_run:P1: INSERT INTO users (id, email, name) VALUES (?, ?, ?)
[2m2026-05-16T01:08:46.388248Z[0m [32m INFO[0m [2mdashboard_server[0m[2m:[0m Executing on peer L3:lr-31415:long_run:P2: UPDATE users SET email = ? WHERE id = ?
[2m2026-05-16T01:08:46.425249Z[0m [32m INFO[0m [2mdashboard_server[0m[2m:[0m Sync request: L3:lr-31415:long_run:P1 -> L3:lr-31415:long_run:P2
[2m2026-05-16T01:08:46.476683Z[0m [32m INFO[0m [2mdashboard_server[0m[2m:[0m Executing on peer L3:lr-31415:long_run:P1: UPDATE users SET email = ? WHERE id = ?
[2m2026-05-16T01:08:46.512210Z[0m [32m INFO[0m [2mdashboard_server[0m[2m:[0m Executing on peer L3:lr-31415:long_run:P1: UPDATE users SET name = ? WHERE id = ?
[2m2026-05-16T01:08:46.549214Z[0m [32m INFO[0m [2mdashboard_server[0m[2m:[0m Executing on peer L3:lr-31415:long_run:P3: INSERT INTO users (id, email, name) VALUES (?, ?, ?)
[2m2026-05-16T01:08:46.584964Z[0m [32m INFO[0m [2mdashboard_server[0m[2m:[0m Executing on peer L3:lr-31415:long_run:P2: INSERT INTO users (id, email, name) VALUES (?, ?, ?)
[2m2026-05-16T01:08:46.620775Z[0m [32m INFO[0m [2mdashboard_server[0m[2m:[0m Executing on peer L3:lr-31415:long_run:P2: INSERT INTO users (id, email, name) VALUES (?, ?, ?)
[2m2026-05-16T01:08:46.656490Z[0m [32m INFO[0m [2mdashboard_server[0m[2m:[0m Executing on peer L3:lr-31415:long_run:P0: UPDATE users SET email = ? WHERE id = ?
[2m2026-05-16T01:08:46.693233Z[0m [32m INFO[0m [2mdashboard_server[0m[2m:[0m Executing on peer L3:lr-31415:long_run:P0: UPDATE users SET email = ? WHERE id = ?
[2m2026-05-16T01:08:46.729485Z[0m [32m INFO[0m [2mdashboard_server[0m[2m:[0m Executing on peer L3:lr-31415:long_run:P2: INSERT INTO users (id, email, name) VALUES (?, ?, ?)
[2m2026-05-16T01:08:46.766370Z[0m [32m INFO[0m [2mdashboard_server[0m[2m:[0m Executing on peer L3:lr-31415:long_run:P1: INSERT INTO users (id, email, name) VALUES (?, ?, ?)
[2m2026-05-16T01:08:46.802026Z[0m [32m INFO[0m [2mdashboard_server[0m[2m:[0m Sync request: L3:lr-31415:long_run:P1 -> L3:lr-31415:long_run:P0
[2m2026-05-16T01:08:46.912738Z[0m [32m INFO[0m [2mdashboard_server[0m[2m:[0m Executing on peer L3:lr-31415:long_run:P1: INSERT INTO users (id, email, name) VALUES (?, ?, ?)
[2m2026-05-16T01:08:46.948704Z[0m [32m INFO[0m [2mdashboard_server[0m[2m:[0m Executing on peer L3:lr-31415:long_run:P2: INSERT INTO users (id, email, name) VALUES (?, ?, ?)
[2m2026-05-16T01:08:46.984150Z[0m [32m INFO[0m [2mdashboard_server[0m[2m:[0m Executing on peer L3:lr-31415:long_run:P2: DELETE FROM users WHERE id = ?
[2m2026-05-16T01:08:47.021167Z[0m [32m INFO[0m [2mdashboard_server[0m[2m:[0m Executing on peer L3:lr-31415:long_run:P2: INSERT INTO users (id, email, name) VALUES (?, ?, ?)
[2m2026-05-16T01:08:47.058335Z[0m [32m INFO[0m [2mdashboard_server[0m[2m:[0m Executing on peer L3:lr-31415:long_run:P3: INSERT INTO users (id, email, name) VALUES (?, ?, ?)
[2m2026-05-16T01:08:47.094239Z[0m [32m INFO[0m [2mdashboard_server[0m[2m:[0m Executing on peer L3:lr-31415:long_run:P0: INSERT INTO users (id, email, name) VALUES (?, ?, ?)
[2m2026-05-16T01:08:47.130076Z[0m [32m INFO[0m [2mdashboard_server[0m[2m:[0m Executing on peer L3:lr-31415:long_run:P3: INSERT INTO users (id, email, name) VALUES (?, ?, ?)
[2m2026-05-16T01:08:47.167069Z[0m [32m INFO[0m [2mdashboard_server[0m[2m:[0m Executing on peer L3:lr-31415:long_run:P1: INSERT INTO users (id, email, name) VALUES (?, ?, ?)
[2m2026-05-16T01:08:47.204002Z[0m [32m INFO[0m [2mdashboard_server[0m[2m:[0m Sync request: L3:lr-31415:long_run:P1 -> L3:lr-31415:long_run:P3
[2m2026-05-16T01:08:47.257736Z[0m [32m INFO[0m [2mdashboard_server[0m[2m:[0m Executing on peer L3:lr-31415:long_run:P3: INSERT INTO users (id, email, name) VALUES (?, ?, ?)
[2m2026-05-16T01:08:47.294782Z[0m [32m INFO[0m [2mdashboard_server[0m[2m:[0m Executing on peer L3:lr-31415:long_run:P3: UPDATE users SET email = ? WHERE id = ?
[2m2026-05-16T01:08:47.331390Z[0m [32m INFO[0m [2mdashboard_server[0m[2m:[0m Executing on peer L3:lr-31415:long_run:P3: INSERT INTO users (id, email, name) VALUES (?, ?, ?)
[2m2026-05-16T01:08:47.368114Z[0m [32m INFO[0m [2mdashboard_server[0m[2m:[0m Executing on peer L3:lr-31415:long_run:P1: INSERT INTO users (id, email, name) VALUES (?, ?, ?)
[2m2026-05-16T01:08:47.404681Z[0m [32m INFO[0m [2mdashboard_server[0m[2m:[0m Executing on peer L3:lr-31415:long_run:P0: INSERT INTO users (id, email, name) VALUES (?, ?, ?)
[2m2026-05-16T01:08:47.442223Z[0m [32m INFO[0m [2mdashboard_server[0m[2m:[0m Executing on peer L3:lr-31415:long_run:P3: INSERT INTO users (id, email, name) VALUES (?, ?, ?)
[2m2026-05-16T01:08:47.478061Z[0m [32m INFO[0m [2mdashboard_server[0m[2m:[0m Executing on peer L3:lr-31415:long_run:P0: INSERT INTO users (id, email, name) VALUES (?, ?, ?)
[2m2026-05-16T01:08:47.514622Z[0m [32m INFO[0m [2mdashboard_server[0m[2m:[0m Executing on peer L3:lr-31415:long_run:P1: INSERT INTO users (id, email, name) VALUES (?, ?, ?)
[2m2026-05-16T01:08:47.551191Z[0m [32m INFO[0m [2mdashboard_server[0m[2m:[0m Executing on peer L3:lr-31415:long_run:P1: UPDATE users SET name = ? WHERE id = ?
[2m2026-05-16T01:08:47.588220Z[0m [32m INFO[0m [2mdashboard_server[0m[2m:[0m Executing on peer L3:lr-31415:long_run:P0: UPDATE users SET name = ? WHERE id = ?
[2m2026-05-16T01:08:47.625163Z[0m [32m INFO[0m [2mdashboard_server[0m[2m:[0m Executing on peer L3:lr-31415:long_run:P3: INSERT INTO users (id, email, name) VALUES (?, ?, ?)
[2m2026-05-16T01:08:47.662414Z[0m [32m INFO[0m [2mdashboard_server[0m[2m:[0m Executing on peer L3:lr-31415:long_run:P3: UPDATE users SET email = ? WHERE id = ?
[2m2026-05-16T01:08:47.699482Z[0m [32m INFO[0m [2mdashboard_server[0m[2m:[0m Executing on peer L3:lr-31415:long_run:P0: INSERT INTO users (id, email, name) VALUES (?, ?, ?)
[2m2026-05-16T01:08:47.736398Z[0m [32m INFO[0m [2mdashboard_server[0m[2m:[0m Executing on peer L3:lr-31415:long_run:P1: UPDATE users SET email = ? WHERE id = ?
[2m2026-05-16T01:08:47.774408Z[0m [32m INFO[0m [2mdashboard_server[0m[2m:[0m Executing on peer L3:lr-31415:long_run:P0: UPDATE users SET email = ? WHERE id = ?
[2m2026-05-16T01:08:47.810848Z[0m [32m INFO[0m [2mdashboard_server[0m[2m:[0m Executing on peer L3:lr-31415:long_run:P1: UPDATE users SET email = ? WHERE id = ?
[2m2026-05-16T01:08:47.847676Z[0m [32m INFO[0m [2mdashboard_server[0m[2m:[0m Sync request: L3:lr-31415:long_run:P0 -> L3:lr-31415:long_run:P3
[2m2026-05-16T01:08:47.901549Z[0m [32m INFO[0m [2mdashboard_server[0m[2m:[0m Sync request: L3:lr-31415:long_run:P3 -> L3:lr-31415:long_run:P2
[2m2026-05-16T01:08:47.956809Z[0m [32m INFO[0m [2mdashboard_server[0m[2m:[0m Executing on peer L3:lr-31415:long_run:P3: INSERT INTO users (id, email, name) VALUES (?, ?, ?)
[2m2026-05-16T01:08:47.993698Z[0m [32m INFO[0m [2mdashboard_server[0m[2m:[0m Executing on peer L3:lr-31415:long_run:P3: INSERT INTO users (id, email, name) VALUES (?, ?, ?)
[2m2026-05-16T01:08:48.030803Z[0m [32m INFO[0m [2mdashboard_server[0m[2m:[0m Executing on peer L3:lr-31415:long_run:P3: UPDATE users SET email = ? WHERE id = ?
[2m2026-05-16T01:08:48.068910Z[0m [32m INFO[0m [2mdashboard_server[0m[2m:[0m Executing on peer L3:lr-31415:long_run:P2: INSERT INTO users (id, email, name) VALUES (?, ?, ?)
[2m2026-05-16T01:08:48.106078Z[0m [32m INFO[0m [2mdashboard_server[0m[2m:[0m Executing on peer L3:lr-31415:long_run:P0: INSERT INTO users (id, email, name) VALUES (?, ?, ?)
[2m2026-05-16T01:08:48.143490Z[0m [32m INFO[0m [2mdashboard_server[0m[2m:[0m Executing on peer L3:lr-31415:long_run:P0: INSERT INTO users (id, email, name) VALUES (?, ?, ?)
[2m2026-05-16T01:08:48.180817Z[0m [32m INFO[0m [2mdashboard_server[0m[2m:[0m Executing on peer L3:lr-31415:long_run:P3: INSERT INTO users (id, email, name) VALUES (?, ?, ?)
[2m2026-05-16T01:08:48.217852Z[0m [32m INFO[0m [2mdashboard_server[0m[2m:[0m Sync request: L3:lr-31415:long_run:P1 -> L3:lr-31415:long_run:P2
[2m2026-05-16T01:08:48.273094Z[0m [32m INFO[0m [2mdashboard_server[0m[2m:[0m Executing on peer L3:lr-31415:long_run:P2: INSERT INTO users (id, email, name) VALUES (?, ?, ?)
[2m2026-05-16T01:08:48.310188Z[0m [32m INFO[0m [2mdashboard_server[0m[2m:[0m Executing on peer L3:lr-31415:long_run:P2: INSERT INTO users (id, email, name) VALUES (?, ?, ?)
[2m2026-05-16T01:08:48.348015Z[0m [32m INFO[0m [2mdashboard_server[0m[2m:[0m Executing on peer L3:lr-31415:long_run:P0: UPDATE users SET email = ? WHERE id = ?
[2m2026-05-16T01:08:48.384866Z[0m [32m INFO[0m [2mdashboard_server[0m[2m:[0m Executing on peer L3:lr-31415:long_run:P0: INSERT INTO users (id, email, name) VALUES (?, ?, ?)
[2m2026-05-16T01:08:48.421603Z[0m [32m INFO[0m [2mdashboard_server[0m[2m:[0m Executing on peer L3:lr-31415:long_run:P2: INSERT INTO users (id, email, name) VALUES (?, ?, ?)
[2m2026-05-16T01:08:48.459378Z[0m [32m INFO[0m [2mdashboard_server[0m[2m:[0m Sync request: L3:lr-31415:long_run:P3 -> L3:lr-31415:long_run:P1
[2m2026-05-16T01:08:48.513819Z[0m [32m INFO[0m [2mdashboard_server[0m[2m:[0m Sync request: L3:lr-31415:long_run:P3 -> L3:lr-31415:long_run:P1
[2m2026-05-16T01:08:48.568176Z[0m [32m INFO[0m [2mdashboard_server[0m[2m:[0m Executing on peer L3:lr-31415:long_run:P0: INSERT INTO users (id, email, name) VALUES (?, ?, ?)
[2m2026-05-16T01:08:48.605120Z[0m [32m INFO[0m [2mdashboard_server[0m[2m:[0m Executing on peer L3:lr-31415:long_run:P2: INSERT INTO users (id, email, name) VALUES (?, ?, ?)
[2m2026-05-16T01:08:48.642742Z[0m [32m INFO[0m [2mdashboard_server[0m[2m:[0m Executing on peer L3:lr-31415:long_run:P0: UPDATE users SET name = ? WHERE id = ?
[2m2026-05-16T01:08:48.680247Z[0m [32m INFO[0m [2mdashboard_server[0m[2m:[0m Executing on peer L3:lr-31415:long_run:P0: UPDATE users SET email = ? WHERE id = ?
[2m2026-05-16T01:08:48.717671Z[0m [32m INFO[0m [2mdashboard_server[0m[2m:[0m Executing on peer L3:lr-31415:long_run:P0: INSERT INTO users (id, email, name) VALUES (?, ?, ?)
[2m2026-05-16T01:08:48.754835Z[0m [32m INFO[0m [2mdashboard_server[0m[2m:[0m Executing on peer L3:lr-31415:long_run:P3: INSERT INTO users (id, email, name) VALUES (?, ?, ?)
[2m2026-05-16T01:08:48.792864Z[0m [32m INFO[0m [2mdashboard_server[0m[2m:[0m Executing on peer L3:lr-31415:long_run:P0: UPDATE users SET name = ? WHERE id = ?
[2m2026-05-16T01:08:48.830800Z[0m [32m INFO[0m [2mdashboard_server[0m[2m:[0m Sync request: L3:lr-31415:long_run:P3 -> L3:lr-31415:long_run:P2
[2m2026-05-16T01:08:48.946731Z[0m [32m INFO[0m [2mdashboard_server[0m[2m:[0m Executing on peer L3:lr-31415:long_run:P2: INSERT INTO users (id, email, name) VALUES (?, ?, ?)
[2m2026-05-16T01:08:48.984582Z[0m [32m INFO[0m [2mdashboard_server[0m[2m:[0m Executing on peer L3:lr-31415:long_run:P3: INSERT INTO users (id, email, name) VALUES (?, ?, ?)
[2m2026-05-16T01:08:49.021905Z[0m [32m INFO[0m [2mdashboard_server[0m[2m:[0m Executing on peer L3:lr-31415:long_run:P3: INSERT INTO users (id, email, name) VALUES (?, ?, ?)
[2m2026-05-16T01:08:49.059644Z[0m [32m INFO[0m [2mdashboard_server[0m[2m:[0m Executing on peer L3:lr-31415:long_run:P1: INSERT INTO users (id, email, name) VALUES (?, ?, ?)
[2m2026-05-16T01:08:49.097425Z[0m [32m INFO[0m [2mdashboard_server[0m[2m:[0m Executing on peer L3:lr-31415:long_run:P0: INSERT INTO users (id, email, name) VALUES (?, ?, ?)
[2m2026-05-16T01:08:49.135070Z[0m [32m INFO[0m [2mdashboard_server[0m[2m:[0m Executing on peer L3:lr-31415:long_run:P2: INSERT INTO users (id, email, name) VALUES (?, ?, ?)
[2m2026-05-16T01:08:49.172067Z[0m [32m INFO[0m [2mdashboard_server[0m[2m:[0m Sync request: L3:lr-31415:long_run:P3 -> L3:lr-31415:long_run:P2
[2m2026-05-16T01:08:49.227024Z[0m [32m INFO[0m [2mdashboard_server[0m[2m:[0m Executing on peer L3:lr-31415:long_run:P0: INSERT INTO users (id, email, name) VALUES (?, ?, ?)
[2m2026-05-16T01:08:49.264719Z[0m [32m INFO[0m [2mdashboard_server[0m[2m:[0m Executing on peer L3:lr-31415:long_run:P2: INSERT INTO users (id, email, name) VALUES (?, ?, ?)
[2m2026-05-16T01:08:49.301818Z[0m [32m INFO[0m [2mdashboard_server[0m[2m:[0m Sync request: L3:lr-31415:long_run:P3 -> L3:lr-31415:long_run:P0
[2m2026-05-16T01:08:49.359968Z[0m [32m INFO[0m [2mdashboard_server[0m[2m:[0m Executing on peer L3:lr-31415:long_run:P1: INSERT INTO users (id, email, name) VALUES (?, ?, ?)
[2m2026-05-16T01:08:49.397247Z[0m [32m INFO[0m [2mdashboard_server[0m[2m:[0m Sync request: L3:lr-31415:long_run:P0 -> L3:lr-31415:long_run:P1
[2m2026-05-16T01:08:49.454537Z[0m [32m INFO[0m [2mdashboard_server[0m[2m:[0m Sync request: L3:lr-31415:long_run:P2 -> L3:lr-31415:long_run:P1
[2m2026-05-16T01:08:49.511324Z[0m [32m INFO[0m [2mdashboard_server[0m[2m:[0m Executing on peer L3:lr-31415:long_run:P0: INSERT INTO users (id, email, name) VALUES (?, ?, ?)
[2m2026-05-16T01:08:49.549153Z[0m [32m INFO[0m [2mdashboard_server[0m[2m:[0m Executing on peer L3:lr-31415:long_run:P1: UPDATE users SET name = ? WHERE id = ?
[2m2026-05-16T01:08:49.587442Z[0m [32m INFO[0m [2mdashboard_server[0m[2m:[0m Executing on peer L3:lr-31415:long_run:P2: UPDATE users SET email = ? WHERE id = ?
[2m2026-05-16T01:08:49.625875Z[0m [32m INFO[0m [2mdashboard_server[0m[2m:[0m Executing on peer L3:lr-31415:long_run:P0: DELETE FROM users WHERE id = ?
[2m2026-05-16T01:08:49.664325Z[0m [32m INFO[0m [2mdashboard_server[0m[2m:[0m Executing on peer L3:lr-31415:long_run:P1: INSERT INTO users (id, email, name) VALUES (?, ?, ?)
[2m2026-05-16T01:08:49.702282Z[0m [32m INFO[0m [2mdashboard_server[0m[2m:[0m Executing on peer L3:lr-31415:long_run:P0: UPDATE users SET email = ? WHERE id = ?
[2m2026-05-16T01:08:49.740308Z[0m [32m INFO[0m [2mdashboard_server[0m[2m:[0m Executing on peer L3:lr-31415:long_run:P1: INSERT INTO users (id, email, name) VALUES (?, ?, ?)
[2m2026-05-16T01:08:49.778164Z[0m [32m INFO[0m [2mdashboard_server[0m[2m:[0m Executing on peer L3:lr-31415:long_run:P3: UPDATE users SET name = ? WHERE id = ?
[2m2026-05-16T01:08:49.816281Z[0m [32m INFO[0m [2mdashboard_server[0m[2m:[0m Executing on peer L3:lr-31415:long_run:P2: INSERT INTO users (id, email, name) VALUES (?, ?, ?)
[2m2026-05-16T01:08:49.854381Z[0m [32m INFO[0m [2mdashboard_server[0m[2m:[0m Executing on peer L3:lr-31415:long_run:P3: INSERT INTO users (id, email, name) VALUES (?, ?, ?)
[2m2026-05-16T01:08:49.892745Z[0m [32m INFO[0m [2mdashboard_server[0m[2m:[0m Executing on peer L3:lr-31415:long_run:P2: INSERT INTO users (id, email, name) VALUES (?, ?, ?)
[2m2026-05-16T01:08:49.930607Z[0m [32m INFO[0m [2mdashboard_server[0m[2m:[0m Executing on peer L3:lr-31415:long_run:P2: INSERT INTO users (id, email, name) VALUES (?, ?, ?)
[2m2026-05-16T01:08:49.969099Z[0m [32m INFO[0m [2mdashboard_server[0m[2m:[0m Executing on peer L3:lr-31415:long_run:P2: INSERT INTO users (id, email, name) VALUES (?, ?, ?)
[2m2026-05-16T01:08:50.007189Z[0m [32m INFO[0m [2mdashboard_server[0m[2m:[0m Executing on peer L3:lr-31415:long_run:P3: INSERT INTO users (id, email, name) VALUES (?, ?, ?)
[2m2026-05-16T01:08:50.045214Z[0m [32m INFO[0m [2mdashboard_server[0m[2m:[0m Executing on peer L3:lr-31415:long_run:P3: UPDATE users SET name = ? WHERE id = ?
[2m2026-05-16T01:08:50.085220Z[0m [32m INFO[0m [2mdashboard_server[0m[2m:[0m Executing on peer L3:lr-31415:long_run:P0: UPDATE users SET email = ? WHERE id = ?
[2m2026-05-16T01:08:50.123834Z[0m [32m INFO[0m [2mdashboard_server[0m[2m:[0m Executing on peer L3:lr-31415:long_run:P2: UPDATE users SET name = ? WHERE id = ?
[2m2026-05-16T01:08:50.162402Z[0m [32m INFO[0m [2mdashboard_server[0m[2m:[0m Sync request: L3:lr-31415:long_run:P0 -> L3:lr-31415:long_run:P2
[2m2026-05-16T01:08:50.219762Z[0m [32m INFO[0m [2mdashboard_server[0m[2m:[0m Sync request: L3:lr-31415:long_run:P2 -> L3:lr-31415:long_run:P0
[2m2026-05-16T01:08:50.276700Z[0m [32m INFO[0m [2mdashboard_server[0m[2m:[0m Executing on peer L3:lr-31415:long_run:P1: INSERT INTO users (id, email, name) VALUES (?, ?, ?)
[2m2026-05-16T01:08:50.316349Z[0m [32m INFO[0m [2mdashboard_server[0m[2m:[0m Executing on peer L3:lr-31415:long_run:P1: INSERT INTO users (id, email, name) VALUES (?, ?, ?)
[2m2026-05-16T01:08:50.354953Z[0m [32m INFO[0m [2mdashboard_server[0m[2m:[0m Executing on peer L3:lr-31415:long_run:P0: INSERT INTO users (id, email, name) VALUES (?, ?, ?)
[2m2026-05-16T01:08:50.393001Z[0m [32m INFO[0m [2mdashboard_server[0m[2m:[0m Executing on peer L3:lr-31415:long_run:P3: INSERT INTO users (id, email, name) VALUES (?, ?, ?)
[2m2026-05-16T01:08:50.431352Z[0m [32m INFO[0m [2mdashboard_server[0m[2m:[0m Executing on peer L3:lr-31415:long_run:P1: INSERT INTO users (id, email, name) VALUES (?, ?, ?)
[2m2026-05-16T01:08:50.469636Z[0m [32m INFO[0m [2mdashboard_server[0m[2m:[0m Executing on peer L3:lr-31415:long_run:P2: UPDATE users SET name = ? WHERE id = ?
[2m2026-05-16T01:08:50.507700Z[0m [32m INFO[0m [2mdashboard_server[0m[2m:[0m Executing on peer L3:lr-31415:long_run:P1: INSERT INTO users (id, email, name) VALUES (?, ?, ?)
[2m2026-05-16T01:08:50.545795Z[0m [32m INFO[0m [2mdashboard_server[0m[2m:[0m Sync request: L3:lr-31415:long_run:P3 -> L3:lr-31415:long_run:P2
[2m2026-05-16T01:08:50.604407Z[0m [32m INFO[0m [2mdashboard_server[0m[2m:[0m Sync request: L3:lr-31415:long_run:P0 -> L3:lr-31415:long_run:P3
[2m2026-05-16T01:08:50.661788Z[0m [32m INFO[0m [2mdashboard_server[0m[2m:[0m Sync request: L3:lr-31415:long_run:P3 -> L3:lr-31415:long_run:P0
[2m2026-05-16T01:08:50.718893Z[0m [32m INFO[0m [2mdashboard_server[0m[2m:[0m Executing on peer L3:lr-31415:long_run:P0: UPDATE users SET email = ? WHERE id = ?
[2m2026-05-16T01:08:50.757967Z[0m [32m INFO[0m [2mdashboard_server[0m[2m:[0m Executing on peer L3:lr-31415:long_run:P1: INSERT INTO users (id, email, name) VALUES (?, ?, ?)
[2m2026-05-16T01:08:50.796392Z[0m [32m INFO[0m [2mdashboard_server[0m[2m:[0m Executing on peer L3:lr-31415:long_run:P0: INSERT INTO users (id, email, name) VALUES (?, ?, ?)
[2m2026-05-16T01:08:50.835044Z[0m [32m INFO[0m [2mdashboard_server[0m[2m:[0m Executing on peer L3:lr-31415:long_run:P1: INSERT INTO users (id, email, name) VALUES (?, ?, ?)
[2m2026-05-16T01:08:50.938323Z[0m [32m INFO[0m [2mdashboard_server[0m[2m:[0m Executing on peer L3:lr-31415:long_run:P2: UPDATE users SET email = ? WHERE id = ?
[2m2026-05-16T01:08:50.977418Z[0m [32m INFO[0m [2mdashboard_server[0m[2m:[0m Executing on peer L3:lr-31415:long_run:P3: INSERT INTO users (id, email, name) VALUES (?, ?, ?)
[2m2026-05-16T01:08:51.016823Z[0m [32m INFO[0m [2mdashboard_server[0m[2m:[0m Executing on peer L3:lr-31415:long_run:P3: INSERT INTO users (id, email, name) VALUES (?, ?, ?)
[2m2026-05-16T01:08:51.055017Z[0m [32m INFO[0m [2mdashboard_server[0m[2m:[0m Executing on peer L3:lr-31415:long_run:P3: INSERT INTO users (id, email, name) VALUES (?, ?, ?)
[2m2026-05-16T01:08:51.096244Z[0m [32m INFO[0m [2mdashboard_server[0m[2m:[0m Executing on peer L3:lr-31415:long_run:P3: INSERT INTO users (id, email, name) VALUES (?, ?, ?)
[2m2026-05-16T01:08:51.135797Z[0m [32m INFO[0m [2mdashboard_server[0m[2m:[0m Executing on peer L3:lr-31415:long_run:P3: UPDATE users SET email = ? WHERE id = ?
[2m2026-05-16T01:08:51.174902Z[0m [32m INFO[0m [2mdashboard_server[0m[2m:[0m Executing on peer L3:lr-31415:long_run:P0: INSERT INTO users (id, email, name) VALUES (?, ?, ?)
[2m2026-05-16T01:08:51.213844Z[0m [32m INFO[0m [2mdashboard_server[0m[2m:[0m Executing on peer L3:lr-31415:long_run:P0: UPDATE users SET email = ? WHERE id = ?
[2m2026-05-16T01:08:51.253069Z[0m [32m INFO[0m [2mdashboard_server[0m[2m:[0m Executing on peer L3:lr-31415:long_run:P1: INSERT INTO users (id, email, name) VALUES (?, ?, ?)
[2m2026-05-16T01:08:51.291769Z[0m [32m INFO[0m [2mdashboard_server[0m[2m:[0m Executing on peer L3:lr-31415:long_run:P0: INSERT INTO users (id, email, name) VALUES (?, ?, ?)
[2m2026-05-16T01:08:51.331287Z[0m [32m INFO[0m [2mdashboard_server[0m[2m:[0m Executing on peer L3:lr-31415:long_run:P3: UPDATE users SET name = ? WHERE id = ?
[2m2026-05-16T01:08:51.370300Z[0m [32m INFO[0m [2mdashboard_server[0m[2m:[0m Executing on peer L3:lr-31415:long_run:P0: UPDATE users SET email = ? WHERE id = ?
[2m2026-05-16T01:08:51.409454Z[0m [32m INFO[0m [2mdashboard_server[0m[2m:[0m Executing on peer L3:lr-31415:long_run:P0: INSERT INTO users (id, email, name) VALUES (?, ?, ?)
[2m2026-05-16T01:08:51.448127Z[0m [32m INFO[0m [2mdashboard_server[0m[2m:[0m Executing on peer L3:lr-31415:long_run:P3: INSERT INTO users (id, email, name) VALUES (?, ?, ?)
[2m2026-05-16T01:08:51.486593Z[0m [32m INFO[0m [2mdashboard_server[0m[2m:[0m Executing on peer L3:lr-31415:long_run:P0: UPDATE users SET name = ? WHERE id = ?
[2m2026-05-16T01:08:51.525309Z[0m [32m INFO[0m [2mdashboard_server[0m[2m:[0m Executing on peer L3:lr-31415:long_run:P0: DELETE FROM users WHERE id = ?
[2m2026-05-16T01:08:51.564295Z[0m [32m INFO[0m [2mdashboard_server[0m[2m:[0m Sync request: L3:lr-31415:long_run:P3 -> L3:lr-31415:long_run:P2
[2m2026-05-16T01:08:51.623004Z[0m [32m INFO[0m [2mdashboard_server[0m[2m:[0m Executing on peer L3:lr-31415:long_run:P2: UPDATE users SET email = ? WHERE id = ?
[2m2026-05-16T01:08:51.662953Z[0m [32m INFO[0m [2mdashboard_server[0m[2m:[0m Executing on peer L3:lr-31415:long_run:P3: DELETE FROM users WHERE id = ?
[2m2026-05-16T01:08:51.702559Z[0m [32m INFO[0m [2mdashboard_server[0m[2m:[0m Executing on peer L3:lr-31415:long_run:P1: UPDATE users SET name = ? WHERE id = ?
[2m2026-05-16T01:08:51.741628Z[0m [32m INFO[0m [2mdashboard_server[0m[2m:[0m Sync request: L3:lr-31415:long_run:P1 -> L3:lr-31415:long_run:P3
[2m2026-05-16T01:08:51.801699Z[0m [32m INFO[0m [2mdashboard_server[0m[2m:[0m Sync request: L3:lr-31415:long_run:P0 -> L3:lr-31415:long_run:P3
[2m2026-05-16T01:08:51.861334Z[0m [32m INFO[0m [2mdashboard_server[0m[2m:[0m Executing on peer L3:lr-31415:long_run:P3: UPDATE users SET name = ? WHERE id = ?
[2m2026-05-16T01:08:51.901507Z[0m [32m INFO[0m [2mdashboard_server[0m[2m:[0m Executing on peer L3:lr-31415:long_run:P2: UPDATE users SET name = ? WHERE id = ?
[2m2026-05-16T01:08:51.940919Z[0m [32m INFO[0m [2mdashboard_server[0m[2m:[0m Executing on peer L3:lr-31415:long_run:P3: INSERT INTO users (id, email, name) VALUES (?, ?, ?)
[2m2026-05-16T01:08:51.981148Z[0m [32m INFO[0m [2mdashboard_server[0m[2m:[0m Executing on peer L3:lr-31415:long_run:P0: INSERT INTO users (id, email, name) VALUES (?, ?, ?)
[2m2026-05-16T01:08:52.111071Z[0m [32m INFO[0m [2mdashboard_server[0m[2m:[0m Executing on peer L3:lr-31415:long_run:P0: UPDATE users SET email = ? WHERE id = ?
[2m2026-05-16T01:08:52.151710Z[0m [32m INFO[0m [2mdashboard_server[0m[2m:[0m Sync request: L3:lr-31415:long_run:P2 -> L3:lr-31415:long_run:P3
[2m2026-05-16T01:08:52.212843Z[0m [32m INFO[0m [2mdashboard_server[0m[2m:[0m Executing on peer L3:lr-31415:long_run:P3: INSERT INTO users (id, email, name) VALUES (?, ?, ?)
[2m2026-05-16T01:08:52.252917Z[0m [32m INFO[0m [2mdashboard_server[0m[2m:[0m Executing on peer L3:lr-31415:long_run:P0: INSERT INTO users (id, email, name) VALUES (?, ?, ?)
[2m2026-05-16T01:08:52.293304Z[0m [32m INFO[0m [2mdashboard_server[0m[2m:[0m Executing on peer L3:lr-31415:long_run:P0: DELETE FROM users WHERE id = ?
[2m2026-05-16T01:08:52.334463Z[0m [32m INFO[0m [2mdashboard_server[0m[2m:[0m Executing on peer L3:lr-31415:long_run:P3: INSERT INTO users (id, email, name) VALUES (?, ?, ?)
[2m2026-05-16T01:08:52.374187Z[0m [32m INFO[0m [2mdashboard_server[0m[2m:[0m Sync request: L3:lr-31415:long_run:P3 -> L3:lr-31415:long_run:P1
[2m2026-05-16T01:08:52.434441Z[0m [32m INFO[0m [2mdashboard_server[0m[2m:[0m Executing on peer L3:lr-31415:long_run:P2: UPDATE users SET email = ? WHERE id = ?
[2m2026-05-16T01:08:52.475004Z[0m [32m INFO[0m [2mdashboard_server[0m[2m:[0m Executing on peer L3:lr-31415:long_run:P1: INSERT INTO users (id, email, name) VALUES (?, ?, ?)
[2m2026-05-16T01:08:52.515745Z[0m [32m INFO[0m [2mdashboard_server[0m[2m:[0m Executing on peer L3:lr-31415:long_run:P2: INSERT INTO users (id, email, name) VALUES (?, ?, ?)
[2m2026-05-16T01:08:52.555482Z[0m [32m INFO[0m [2mdashboard_server[0m[2m:[0m Executing on peer L3:lr-31415:long_run:P0: UPDATE users SET name = ? WHERE id = ?
[2m2026-05-16T01:08:52.595564Z[0m [32m INFO[0m [2mdashboard_server[0m[2m:[0m Executing on peer L3:lr-31415:long_run:P0: INSERT INTO users (id, email, name) VALUES (?, ?, ?)
[2m2026-05-16T01:08:52.635405Z[0m [32m INFO[0m [2mdashboard_server[0m[2m:[0m Executing on peer L3:lr-31415:long_run:P3: UPDATE users SET name = ? WHERE id = ?
[2m2026-05-16T01:08:52.675280Z[0m [32m INFO[0m [2mdashboard_server[0m[2m:[0m Sync request: L3:lr-31415:long_run:P2 -> L3:lr-31415:long_run:P1
[2m2026-05-16T01:08:52.735679Z[0m [32m INFO[0m [2mdashboard_server[0m[2m:[0m Sync request: L3:lr-31415:long_run:P0 -> L3:lr-31415:long_run:P2
[2m2026-05-16T01:08:52.796383Z[0m [32m INFO[0m [2mdashboard_server[0m[2m:[0m Executing on peer L3:lr-31415:long_run:P2: UPDATE users SET name = ? WHERE id = ?
[2m2026-05-16T01:08:52.837109Z[0m [32m INFO[0m [2mdashboard_server[0m[2m:[0m Executing on peer L3:lr-31415:long_run:P2: INSERT INTO users (id, email, name) VALUES (?, ?, ?)
[2m2026-05-16T01:08:52.909168Z[0m [32m INFO[0m [2mdashboard_server[0m[2m:[0m Executing on peer L3:lr-31415:long_run:P1: UPDATE users SET email = ? WHERE id = ?
[2m2026-05-16T01:08:52.955548Z[0m [32m INFO[0m [2mdashboard_server[0m[2m:[0m Sync request: L3:lr-31415:long_run:P0 -> L3:lr-31415:long_run:P1
[2m2026-05-16T01:08:53.018768Z[0m [32m INFO[0m [2mdashboard_server[0m[2m:[0m Executing on peer L3:lr-31415:long_run:P3: INSERT INTO users (id, email, name) VALUES (?, ?, ?)
[2m2026-05-16T01:08:53.061167Z[0m [32m INFO[0m [2mdashboard_server[0m[2m:[0m Sync request: L3:lr-31415:long_run:P3 -> L3:lr-31415:long_run:P0
[2m2026-05-16T01:08:53.127990Z[0m [32m INFO[0m [2mdashboard_server[0m[2m:[0m Executing on peer L3:lr-31415:long_run:P3: INSERT INTO users (id, email, name) VALUES (?, ?, ?)
[2m2026-05-16T01:08:53.169062Z[0m [32m INFO[0m [2mdashboard_server[0m[2m:[0m Sync request: L3:lr-31415:long_run:P1 -> L3:lr-31415:long_run:P2
[2m2026-05-16T01:08:53.230739Z[0m [32m INFO[0m [2mdashboard_server[0m[2m:[0m Executing on peer L3:lr-31415:long_run:P1: UPDATE users SET email = ? WHERE id = ?
[2m2026-05-16T01:08:53.271471Z[0m [32m INFO[0m [2mdashboard_server[0m[2m:[0m Sync request: L3:lr-31415:long_run:P2 -> L3:lr-31415:long_run:P0
[2m2026-05-16T01:08:53.332165Z[0m [32m INFO[0m [2mdashboard_server[0m[2m:[0m Executing on peer L3:lr-31415:long_run:P2: UPDATE users SET name = ? WHERE id = ?
[2m2026-05-16T01:08:53.372448Z[0m [32m INFO[0m [2mdashboard_server[0m[2m:[0m Executing on peer L3:lr-31415:long_run:P0: DELETE FROM users WHERE id = ?
[2m2026-05-16T01:08:53.413020Z[0m [32m INFO[0m [2mdashboard_server[0m[2m:[0m Executing on peer L3:lr-31415:long_run:P1: INSERT INTO users (id, email, name) VALUES (?, ?, ?)
[2m2026-05-16T01:08:53.453171Z[0m [32m INFO[0m [2mdashboard_server[0m[2m:[0m Executing on peer L3:lr-31415:long_run:P1: INSERT INTO users (id, email, name) VALUES (?, ?, ?)
[2m2026-05-16T01:08:53.493445Z[0m [32m INFO[0m [2mdashboard_server[0m[2m:[0m Executing on peer L3:lr-31415:long_run:P2: DELETE FROM users WHERE id = ?
[2m2026-05-16T01:08:53.534349Z[0m [32m INFO[0m [2mdashboard_server[0m[2m:[0m Executing on peer L3:lr-31415:long_run:P1: INSERT INTO users (id, email, name) VALUES (?, ?, ?)
[2m2026-05-16T01:08:53.574173Z[0m [32m INFO[0m [2mdashboard_server[0m[2m:[0m Executing on peer L3:lr-31415:long_run:P3: UPDATE users SET name = ? WHERE id = ?
[2m2026-05-16T01:08:53.614730Z[0m [32m INFO[0m [2mdashboard_server[0m[2m:[0m Executing on peer L3:lr-31415:long_run:P2: UPDATE users SET name = ? WHERE id = ?
[2m2026-05-16T01:08:53.655055Z[0m [32m INFO[0m [2mdashboard_server[0m[2m:[0m Executing on peer L3:lr-31415:long_run:P3: INSERT INTO users (id, email, name) VALUES (?, ?, ?)
[2m2026-05-16T01:08:53.695559Z[0m [32m INFO[0m [2mdashboard_server[0m[2m:[0m Executing on peer L3:lr-31415:long_run:P2: UPDATE users SET email = ? WHERE id = ?
[2m2026-05-16T01:08:53.736153Z[0m [32m INFO[0m [2mdashboard_server[0m[2m:[0m Executing on peer L3:lr-31415:long_run:P1: DELETE FROM users WHERE id = ?
[2m2026-05-16T01:08:53.776600Z[0m [32m INFO[0m [2mdashboard_server[0m[2m:[0m Sync request: L3:lr-31415:long_run:P2 -> L3:lr-31415:long_run:P0
[2m2026-05-16T01:08:53.837875Z[0m [32m INFO[0m [2mdashboard_server[0m[2m:[0m Executing on peer L3:lr-31415:long_run:P0: INSERT INTO users (id, email, name) VALUES (?, ?, ?)
[2m2026-05-16T01:08:53.877683Z[0m [32m INFO[0m [2mdashboard_server[0m[2m:[0m Executing on peer L3:lr-31415:long_run:P0: INSERT INTO users (id, email, name) VALUES (?, ?, ?)
[2m2026-05-16T01:08:53.918584Z[0m [32m INFO[0m [2mdashboard_server[0m[2m:[0m Sync request: L3:lr-31415:long_run:P1 -> L3:lr-31415:long_run:P0
[2m2026-05-16T01:08:53.979631Z[0m [32m INFO[0m [2mdashboard_server[0m[2m:[0m Executing on peer L3:lr-31415:long_run:P3: INSERT INTO users (id, email, name) VALUES (?, ?, ?)
[2m2026-05-16T01:08:54.020140Z[0m [32m INFO[0m [2mdashboard_server[0m[2m:[0m Sync request: L3:lr-31415:long_run:P3 -> L3:lr-31415:long_run:P1
[2m2026-05-16T01:08:54.082530Z[0m [32m INFO[0m [2mdashboard_server[0m[2m:[0m Executing on peer L3:lr-31415:long_run:P2: DELETE FROM users WHERE id = ?
[2m2026-05-16T01:08:54.123388Z[0m [32m INFO[0m [2mdashboard_server[0m[2m:[0m Sync request: L3:lr-31415:long_run:P0 -> L3:lr-31415:long_run:P1
[2m2026-05-16T01:08:54.185337Z[0m [32m INFO[0m [2mdashboard_server[0m[2m:[0m Executing on peer L3:lr-31415:long_run:P1: INSERT INTO users (id, email, name) VALUES (?, ?, ?)
[2m2026-05-16T01:08:54.225301Z[0m [32m INFO[0m [2mdashboard_server[0m[2m:[0m Executing on peer L3:lr-31415:long_run:P3: INSERT INTO users (id, email, name) VALUES (?, ?, ?)
[2m2026-05-16T01:08:54.266469Z[0m [32m INFO[0m [2mdashboard_server[0m[2m:[0m Executing on peer L3:lr-31415:long_run:P3: UPDATE users SET email = ? WHERE id = ?
[2m2026-05-16T01:08:54.308108Z[0m [32m INFO[0m [2mdashboard_server[0m[2m:[0m Executing on peer L3:lr-31415:long_run:P1: INSERT INTO users (id, email, name) VALUES (?, ?, ?)
[2m2026-05-16T01:08:54.349570Z[0m [32m INFO[0m [2mdashboard_server[0m[2m:[0m Executing on peer L3:lr-31415:long_run:P3: DELETE FROM users WHERE id = ?
[2m2026-05-16T01:08:54.390293Z[0m [32m INFO[0m [2mdashboard_server[0m[2m:[0m Executing on peer L3:lr-31415:long_run:P1: UPDATE users SET name = ? WHERE id = ?
[2m2026-05-16T01:08:54.432645Z[0m [32m INFO[0m [2mdashboard_server[0m[2m:[0m Executing on peer L3:lr-31415:long_run:P0: INSERT INTO users (id, email, name) VALUES (?, ?, ?)
[2m2026-05-16T01:08:54.473690Z[0m [32m INFO[0m [2mdashboard_server[0m[2m:[0m Executing on peer L3:lr-31415:long_run:P2: INSERT INTO users (id, email, name) VALUES (?, ?, ?)
[2m2026-05-16T01:08:54.514750Z[0m [32m INFO[0m [2mdashboard_server[0m[2m:[0m Executing on peer L3:lr-31415:long_run:P3: UPDATE users SET email = ? WHERE id = ?
[2m2026-05-16T01:08:54.555893Z[0m [32m INFO[0m [2mdashboard_server[0m[2m:[0m Executing on peer L3:lr-31415:long_run:P3: UPDATE users SET name = ? WHERE id = ?
[2m2026-05-16T01:08:54.596622Z[0m [32m INFO[0m [2mdashboard_server[0m[2m:[0m Sync request: L3:lr-31415:long_run:P1 -> L3:lr-31415:long_run:P0
[2m2026-05-16T01:08:54.659515Z[0m [32m INFO[0m [2mdashboard_server[0m[2m:[0m Executing on peer L3:lr-31415:long_run:P0: INSERT INTO users (id, email, name) VALUES (?, ?, ?)
[2m2026-05-16T01:08:54.700632Z[0m [32m INFO[0m [2mdashboard_server[0m[2m:[0m Executing on peer L3:lr-31415:long_run:P0: UPDATE users SET email = ? WHERE id = ?
[2m2026-05-16T01:08:54.741388Z[0m [32m INFO[0m [2mdashboard_server[0m[2m:[0m Executing on peer L3:lr-31415:long_run:P0: INSERT INTO users (id, email, name) VALUES (?, ?, ?)
[2m2026-05-16T01:08:54.782490Z[0m [32m INFO[0m [2mdashboard_server[0m[2m:[0m Executing on peer L3:lr-31415:long_run:P0: INSERT INTO users (id, email, name) VALUES (?, ?, ?)
[2m2026-05-16T01:08:54.823229Z[0m [32m INFO[0m [2mdashboard_server[0m[2m:[0m Executing on peer L3:lr-31415:long_run:P3: UPDATE users SET email = ? WHERE id = ?
[2m2026-05-16T01:08:54.931774Z[0m [32m INFO[0m [2mdashboard_server[0m[2m:[0m Sync request: L3:lr-31415:long_run:P0 -> L3:lr-31415:long_run:P1
[2m2026-05-16T01:08:54.993608Z[0m [32m INFO[0m [2mdashboard_server[0m[2m:[0m Executing on peer L3:lr-31415:long_run:P2: DELETE FROM users WHERE id = ?
[2m2026-05-16T01:08:55.034730Z[0m [32m INFO[0m [2mdashboard_server[0m[2m:[0m Executing on peer L3:lr-31415:long_run:P2: UPDATE users SET email = ? WHERE id = ?
[2m2026-05-16T01:08:55.075778Z[0m [32m INFO[0m [2mdashboard_server[0m[2m:[0m Executing on peer L3:lr-31415:long_run:P3: INSERT INTO users (id, email, name) VALUES (?, ?, ?)
[2m2026-05-16T01:08:55.117760Z[0m [32m INFO[0m [2mdashboard_server[0m[2m:[0m Executing on peer L3:lr-31415:long_run:P3: INSERT INTO users (id, email, name) VALUES (?, ?, ?)
[2m2026-05-16T01:08:55.158734Z[0m [32m INFO[0m [2mdashboard_server[0m[2m:[0m Executing on peer L3:lr-31415:long_run:P0: DELETE FROM users WHERE id = ?
[2m2026-05-16T01:08:55.200868Z[0m [32m INFO[0m [2mdashboard_server[0m[2m:[0m Executing on peer L3:lr-31415:long_run:P0: UPDATE users SET email = ? WHERE id = ?
[2m2026-05-16T01:08:55.241508Z[0m [32m INFO[0m [2mdashboard_server[0m[2m:[0m Executing on peer L3:lr-31415:long_run:P0: INSERT INTO users (id, email, name) VALUES (?, ?, ?)
[2m2026-05-16T01:08:55.282947Z[0m [32m INFO[0m [2mdashboard_server[0m[2m:[0m Executing on peer L3:lr-31415:long_run:P0: UPDATE users SET name = ? WHERE id = ?
[2m2026-05-16T01:08:55.324948Z[0m [32m INFO[0m [2mdashboard_server[0m[2m:[0m Sync request: L3:lr-31415:long_run:P1 -> L3:lr-31415:long_run:P3
[2m2026-05-16T01:08:55.388003Z[0m [32m INFO[0m [2mdashboard_server[0m[2m:[0m Executing on peer L3:lr-31415:long_run:P1: INSERT INTO users (id, email, name) VALUES (?, ?, ?)
[2m2026-05-16T01:08:55.429299Z[0m [32m INFO[0m [2mdashboard_server[0m[2m:[0m Executing on peer L3:lr-31415:long_run:P2: UPDATE users SET email = ? WHERE id = ?
[2m2026-05-16T01:08:55.470179Z[0m [32m INFO[0m [2mdashboard_server[0m[2m:[0m Executing on peer L3:lr-31415:long_run:P1: INSERT INTO users (id, email, name) VALUES (?, ?, ?)
[2m2026-05-16T01:08:55.510850Z[0m [32m INFO[0m [2mdashboard_server[0m[2m:[0m Sync request: L3:lr-31415:long_run:P3 -> L3:lr-31415:long_run:P1
[2m2026-05-16T01:08:55.573583Z[0m [32m INFO[0m [2mdashboard_server[0m[2m:[0m Executing on peer L3:lr-31415:long_run:P0: INSERT INTO users (id, email, name) VALUES (?, ?, ?)
[2m2026-05-16T01:08:55.615086Z[0m [32m INFO[0m [2mdashboard_server[0m[2m:[0m Executing on peer L3:lr-31415:long_run:P2: UPDATE users SET email = ? WHERE id = ?
[2m2026-05-16T01:08:55.656421Z[0m [32m INFO[0m [2mdashboard_server[0m[2m:[0m Executing on peer L3:lr-31415:long_run:P1: INSERT INTO users (id, email, name) VALUES (?, ?, ?)
[2m2026-05-16T01:08:55.697611Z[0m [32m INFO[0m [2mdashboard_server[0m[2m:[0m Executing on peer L3:lr-31415:long_run:P3: INSERT INTO users (id, email, name) VALUES (?, ?, ?)
[2m2026-05-16T01:08:55.738863Z[0m [32m INFO[0m [2mdashboard_server[0m[2m:[0m Executing on peer L3:lr-31415:long_run:P3: INSERT INTO users (id, email, name) VALUES (?, ?, ?)
[2m2026-05-16T01:08:55.780206Z[0m [32m INFO[0m [2mdashboard_server[0m[2m:[0m Executing on peer L3:lr-31415:long_run:P1: INSERT INTO users (id, email, name) VALUES (?, ?, ?)
[2m2026-05-16T01:08:55.821317Z[0m [32m INFO[0m [2mdashboard_server[0m[2m:[0m Sync request: L3:lr-31415:long_run:P0 -> L3:lr-31415:long_run:P3
[2m2026-05-16T01:08:55.884830Z[0m [32m INFO[0m [2mdashboard_server[0m[2m:[0m Executing on peer L3:lr-31415:long_run:P2: UPDATE users SET name = ? WHERE id = ?
[2m2026-05-16T01:08:55.926343Z[0m [32m INFO[0m [2mdashboard_server[0m[2m:[0m Executing on peer L3:lr-31415:long_run:P1: UPDATE users SET name = ? WHERE id = ?
[2m2026-05-16T01:08:55.969000Z[0m [32m INFO[0m [2mdashboard_server[0m[2m:[0m Executing on peer L3:lr-31415:long_run:P0: UPDATE users SET name = ? WHERE id = ?
[2m2026-05-16T01:08:56.010246Z[0m [32m INFO[0m [2mdashboard_server[0m[2m:[0m Executing on peer L3:lr-31415:long_run:P1: INSERT INTO users (id, email, name) VALUES (?, ?, ?)
[2m2026-05-16T01:08:56.052143Z[0m [32m INFO[0m [2mdashboard_server[0m[2m:[0m Executing on peer L3:lr-31415:long_run:P1: UPDATE users SET name = ? WHERE id = ?
[2m2026-05-16T01:08:56.095228Z[0m [32m INFO[0m [2mdashboard_server[0m[2m:[0m Executing on peer L3:lr-31415:long_run:P3: INSERT INTO users (id, email, name) VALUES (?, ?, ?)
[2m2026-05-16T01:08:56.137313Z[0m [32m INFO[0m [2mdashboard_server[0m[2m:[0m Sync request: L3:lr-31415:long_run:P0 -> L3:lr-31415:long_run:P3
[2m2026-05-16T01:08:56.200784Z[0m [32m INFO[0m [2mdashboard_server[0m[2m:[0m Executing on peer L3:lr-31415:long_run:P3: INSERT INTO users (id, email, name) VALUES (?, ?, ?)
[2m2026-05-16T01:08:56.241602Z[0m [32m INFO[0m [2mdashboard_server[0m[2m:[0m Executing on peer L3:lr-31415:long_run:P2: UPDATE users SET name = ? WHERE id = ?
[2m2026-05-16T01:08:56.283339Z[0m [32m INFO[0m [2mdashboard_server[0m[2m:[0m Executing on peer L3:lr-31415:long_run:P2: UPDATE users SET email = ? WHERE id = ?
[2m2026-05-16T01:08:56.325084Z[0m [32m INFO[0m [2mdashboard_server[0m[2m:[0m Executing on peer L3:lr-31415:long_run:P3: INSERT INTO users (id, email, name) VALUES (?, ?, ?)
[2m2026-05-16T01:08:56.367215Z[0m [32m INFO[0m [2mdashboard_server[0m[2m:[0m Executing on peer L3:lr-31415:long_run:P0: INSERT INTO users (id, email, name) VALUES (?, ?, ?)
[2m2026-05-16T01:08:56.408034Z[0m [32m INFO[0m [2mdashboard_server[0m[2m:[0m Sync request: L3:lr-31415:long_run:P0 -> L3:lr-31415:long_run:P2
[2m2026-05-16T01:08:56.473865Z[0m [32m INFO[0m [2mdashboard_server[0m[2m:[0m Executing on peer L3:lr-31415:long_run:P0: INSERT INTO users (id, email, name) VALUES (?, ?, ?)
[2m2026-05-16T01:08:56.515822Z[0m [32m INFO[0m [2mdashboard_server[0m[2m:[0m Executing on peer L3:lr-31415:long_run:P1: INSERT INTO users (id, email, name) VALUES (?, ?, ?)
[2m2026-05-16T01:08:56.557816Z[0m [32m INFO[0m [2mdashboard_server[0m[2m:[0m Executing on peer L3:lr-31415:long_run:P3: UPDATE users SET name = ? WHERE id = ?
[2m2026-05-16T01:08:56.600373Z[0m [32m INFO[0m [2mdashboard_server[0m[2m:[0m Executing on peer L3:lr-31415:long_run:P1: INSERT INTO users (id, email, name) VALUES (?, ?, ?)
[2m2026-05-16T01:08:56.641751Z[0m [32m INFO[0m [2mdashboard_server[0m[2m:[0m Executing on peer L3:lr-31415:long_run:P1: INSERT INTO users (id, email, name) VALUES (?, ?, ?)
[2m2026-05-16T01:08:56.684161Z[0m [32m INFO[0m [2mdashboard_server[0m[2m:[0m Executing on peer L3:lr-31415:long_run:P1: INSERT INTO users (id, email, name) VALUES (?, ?, ?)
[2m2026-05-16T01:08:56.726305Z[0m [32m INFO[0m [2mdashboard_server[0m[2m:[0m Executing on peer L3:lr-31415:long_run:P1: UPDATE users SET email = ? WHERE id = ?
[2m2026-05-16T01:08:56.768929Z[0m [32m INFO[0m [2mdashboard_server[0m[2m:[0m Sync request: L3:lr-31415:long_run:P0 -> L3:lr-31415:long_run:P1
[2m2026-05-16T01:08:56.834523Z[0m [32m INFO[0m [2mdashboard_server[0m[2m:[0m Executing on peer L3:lr-31415:long_run:P2: UPDATE users SET name = ? WHERE id = ?
[2m2026-05-16T01:08:56.947034Z[0m [32m INFO[0m [2mdashboard_server[0m[2m:[0m Sync request: L3:lr-31415:long_run:P2 -> L3:lr-31415:long_run:P0
[2m2026-05-16T01:08:57.010757Z[0m [32m INFO[0m [2mdashboard_server[0m[2m:[0m Executing on peer L3:lr-31415:long_run:P2: INSERT INTO users (id, email, name) VALUES (?, ?, ?)
[2m2026-05-16T01:08:57.052895Z[0m [32m INFO[0m [2mdashboard_server[0m[2m:[0m Executing on peer L3:lr-31415:long_run:P1: INSERT INTO users (id, email, name) VALUES (?, ?, ?)
[2m2026-05-16T01:08:57.094950Z[0m [32m INFO[0m [2mdashboard_server[0m[2m:[0m Sync request: L3:lr-31415:long_run:P3 -> L3:lr-31415:long_run:P2
[2m2026-05-16T01:08:57.160568Z[0m [32m INFO[0m [2mdashboard_server[0m[2m:[0m Executing on peer L3:lr-31415:long_run:P3: INSERT INTO users (id, email, name) VALUES (?, ?, ?)
[2m2026-05-16T01:08:57.203158Z[0m [32m INFO[0m [2mdashboard_server[0m[2m:[0m Sync request: L3:lr-31415:long_run:P2 -> L3:lr-31415:long_run:P3
[2m2026-05-16T01:08:57.267646Z[0m [32m INFO[0m [2mdashboard_server[0m[2m:[0m Sync request: L3:lr-31415:long_run:P3 -> L3:lr-31415:long_run:P0
[2m2026-05-16T01:08:57.332737Z[0m [32m INFO[0m [2mdashboard_server[0m[2m:[0m Executing on peer L3:lr-31415:long_run:P3: INSERT INTO users (id, email, name) VALUES (?, ?, ?)
[2m2026-05-16T01:08:57.375264Z[0m [32m INFO[0m [2mdashboard_server[0m[2m:[0m Executing on peer L3:lr-31415:long_run:P2: INSERT INTO users (id, email, name) VALUES (?, ?, ?)
[2m2026-05-16T01:08:57.418231Z[0m [32m INFO[0m [2mdashboard_server[0m[2m:[0m Executing on peer L3:lr-31415:long_run:P2: UPDATE users SET email = ? WHERE id = ?
[2m2026-05-16T01:08:57.460921Z[0m [32m INFO[0m [2mdashboard_server[0m[2m:[0m Sync request: L3:lr-31415:long_run:P1 -> L3:lr-31415:long_run:P3
[2m2026-05-16T01:08:57.526089Z[0m [32m INFO[0m [2mdashboard_server[0m[2m:[0m Executing on peer L3:lr-31415:long_run:P3: INSERT INTO users (id, email, name) VALUES (?, ?, ?)
[2m2026-05-16T01:08:57.569325Z[0m [32m INFO[0m [2mdashboard_server[0m[2m:[0m Executing on peer L3:lr-31415:long_run:P1: INSERT INTO users (id, email, name) VALUES (?, ?, ?)
[2m2026-05-16T01:08:57.612048Z[0m [32m INFO[0m [2mdashboard_server[0m[2m:[0m Executing on peer L3:lr-31415:long_run:P2: INSERT INTO users (id, email, name) VALUES (?, ?, ?)
[2m2026-05-16T01:08:57.654390Z[0m [32m INFO[0m [2mdashboard_server[0m[2m:[0m Executing on peer L3:lr-31415:long_run:P2: INSERT INTO users (id, email, name) VALUES (?, ?, ?)
[2m2026-05-16T01:08:57.697225Z[0m [32m INFO[0m [2mdashboard_server[0m[2m:[0m Executing on peer L3:lr-31415:long_run:P1: INSERT INTO users (id, email, name) VALUES (?, ?, ?)
[2m2026-05-16T01:08:57.740138Z[0m [32m INFO[0m [2mdashboard_server[0m[2m:[0m Executing on peer L3:lr-31415:long_run:P2: INSERT INTO users (id, email, name) VALUES (?, ?, ?)
[2m2026-05-16T01:08:57.783414Z[0m [32m INFO[0m [2mdashboard_server[0m[2m:[0m Executing on peer L3:lr-31415:long_run:P0: INSERT INTO users (id, email, name) VALUES (?, ?, ?)
[2m2026-05-16T01:08:57.825586Z[0m [32m INFO[0m [2mdashboard_server[0m[2m:[0m Executing on peer L3:lr-31415:long_run:P2: INSERT INTO users (id, email, name) VALUES (?, ?, ?)
[2m2026-05-16T01:08:57.868963Z[0m [32m INFO[0m [2mdashboard_server[0m[2m:[0m Executing on peer L3:lr-31415:long_run:P3: INSERT INTO users (id, email, name) VALUES (?, ?, ?)
[2m2026-05-16T01:08:57.911522Z[0m [32m INFO[0m [2mdashboard_server[0m[2m:[0m Executing on peer L3:lr-31415:long_run:P1: INSERT INTO users (id, email, name) VALUES (?, ?, ?)
[2m2026-05-16T01:08:57.954395Z[0m [32m INFO[0m [2mdashboard_server[0m[2m:[0m Executing on peer L3:lr-31415:long_run:P0: DELETE FROM users WHERE id = ?
[2m2026-05-16T01:08:57.997728Z[0m [32m INFO[0m [2mdashboard_server[0m[2m:[0m Executing on peer L3:lr-31415:long_run:P0: INSERT INTO users (id, email, name) VALUES (?, ?, ?)
[2m2026-05-16T01:08:58.040212Z[0m [32m INFO[0m [2mdashboard_server[0m[2m:[0m Executing on peer L3:lr-31415:long_run:P0: INSERT INTO users (id, email, name) VALUES (?, ?, ?)
[2m2026-05-16T01:08:58.082671Z[0m [32m INFO[0m [2mdashboard_server[0m[2m:[0m Executing on peer L3:lr-31415:long_run:P2: UPDATE users SET email = ? WHERE id = ?
[2m2026-05-16T01:08:58.125899Z[0m [32m INFO[0m [2mdashboard_server[0m[2m:[0m Executing on peer L3:lr-31415:long_run:P2: INSERT INTO users (id, email, name) VALUES (?, ?, ?)
[2m2026-05-16T01:08:58.169350Z[0m [32m INFO[0m [2mdashboard_server[0m[2m:[0m Sync request: L3:lr-31415:long_run:P1 -> L3:lr-31415:long_run:P0
[2m2026-05-16T01:08:58.235192Z[0m [32m INFO[0m [2mdashboard_server[0m[2m:[0m Executing on peer L3:lr-31415:long_run:P2: UPDATE users SET email = ? WHERE id = ?
[2m2026-05-16T01:08:58.278233Z[0m [32m INFO[0m [2mdashboard_server[0m[2m:[0m Executing on peer L3:lr-31415:long_run:P1: INSERT INTO users (id, email, name) VALUES (?, ?, ?)
[2m2026-05-16T01:08:58.322038Z[0m [32m INFO[0m [2mdashboard_server[0m[2m:[0m Executing on peer L3:lr-31415:long_run:P1: INSERT INTO users (id, email, name) VALUES (?, ?, ?)
[2m2026-05-16T01:08:58.365608Z[0m [32m INFO[0m [2mdashboard_server[0m[2m:[0m Executing on peer L3:lr-31415:long_run:P0: INSERT INTO users (id, email, name) VALUES (?, ?, ?)
[2m2026-05-16T01:08:58.408702Z[0m [32m INFO[0m [2mdashboard_server[0m[2m:[0m Sync request: L3:lr-31415:long_run:P1 -> L3:lr-31415:long_run:P2
[2m2026-05-16T01:08:58.475907Z[0m [32m INFO[0m [2mdashboard_server[0m[2m:[0m Executing on peer L3:lr-31415:long_run:P2: INSERT INTO users (id, email, name) VALUES (?, ?, ?)
[2m2026-05-16T01:08:58.519773Z[0m [32m INFO[0m [2mdashboard_server[0m[2m:[0m Executing on peer L3:lr-31415:long_run:P0: DELETE FROM users WHERE id = ?
[2m2026-05-16T01:08:58.563617Z[0m [32m INFO[0m [2mdashboard_server[0m[2m:[0m Sync request: L3:lr-31415:long_run:P0 -> L3:lr-31415:long_run:P2
[2m2026-05-16T01:08:58.631158Z[0m [32m INFO[0m [2mdashboard_server[0m[2m:[0m Executing on peer L3:lr-31415:long_run:P0: INSERT INTO users (id, email, name) VALUES (?, ?, ?)
[2m2026-05-16T01:08:58.674792Z[0m [32m INFO[0m [2mdashboard_server[0m[2m:[0m Sync request: L3:lr-31415:long_run:P0 -> L3:lr-31415:long_run:P3
[2m2026-05-16T01:08:58.743360Z[0m [32m INFO[0m [2mdashboard_server[0m[2m:[0m Executing on peer L3:lr-31415:long_run:P0: UPDATE users SET name = ? WHERE id = ?
[2m2026-05-16T01:08:58.787286Z[0m [32m INFO[0m [2mdashboard_server[0m[2m:[0m Executing on peer L3:lr-31415:long_run:P3: INSERT INTO users (id, email, name) VALUES (?, ?, ?)
[2m2026-05-16T01:08:58.831003Z[0m [32m INFO[0m [2mdashboard_server[0m[2m:[0m Sync request: L3:lr-31415:long_run:P2 -> L3:lr-31415:long_run:P1
[2m2026-05-16T01:08:58.969188Z[0m [32m INFO[0m [2mdashboard_server[0m[2m:[0m Executing on peer L3:lr-31415:long_run:P1: INSERT INTO users (id, email, name) VALUES (?, ?, ?)
[2m2026-05-16T01:08:59.012702Z[0m [32m INFO[0m [2mdashboard_server[0m[2m:[0m Executing on peer L3:lr-31415:long_run:P3: UPDATE users SET email = ? WHERE id = ?
[2m2026-05-16T01:08:59.057069Z[0m [32m INFO[0m [2mdashboard_server[0m[2m:[0m Executing on peer L3:lr-31415:long_run:P2: INSERT INTO users (id, email, name) VALUES (?, ?, ?)
[2m2026-05-16T01:08:59.100919Z[0m [32m INFO[0m [2mdashboard_server[0m[2m:[0m Executing on peer L3:lr-31415:long_run:P0: INSERT INTO users (id, email, name) VALUES (?, ?, ?)
[2m2026-05-16T01:08:59.144722Z[0m [32m INFO[0m [2mdashboard_server[0m[2m:[0m Executing on peer L3:lr-31415:long_run:P0: INSERT INTO users (id, email, name) VALUES (?, ?, ?)
[2m2026-05-16T01:08:59.188504Z[0m [32m INFO[0m [2mdashboard_server[0m[2m:[0m Executing on peer L3:lr-31415:long_run:P3: INSERT INTO users (id, email, name) VALUES (?, ?, ?)
[2m2026-05-16T01:08:59.232417Z[0m [32m INFO[0m [2mdashboard_server[0m[2m:[0m Executing on peer L3:lr-31415:long_run:P1: INSERT INTO users (id, email, name) VALUES (?, ?, ?)
[2m2026-05-16T01:08:59.276176Z[0m [32m INFO[0m [2mdashboard_server[0m[2m:[0m Executing on peer L3:lr-31415:long_run:P2: INSERT INTO users (id, email, name) VALUES (?, ?, ?)
[2m2026-05-16T01:08:59.380062Z[0m [32m INFO[0m [2mdashboard_server[0m[2m:[0m Executing on peer L3:lr-31415:long_run:P3: INSERT INTO users (id, email, name) VALUES (?, ?, ?)
[2m2026-05-16T01:08:59.430340Z[0m [32m INFO[0m [2mdashboard_server[0m[2m:[0m Sync request: L3:lr-31415:long_run:P2 -> L3:lr-31415:long_run:P3
[2m2026-05-16T01:08:59.499205Z[0m [32m INFO[0m [2mdashboard_server[0m[2m:[0m Executing on peer L3:lr-31415:long_run:P2: UPDATE users SET name = ? WHERE id = ?
[2m2026-05-16T01:08:59.543492Z[0m [32m INFO[0m [2mdashboard_server[0m[2m:[0m Sync request: L3:lr-31415:long_run:P2 -> L3:lr-31415:long_run:P0
[2m2026-05-16T01:08:59.611439Z[0m [32m INFO[0m [2mdashboard_server[0m[2m:[0m Executing on peer L3:lr-31415:long_run:P2: INSERT INTO users (id, email, name) VALUES (?, ?, ?)
[2m2026-05-16T01:08:59.655608Z[0m [32m INFO[0m [2mdashboard_server[0m[2m:[0m Sync request: L3:lr-31415:long_run:P0 -> L3:lr-31415:long_run:P2
[2m2026-05-16T01:08:59.724223Z[0m [32m INFO[0m [2mdashboard_server[0m[2m:[0m Executing on peer L3:lr-31415:long_run:P2: INSERT INTO users (id, email, name) VALUES (?, ?, ?)
[2m2026-05-16T01:08:59.768841Z[0m [32m INFO[0m [2mdashboard_server[0m[2m:[0m Executing on peer L3:lr-31415:long_run:P3: INSERT INTO users (id, email, name) VALUES (?, ?, ?)
[2m2026-05-16T01:08:59.812508Z[0m [32m INFO[0m [2mdashboard_server[0m[2m:[0m Sync request: L3:lr-31415:long_run:P1 -> L3:lr-31415:long_run:P2
[2m2026-05-16T01:08:59.882498Z[0m [32m INFO[0m [2mdashboard_server[0m[2m:[0m Executing on peer L3:lr-31415:long_run:P1: UPDATE users SET name = ? WHERE id = ?
[2m2026-05-16T01:08:59.927738Z[0m [32m INFO[0m [2mdashboard_server[0m[2m:[0m Executing on peer L3:lr-31415:long_run:P3: INSERT INTO users (id, email, name) VALUES (?, ?, ?)
[2m2026-05-16T01:08:59.972023Z[0m [32m INFO[0m [2mdashboard_server[0m[2m:[0m Executing on peer L3:lr-31415:long_run:P0: INSERT INTO users (id, email, name) VALUES (?, ?, ?)
[2m2026-05-16T01:09:00.017151Z[0m [32m INFO[0m [2mdashboard_server[0m[2m:[0m Sync request: L3:lr-31415:long_run:P2 -> L3:lr-31415:long_run:P3
[2m2026-05-16T01:09:00.086578Z[0m [32m INFO[0m [2mdashboard_server[0m[2m:[0m Executing on peer L3:lr-31415:long_run:P3: INSERT INTO users (id, email, name) VALUES (?, ?, ?)
[2m2026-05-16T01:09:00.131592Z[0m [32m INFO[0m [2mdashboard_server[0m[2m:[0m Executing on peer L3:lr-31415:long_run:P1: INSERT INTO users (id, email, name) VALUES (?, ?, ?)
[2m2026-05-16T01:09:00.175722Z[0m [32m INFO[0m [2mdashboard_server[0m[2m:[0m Executing on peer L3:lr-31415:long_run:P0: INSERT INTO users (id, email, name) VALUES (?, ?, ?)
[2m2026-05-16T01:09:00.220655Z[0m [32m INFO[0m [2mdashboard_server[0m[2m:[0m Executing on peer L3:lr-31415:long_run:P0: INSERT INTO users (id, email, name) VALUES (?, ?, ?)
[2m2026-05-16T01:09:00.265441Z[0m [32m INFO[0m [2mdashboard_server[0m[2m:[0m Executing on peer L3:lr-31415:long_run:P1: INSERT INTO users (id, email, name) VALUES (?, ?, ?)
[2m2026-05-16T01:09:00.310491Z[0m [32m INFO[0m [2mdashboard_server[0m[2m:[0m Executing on peer L3:lr-31415:long_run:P3: UPDATE users SET name = ? WHERE id = ?
[2m2026-05-16T01:09:00.356673Z[0m [32m INFO[0m [2mdashboard_server[0m[2m:[0m Executing on peer L3:lr-31415:long_run:P3: INSERT INTO users (id, email, name) VALUES (?, ?, ?)
[2m2026-05-16T01:09:00.402293Z[0m [32m INFO[0m [2mdashboard_server[0m[2m:[0m Executing on peer L3:lr-31415:long_run:P0: INSERT INTO users (id, email, name) VALUES (?, ?, ?)
[2m2026-05-16T01:09:00.446947Z[0m [32m INFO[0m [2mdashboard_server[0m[2m:[0m Sync request: L3:lr-31415:long_run:P2 -> L3:lr-31415:long_run:P3
[2m2026-05-16T01:09:00.515814Z[0m [32m INFO[0m [2mdashboard_server[0m[2m:[0m Executing on peer L3:lr-31415:long_run:P2: INSERT INTO users (id, email, name) VALUES (?, ?, ?)
[2m2026-05-16T01:09:00.560282Z[0m [32m INFO[0m [2mdashboard_server[0m[2m:[0m Executing on peer L3:lr-31415:long_run:P1: UPDATE users SET email = ? WHERE id = ?
[2m2026-05-16T01:09:00.605780Z[0m [32m INFO[0m [2mdashboard_server[0m[2m:[0m Sync request: L3:lr-31415:long_run:P0 -> L3:lr-31415:long_run:P1
[2m2026-05-16T01:09:00.675671Z[0m [32m INFO[0m [2mdashboard_server[0m[2m:[0m Executing on peer L3:lr-31415:long_run:P2: INSERT INTO users (id, email, name) VALUES (?, ?, ?)
[2m2026-05-16T01:09:00.720652Z[0m [32m INFO[0m [2mdashboard_server[0m[2m:[0m Executing on peer L3:lr-31415:long_run:P1: INSERT INTO users (id, email, name) VALUES (?, ?, ?)
[2m2026-05-16T01:09:00.765236Z[0m [32m INFO[0m [2mdashboard_server[0m[2m:[0m Executing on peer L3:lr-31415:long_run:P0: INSERT INTO users (id, email, name) VALUES (?, ?, ?)
[2m2026-05-16T01:09:00.810337Z[0m [32m INFO[0m [2mdashboard_server[0m[2m:[0m Executing on peer L3:lr-31415:long_run:P1: INSERT INTO users (id, email, name) VALUES (?, ?, ?)
[2m2026-05-16T01:09:00.928906Z[0m [32m INFO[0m [2mdashboard_server[0m[2m:[0m Executing on peer L3:lr-31415:long_run:P0: INSERT INTO users (id, email, name) VALUES (?, ?, ?)
[2m2026-05-16T01:09:00.973892Z[0m [32m INFO[0m [2mdashboard_server[0m[2m:[0m Executing on peer L3:lr-31415:long_run:P3: UPDATE users SET email = ? WHERE id = ?
[2m2026-05-16T01:09:01.019327Z[0m [32m INFO[0m [2mdashboard_server[0m[2m:[0m Executing on peer L3:lr-31415:long_run:P0: INSERT INTO users (id, email, name) VALUES (?, ?, ?)
[2m2026-05-16T01:09:01.064805Z[0m [32m INFO[0m [2mdashboard_server[0m[2m:[0m Executing on peer L3:lr-31415:long_run:P0: INSERT INTO users (id, email, name) VALUES (?, ?, ?)
[2m2026-05-16T01:09:01.112401Z[0m [32m INFO[0m [2mdashboard_server[0m[2m:[0m Sync request: L3:lr-31415:long_run:P3 -> L3:lr-31415:long_run:P1
[2m2026-05-16T01:09:01.183454Z[0m [32m INFO[0m [2mdashboard_server[0m[2m:[0m Executing on peer L3:lr-31415:long_run:P3: INSERT INTO users (id, email, name) VALUES (?, ?, ?)
[2m2026-05-16T01:09:01.228274Z[0m [32m INFO[0m [2mdashboard_server[0m[2m:[0m Executing on peer L3:lr-31415:long_run:P2: UPDATE users SET name = ? WHERE id = ?
[2m2026-05-16T01:09:01.274876Z[0m [32m INFO[0m [2mdashboard_server[0m[2m:[0m Executing on peer L3:lr-31415:long_run:P1: INSERT INTO users (id, email, name) VALUES (?, ?, ?)
[2m2026-05-16T01:09:01.321323Z[0m [32m INFO[0m [2mdashboard_server[0m[2m:[0m Executing on peer L3:lr-31415:long_run:P3: UPDATE users SET name = ? WHERE id = ?
[2m2026-05-16T01:09:01.368332Z[0m [32m INFO[0m [2mdashboard_server[0m[2m:[0m Executing on peer L3:lr-31415:long_run:P1: INSERT INTO users (id, email, name) VALUES (?, ?, ?)
[2m2026-05-16T01:09:01.414173Z[0m [32m INFO[0m [2mdashboard_server[0m[2m:[0m Sync request: L3:lr-31415:long_run:P1 -> L3:lr-31415:long_run:P0
[2m2026-05-16T01:09:01.485404Z[0m [32m INFO[0m [2mdashboard_server[0m[2m:[0m Executing on peer L3:lr-31415:long_run:P1: INSERT INTO users (id, email, name) VALUES (?, ?, ?)
[2m2026-05-16T01:09:01.530963Z[0m [32m INFO[0m [2mdashboard_server[0m[2m:[0m Executing on peer L3:lr-31415:long_run:P3: DELETE FROM users WHERE id = ?
[2m2026-05-16T01:09:01.576592Z[0m [32m INFO[0m [2mdashboard_server[0m[2m:[0m Executing on peer L3:lr-31415:long_run:P1: UPDATE users SET email = ? WHERE id = ?
[2m2026-05-16T01:09:01.623094Z[0m [32m INFO[0m [2mdashboard_server[0m[2m:[0m Executing on peer L3:lr-31415:long_run:P1: INSERT INTO users (id, email, name) VALUES (?, ?, ?)
[2m2026-05-16T01:09:01.669203Z[0m [32m INFO[0m [2mdashboard_server[0m[2m:[0m Executing on peer L3:lr-31415:long_run:P2: UPDATE users SET email = ? WHERE id = ?
[2m2026-05-16T01:09:01.715224Z[0m [32m INFO[0m [2mdashboard_server[0m[2m:[0m Executing on peer L3:lr-31415:long_run:P3: INSERT INTO users (id, email, name) VALUES (?, ?, ?)
[2m2026-05-16T01:09:01.760949Z[0m [32m INFO[0m [2mdashboard_server[0m[2m:[0m Executing on peer L3:lr-31415:long_run:P0: INSERT INTO users (id, email, name) VALUES (?, ?, ?)
[2m2026-05-16T01:09:01.806672Z[0m [32m INFO[0m [2mdashboard_server[0m[2m:[0m Executing on peer L3:lr-31415:long_run:P2: INSERT INTO users (id, email, name) VALUES (?, ?, ?)
[2m2026-05-16T01:09:01.853204Z[0m [32m INFO[0m [2mdashboard_server[0m[2m:[0m Executing on peer L3:lr-31415:long_run:P1: INSERT INTO users (id, email, name) VALUES (?, ?, ?)
[2m2026-05-16T01:09:01.899374Z[0m [32m INFO[0m [2mdashboard_server[0m[2m:[0m Executing on peer L3:lr-31415:long_run:P1: UPDATE users SET name = ? WHERE id = ?
[2m2026-05-16T01:09:01.944987Z[0m [32m INFO[0m [2mdashboard_server[0m[2m:[0m Executing on peer L3:lr-31415:long_run:P0: INSERT INTO users (id, email, name) VALUES (?, ?, ?)
[2m2026-05-16T01:09:01.990296Z[0m [32m INFO[0m [2mdashboard_server[0m[2m:[0m Executing on peer L3:lr-31415:long_run:P0: INSERT INTO users (id, email, name) VALUES (?, ?, ?)
[2m2026-05-16T01:09:02.035964Z[0m [32m INFO[0m [2mdashboard_server[0m[2m:[0m Executing on peer L3:lr-31415:long_run:P1: INSERT INTO users (id, email, name) VALUES (?, ?, ?)
[2m2026-05-16T01:09:02.082002Z[0m [32m INFO[0m [2mdashboard_server[0m[2m:[0m Sync request: L3:lr-31415:long_run:P2 -> L3:lr-31415:long_run:P0
[2m2026-05-16T01:09:02.155197Z[0m [32m INFO[0m [2mdashboard_server[0m[2m:[0m Executing on peer L3:lr-31415:long_run:P2: UPDATE users SET email = ? WHERE id = ?
[2m2026-05-16T01:09:02.202115Z[0m [32m INFO[0m [2mdashboard_server[0m[2m:[0m Executing on peer L3:lr-31415:long_run:P2: INSERT INTO users (id, email, name) VALUES (?, ?, ?)
[2m2026-05-16T01:09:02.248259Z[0m [32m INFO[0m [2mdashboard_server[0m[2m:[0m Executing on peer L3:lr-31415:long_run:P1: INSERT INTO users (id, email, name) VALUES (?, ?, ?)
[2m2026-05-16T01:09:02.294157Z[0m [32m INFO[0m [2mdashboard_server[0m[2m:[0m Executing on peer L3:lr-31415:long_run:P0: INSERT INTO users (id, email, name) VALUES (?, ?, ?)
[2m2026-05-16T01:09:02.340872Z[0m [32m INFO[0m [2mdashboard_server[0m[2m:[0m Executing on peer L3:lr-31415:long_run:P0: UPDATE users SET name = ? WHERE id = ?
[2m2026-05-16T01:09:02.387258Z[0m [32m INFO[0m [2mdashboard_server[0m[2m:[0m Executing on peer L3:lr-31415:long_run:P2: INSERT INTO users (id, email, name) VALUES (?, ?, ?)
[2m2026-05-16T01:09:02.434319Z[0m [32m INFO[0m [2mdashboard_server[0m[2m:[0m Executing on peer L3:lr-31415:long_run:P2: DELETE FROM users WHERE id = ?
[2m2026-05-16T01:09:02.481294Z[0m [32m INFO[0m [2mdashboard_server[0m[2m:[0m Executing on peer L3:lr-31415:long_run:P1: UPDATE users SET email = ? WHERE id = ?
[2m2026-05-16T01:09:02.528024Z[0m [32m INFO[0m [2mdashboard_server[0m[2m:[0m Executing on peer L3:lr-31415:long_run:P0: UPDATE users SET email = ? WHERE id = ?
[2m2026-05-16T01:09:02.575073Z[0m [32m INFO[0m [2mdashboard_server[0m[2m:[0m Executing on peer L3:lr-31415:long_run:P3: UPDATE users SET email = ? WHERE id = ?
[2m2026-05-16T01:09:02.622007Z[0m [32m INFO[0m [2mdashboard_server[0m[2m:[0m Executing on peer L3:lr-31415:long_run:P3: UPDATE users SET email = ? WHERE id = ?
[2m2026-05-16T01:09:02.669503Z[0m [32m INFO[0m [2mdashboard_server[0m[2m:[0m Executing on peer L3:lr-31415:long_run:P1: INSERT INTO users (id, email, name) VALUES (?, ?, ?)
[2m2026-05-16T01:09:02.716412Z[0m [32m INFO[0m [2mdashboard_server[0m[2m:[0m Executing on peer L3:lr-31415:long_run:P3: INSERT INTO users (id, email, name) VALUES (?, ?, ?)
[2m2026-05-16T01:09:02.763304Z[0m [32m INFO[0m [2mdashboard_server[0m[2m:[0m Executing on peer L3:lr-31415:long_run:P1: INSERT INTO users (id, email, name) VALUES (?, ?, ?)
[2m2026-05-16T01:09:02.809359Z[0m [32m INFO[0m [2mdashboard_server[0m[2m:[0m Executing on peer L3:lr-31415:long_run:P2: UPDATE users SET email = ? WHERE id = ?
[2m2026-05-16T01:09:02.931976Z[0m [32m INFO[0m [2mdashboard_server[0m[2m:[0m Sync request: L3:lr-31415:long_run:P0 -> L3:lr-31415:long_run:P2
[2m2026-05-16T01:09:03.003779Z[0m [32m INFO[0m [2mdashboard_server[0m[2m:[0m Executing on peer L3:lr-31415:long_run:P0: UPDATE users SET email = ? WHERE id = ?
[2m2026-05-16T01:09:03.050372Z[0m [32m INFO[0m [2mdashboard_server[0m[2m:[0m Executing on peer L3:lr-31415:long_run:P1: INSERT INTO users (id, email, name) VALUES (?, ?, ?)
[2m2026-05-16T01:09:03.097327Z[0m [32m INFO[0m [2mdashboard_server[0m[2m:[0m Executing on peer L3:lr-31415:long_run:P2: INSERT INTO users (id, email, name) VALUES (?, ?, ?)
[2m2026-05-16T01:09:03.143975Z[0m [32m INFO[0m [2mdashboard_server[0m[2m:[0m Executing on peer L3:lr-31415:long_run:P2: UPDATE users SET name = ? WHERE id = ?
[2m2026-05-16T01:09:03.191885Z[0m [32m INFO[0m [2mdashboard_server[0m[2m:[0m Executing on peer L3:lr-31415:long_run:P3: UPDATE users SET name = ? WHERE id = ?
[2m2026-05-16T01:09:03.238768Z[0m [32m INFO[0m [2mdashboard_server[0m[2m:[0m Sync request: L3:lr-31415:long_run:P2 -> L3:lr-31415:long_run:P3
[2m2026-05-16T01:09:03.312438Z[0m [32m INFO[0m [2mdashboard_server[0m[2m:[0m Executing on peer L3:lr-31415:long_run:P2: INSERT INTO users (id, email, name) VALUES (?, ?, ?)
[2m2026-05-16T01:09:03.359904Z[0m [32m INFO[0m [2mdashboard_server[0m[2m:[0m Executing on peer L3:lr-31415:long_run:P0: INSERT INTO users (id, email, name) VALUES (?, ?, ?)
[2m2026-05-16T01:09:03.406989Z[0m [32m INFO[0m [2mdashboard_server[0m[2m:[0m Executing on peer L3:lr-31415:long_run:P1: INSERT INTO users (id, email, name) VALUES (?, ?, ?)
[2m2026-05-16T01:09:03.454438Z[0m [32m INFO[0m [2mdashboard_server[0m[2m:[0m Executing on peer L3:lr-31415:long_run:P0: INSERT INTO users (id, email, name) VALUES (?, ?, ?)
[2m2026-05-16T01:09:03.502243Z[0m [32m INFO[0m [2mdashboard_server[0m[2m:[0m Executing on peer L3:lr-31415:long_run:P2: INSERT INTO users (id, email, name) VALUES (?, ?, ?)
[2m2026-05-16T01:09:03.549709Z[0m [32m INFO[0m [2mdashboard_server[0m[2m:[0m Executing on peer L3:lr-31415:long_run:P3: INSERT INTO users (id, email, name) VALUES (?, ?, ?)
[2m2026-05-16T01:09:03.596843Z[0m [32m INFO[0m [2mdashboard_server[0m[2m:[0m Executing on peer L3:lr-31415:long_run:P2: INSERT INTO users (id, email, name) VALUES (?, ?, ?)
[2m2026-05-16T01:09:03.643960Z[0m [32m INFO[0m [2mdashboard_server[0m[2m:[0m Executing on peer L3:lr-31415:long_run:P3: INSERT INTO users (id, email, name) VALUES (?, ?, ?)
[2m2026-05-16T01:09:03.691733Z[0m [32m INFO[0m [2mdashboard_server[0m[2m:[0m Executing on peer L3:lr-31415:long_run:P3: UPDATE users SET email = ? WHERE id = ?
[2m2026-05-16T01:09:03.739360Z[0m [32m INFO[0m [2mdashboard_server[0m[2m:[0m Executing on peer L3:lr-31415:long_run:P3: INSERT INTO users (id, email, name) VALUES (?, ?, ?)
[2m2026-05-16T01:09:03.786673Z[0m [32m INFO[0m [2mdashboard_server[0m[2m:[0m Executing on peer L3:lr-31415:long_run:P0: INSERT INTO users (id, email, name) VALUES (?, ?, ?)
[2m2026-05-16T01:09:03.833778Z[0m [32m INFO[0m [2mdashboard_server[0m[2m:[0m Executing on peer L3:lr-31415:long_run:P1: INSERT INTO users (id, email, name) VALUES (?, ?, ?)
[2m2026-05-16T01:09:03.880257Z[0m [32m INFO[0m [2mdashboard_server[0m[2m:[0m Executing on peer L3:lr-31415:long_run:P3: INSERT INTO users (id, email, name) VALUES (?, ?, ?)
[2m2026-05-16T01:09:03.926905Z[0m [32m INFO[0m [2mdashboard_server[0m[2m:[0m Executing on peer L3:lr-31415:long_run:P2: INSERT INTO users (id, email, name) VALUES (?, ?, ?)
[2m2026-05-16T01:09:03.973752Z[0m [32m INFO[0m [2mdashboard_server[0m[2m:[0m Executing on peer L3:lr-31415:long_run:P1: UPDATE users SET name = ? WHERE id = ?
[2m2026-05-16T01:09:04.021576Z[0m [32m INFO[0m [2mdashboard_server[0m[2m:[0m Sync request: L3:lr-31415:long_run:P2 -> L3:lr-31415:long_run:P1
[2m2026-05-16T01:09:04.097042Z[0m [32m INFO[0m [2mdashboard_server[0m[2m:[0m Executing on peer L3:lr-31415:long_run:P0: INSERT INTO users (id, email, name) VALUES (?, ?, ?)
[2m2026-05-16T01:09:04.144261Z[0m [32m INFO[0m [2mdashboard_server[0m[2m:[0m Executing on peer L3:lr-31415:long_run:P1: INSERT INTO users (id, email, name) VALUES (?, ?, ?)
[2m2026-05-16T01:09:04.192336Z[0m [32m INFO[0m [2mdashboard_server[0m[2m:[0m Executing on peer L3:lr-31415:long_run:P3: INSERT INTO users (id, email, name) VALUES (?, ?, ?)
[2m2026-05-16T01:09:04.239611Z[0m [32m INFO[0m [2mdashboard_server[0m[2m:[0m Executing on peer L3:lr-31415:long_run:P3: UPDATE users SET email = ? WHERE id = ?
[2m2026-05-16T01:09:04.287397Z[0m [32m INFO[0m [2mdashboard_server[0m[2m:[0m Executing on peer L3:lr-31415:long_run:P0: INSERT INTO users (id, email, name) VALUES (?, ?, ?)
[2m2026-05-16T01:09:04.335706Z[0m [32m INFO[0m [2mdashboard_server[0m[2m:[0m Executing on peer L3:lr-31415:long_run:P3: INSERT INTO users (id, email, name) VALUES (?, ?, ?)
[2m2026-05-16T01:09:04.383549Z[0m [32m INFO[0m [2mdashboard_server[0m[2m:[0m Sync request: L3:lr-31415:long_run:P1 -> L3:lr-31415:long_run:P0
[2m2026-05-16T01:09:04.459577Z[0m [32m INFO[0m [2mdashboard_server[0m[2m:[0m Executing on peer L3:lr-31415:long_run:P3: INSERT INTO users (id, email, name) VALUES (?, ?, ?)
[2m2026-05-16T01:09:04.507854Z[0m [32m INFO[0m [2mdashboard_server[0m[2m:[0m Executing on peer L3:lr-31415:long_run:P1: INSERT INTO users (id, email, name) VALUES (?, ?, ?)
[2m2026-05-16T01:09:04.555778Z[0m [32m INFO[0m [2mdashboard_server[0m[2m:[0m Executing on peer L3:lr-31415:long_run:P0: INSERT INTO users (id, email, name) VALUES (?, ?, ?)
[2m2026-05-16T01:09:04.603435Z[0m [32m INFO[0m [2mdashboard_server[0m[2m:[0m Sync request: L3:lr-31415:long_run:P2 -> L3:lr-31415:long_run:P3
[2m2026-05-16T01:09:04.679834Z[0m [32m INFO[0m [2mdashboard_server[0m[2m:[0m Executing on peer L3:lr-31415:long_run:P3: INSERT INTO users (id, email, name) VALUES (?, ?, ?)
[2m2026-05-16T01:09:04.727559Z[0m [32m INFO[0m [2mdashboard_server[0m[2m:[0m Executing on peer L3:lr-31415:long_run:P0: UPDATE users SET name = ? WHERE id = ?
[2m2026-05-16T01:09:04.776527Z[0m [32m INFO[0m [2mdashboard_server[0m[2m:[0m Executing on peer L3:lr-31415:long_run:P1: INSERT INTO users (id, email, name) VALUES (?, ?, ?)
[2m2026-05-16T01:09:04.824678Z[0m [32m INFO[0m [2mdashboard_server[0m[2m:[0m Sync request: L3:lr-31415:long_run:P1 -> L3:lr-31415:long_run:P3
[2m2026-05-16T01:09:04.978695Z[0m [32m INFO[0m [2mdashboard_server[0m[2m:[0m Executing on peer L3:lr-31415:long_run:P3: INSERT INTO users (id, email, name) VALUES (?, ?, ?)
[2m2026-05-16T01:09:05.027150Z[0m [32m INFO[0m [2mdashboard_server[0m[2m:[0m Executing on peer L3:lr-31415:long_run:P3: UPDATE users SET name = ? WHERE id = ?
[2m2026-05-16T01:09:05.076186Z[0m [32m INFO[0m [2mdashboard_server[0m[2m:[0m Executing on peer L3:lr-31415:long_run:P1: DELETE FROM users WHERE id = ?
[2m2026-05-16T01:09:05.125743Z[0m [32m INFO[0m [2mdashboard_server[0m[2m:[0m Sync request: L3:lr-31415:long_run:P3 -> L3:lr-31415:long_run:P1
[2m2026-05-16T01:09:05.200844Z[0m [32m INFO[0m [2mdashboard_server[0m[2m:[0m Executing on peer L3:lr-31415:long_run:P3: UPDATE users SET name = ? WHERE id = ?
[2m2026-05-16T01:09:05.249625Z[0m [32m INFO[0m [2mdashboard_server[0m[2m:[0m Executing on peer L3:lr-31415:long_run:P1: INSERT INTO users (id, email, name) VALUES (?, ?, ?)
[2m2026-05-16T01:09:05.296642Z[0m [32m INFO[0m [2mdashboard_server[0m[2m:[0m Executing on peer L3:lr-31415:long_run:P2: UPDATE users SET email = ? WHERE id = ?
[2m2026-05-16T01:09:05.346143Z[0m [32m INFO[0m [2mdashboard_server[0m[2m:[0m Sync request: L3:lr-31415:long_run:P0 -> L3:lr-31415:long_run:P1
[2m2026-05-16T01:09:05.422956Z[0m [32m INFO[0m [2mdashboard_server[0m[2m:[0m Executing on peer L3:lr-31415:long_run:P1: INSERT INTO users (id, email, name) VALUES (?, ?, ?)
[2m2026-05-16T01:09:05.471231Z[0m [32m INFO[0m [2mdashboard_server[0m[2m:[0m Executing on peer L3:lr-31415:long_run:P2: INSERT INTO users (id, email, name) VALUES (?, ?, ?)
[2m2026-05-16T01:09:05.519641Z[0m [32m INFO[0m [2mdashboard_server[0m[2m:[0m Executing on peer L3:lr-31415:long_run:P2: INSERT INTO users (id, email, name) VALUES (?, ?, ?)
[2m2026-05-16T01:09:05.568443Z[0m [32m INFO[0m [2mdashboard_server[0m[2m:[0m Executing on peer L3:lr-31415:long_run:P0: INSERT INTO users (id, email, name) VALUES (?, ?, ?)
[2m2026-05-16T01:09:05.616589Z[0m [32m INFO[0m [2mdashboard_server[0m[2m:[0m Executing on peer L3:lr-31415:long_run:P1: UPDATE users SET email = ? WHERE id = ?
[2m2026-05-16T01:09:05.666362Z[0m [32m INFO[0m [2mdashboard_server[0m[2m:[0m Sync request: L3:lr-31415:long_run:P1 -> L3:lr-31415:long_run:P0
[2m2026-05-16T01:09:05.742285Z[0m [32m INFO[0m [2mdashboard_server[0m[2m:[0m Executing on peer L3:lr-31415:long_run:P2: UPDATE users SET name = ? WHERE id = ?
[2m2026-05-16T01:09:05.791483Z[0m [32m INFO[0m [2mdashboard_server[0m[2m:[0m Executing on peer L3:lr-31415:long_run:P0: INSERT INTO users (id, email, name) VALUES (?, ?, ?)
[2m2026-05-16T01:09:05.840343Z[0m [32m INFO[0m [2mdashboard_server[0m[2m:[0m Sync request: L3:lr-31415:long_run:P2 -> L3:lr-31415:long_run:P3
[2m2026-05-16T01:09:05.917041Z[0m [32m INFO[0m [2mdashboard_server[0m[2m:[0m Executing on peer L3:lr-31415:long_run:P0: UPDATE users SET name = ? WHERE id = ?
[2m2026-05-16T01:09:05.966525Z[0m [32m INFO[0m [2mdashboard_server[0m[2m:[0m Executing on peer L3:lr-31415:long_run:P3: INSERT INTO users (id, email, name) VALUES (?, ?, ?)
[2m2026-05-16T01:09:06.014815Z[0m [32m INFO[0m [2mdashboard_server[0m[2m:[0m Executing on peer L3:lr-31415:long_run:P0: UPDATE users SET name = ? WHERE id = ?
[2m2026-05-16T01:09:06.064038Z[0m [32m INFO[0m [2mdashboard_server[0m[2m:[0m Executing on peer L3:lr-31415:long_run:P2: INSERT INTO users (id, email, name) VALUES (?, ?, ?)
[2m2026-05-16T01:09:06.114856Z[0m [32m INFO[0m [2mdashboard_server[0m[2m:[0m Executing on peer L3:lr-31415:long_run:P2: INSERT INTO users (id, email, name) VALUES (?, ?, ?)
[2m2026-05-16T01:09:06.164623Z[0m [32m INFO[0m [2mdashboard_server[0m[2m:[0m Executing on peer L3:lr-31415:long_run:P3: INSERT INTO users (id, email, name) VALUES (?, ?, ?)
[2m2026-05-16T01:09:06.213683Z[0m [32m INFO[0m [2mdashboard_server[0m[2m:[0m Executing on peer L3:lr-31415:long_run:P3: INSERT INTO users (id, email, name) VALUES (?, ?, ?)
[2m2026-05-16T01:09:06.262095Z[0m [32m INFO[0m [2mdashboard_server[0m[2m:[0m Executing on peer L3:lr-31415:long_run:P2: UPDATE users SET email = ? WHERE id = ?
[2m2026-05-16T01:09:06.311123Z[0m [32m INFO[0m [2mdashboard_server[0m[2m:[0m Sync request: L3:lr-31415:long_run:P3 -> L3:lr-31415:long_run:P1
[2m2026-05-16T01:09:06.388839Z[0m [32m INFO[0m [2mdashboard_server[0m[2m:[0m Executing on peer L3:lr-31415:long_run:P3: INSERT INTO users (id, email, name) VALUES (?, ?, ?)
[2m2026-05-16T01:09:06.438143Z[0m [32m INFO[0m [2mdashboard_server[0m[2m:[0m Executing on peer L3:lr-31415:long_run:P2: UPDATE users SET email = ? WHERE id = ?
[2m2026-05-16T01:09:06.486503Z[0m [32m INFO[0m [2mdashboard_server[0m[2m:[0m Executing on peer L3:lr-31415:long_run:P3: INSERT INTO users (id, email, name) VALUES (?, ?, ?)
[2m2026-05-16T01:09:06.536011Z[0m [32m INFO[0m [2mdashboard_server[0m[2m:[0m Executing on peer L3:lr-31415:long_run:P3: INSERT INTO users (id, email, name) VALUES (?, ?, ?)
[2m2026-05-16T01:09:06.585024Z[0m [32m INFO[0m [2mdashboard_server[0m[2m:[0m Executing on peer L3:lr-31415:long_run:P1: INSERT INTO users (id, email, name) VALUES (?, ?, ?)
[2m2026-05-16T01:09:06.634394Z[0m [32m INFO[0m [2mdashboard_server[0m[2m:[0m Executing on peer L3:lr-31415:long_run:P2: INSERT INTO users (id, email, name) VALUES (?, ?, ?)
[2m2026-05-16T01:09:06.684006Z[0m [32m INFO[0m [2mdashboard_server[0m[2m:[0m Executing on peer L3:lr-31415:long_run:P0: INSERT INTO users (id, email, name) VALUES (?, ?, ?)
[2m2026-05-16T01:09:06.733448Z[0m [32m INFO[0m [2mdashboard_server[0m[2m:[0m Executing on peer L3:lr-31415:long_run:P1: INSERT INTO users (id, email, name) VALUES (?, ?, ?)
[2m2026-05-16T01:09:06.783078Z[0m [32m INFO[0m [2mdashboard_server[0m[2m:[0m Executing on peer L3:lr-31415:long_run:P2: INSERT INTO users (id, email, name) VALUES (?, ?, ?)
[2m2026-05-16T01:09:06.832355Z[0m [32m INFO[0m [2mdashboard_server[0m[2m:[0m Executing on peer L3:lr-31415:long_run:P2: DELETE FROM users WHERE id = ?
[2m2026-05-16T01:09:06.961917Z[0m [32m INFO[0m [2mdashboard_server[0m[2m:[0m Executing on peer L3:lr-31415:long_run:P0: UPDATE users SET email = ? WHERE id = ?
[2m2026-05-16T01:09:07.011287Z[0m [32m INFO[0m [2mdashboard_server[0m[2m:[0m Executing on peer L3:lr-31415:long_run:P2: INSERT INTO users (id, email, name) VALUES (?, ?, ?)
[2m2026-05-16T01:09:07.059999Z[0m [32m INFO[0m [2mdashboard_server[0m[2m:[0m Executing on peer L3:lr-31415:long_run:P2: INSERT INTO users (id, email, name) VALUES (?, ?, ?)
[2m2026-05-16T01:09:07.109135Z[0m [32m INFO[0m [2mdashboard_server[0m[2m:[0m Executing on peer L3:lr-31415:long_run:P1: DELETE FROM users WHERE id = ?
[2m2026-05-16T01:09:07.159751Z[0m [32m INFO[0m [2mdashboard_server[0m[2m:[0m Executing on peer L3:lr-31415:long_run:P3: INSERT INTO users (id, email, name) VALUES (?, ?, ?)
[2m2026-05-16T01:09:07.209467Z[0m [32m INFO[0m [2mdashboard_server[0m[2m:[0m Sync request: L3:lr-31415:long_run:P2 -> L3:lr-31415:long_run:P1
[2m2026-05-16T01:09:07.287897Z[0m [32m INFO[0m [2mdashboard_server[0m[2m:[0m Sync request: L3:lr-31415:long_run:P2 -> L3:lr-31415:long_run:P1
[2m2026-05-16T01:09:07.364803Z[0m [32m INFO[0m [2mdashboard_server[0m[2m:[0m Executing on peer L3:lr-31415:long_run:P2: INSERT INTO users (id, email, name) VALUES (?, ?, ?)
[2m2026-05-16T01:09:07.414017Z[0m [32m INFO[0m [2mdashboard_server[0m[2m:[0m Executing on peer L3:lr-31415:long_run:P1: UPDATE users SET name = ? WHERE id = ?
[2m2026-05-16T01:09:07.463751Z[0m [32m INFO[0m [2mdashboard_server[0m[2m:[0m Executing on peer L3:lr-31415:long_run:P3: UPDATE users SET email = ? WHERE id = ?
[2m2026-05-16T01:09:07.513125Z[0m [32m INFO[0m [2mdashboard_server[0m[2m:[0m Executing on peer L3:lr-31415:long_run:P1: INSERT INTO users (id, email, name) VALUES (?, ?, ?)
[2m2026-05-16T01:09:07.562338Z[0m [32m INFO[0m [2mdashboard_server[0m[2m:[0m Executing on peer L3:lr-31415:long_run:P3: INSERT INTO users (id, email, name) VALUES (?, ?, ?)
[2m2026-05-16T01:09:07.611232Z[0m [32m INFO[0m [2mdashboard_server[0m[2m:[0m Executing on peer L3:lr-31415:long_run:P3: UPDATE users SET email = ? WHERE id = ?
[2m2026-05-16T01:09:07.661127Z[0m [32m INFO[0m [2mdashboard_server[0m[2m:[0m Executing on peer L3:lr-31415:long_run:P3: INSERT INTO users (id, email, name) VALUES (?, ?, ?)
[2m2026-05-16T01:09:07.710271Z[0m [32m INFO[0m [2mdashboard_server[0m[2m:[0m Executing on peer L3:lr-31415:long_run:P0: DELETE FROM users WHERE id = ?
[2m2026-05-16T01:09:07.760705Z[0m [32m INFO[0m [2mdashboard_server[0m[2m:[0m Executing on peer L3:lr-31415:long_run:P1: INSERT INTO users (id, email, name) VALUES (?, ?, ?)
[2m2026-05-16T01:09:07.810452Z[0m [32m INFO[0m [2mdashboard_server[0m[2m:[0m Executing on peer L3:lr-31415:long_run:P2: INSERT INTO users (id, email, name) VALUES (?, ?, ?)
[2m2026-05-16T01:09:07.860059Z[0m [32m INFO[0m [2mdashboard_server[0m[2m:[0m Executing on peer L3:lr-31415:long_run:P2: INSERT INTO users (id, email, name) VALUES (?, ?, ?)
[2m2026-05-16T01:09:07.909445Z[0m [32m INFO[0m [2mdashboard_server[0m[2m:[0m Sync request: L3:lr-31415:long_run:P3 -> L3:lr-31415:long_run:P0
[2m2026-05-16T01:09:07.987983Z[0m [32m INFO[0m [2mdashboard_server[0m[2m:[0m Executing on peer L3:lr-31415:long_run:P1: INSERT INTO users (id, email, name) VALUES (?, ?, ?)
[2m2026-05-16T01:09:08.037482Z[0m [32m INFO[0m [2mdashboard_server[0m[2m:[0m Executing on peer L3:lr-31415:long_run:P1: UPDATE users SET name = ? WHERE id = ?
[2m2026-05-16T01:09:08.088041Z[0m [32m INFO[0m [2mdashboard_server[0m[2m:[0m Sync request: L3:lr-31415:long_run:P3 -> L3:lr-31415:long_run:P2
[2m2026-05-16T01:09:08.220494Z[0m [32m INFO[0m [2mdashboard_server[0m[2m:[0m Executing on peer L3:lr-31415:long_run:P3: INSERT INTO users (id, email, name) VALUES (?, ?, ?)
[2m2026-05-16T01:09:08.271235Z[0m [32m INFO[0m [2mdashboard_server[0m[2m:[0m Executing on peer L3:lr-31415:long_run:P3: INSERT INTO users (id, email, name) VALUES (?, ?, ?)
[2m2026-05-16T01:09:08.321848Z[0m [32m INFO[0m [2mdashboard_server[0m[2m:[0m Executing on peer L3:lr-31415:long_run:P3: INSERT INTO users (id, email, name) VALUES (?, ?, ?)
[2m2026-05-16T01:09:08.372241Z[0m [32m INFO[0m [2mdashboard_server[0m[2m:[0m Executing on peer L3:lr-31415:long_run:P2: INSERT INTO users (id, email, name) VALUES (?, ?, ?)
[2m2026-05-16T01:09:08.422433Z[0m [32m INFO[0m [2mdashboard_server[0m[2m:[0m Executing on peer L3:lr-31415:long_run:P1: INSERT INTO users (id, email, name) VALUES (?, ?, ?)
[2m2026-05-16T01:09:08.473149Z[0m [32m INFO[0m [2mdashboard_server[0m[2m:[0m Executing on peer L3:lr-31415:long_run:P3: INSERT INTO users (id, email, name) VALUES (?, ?, ?)
[2m2026-05-16T01:09:08.523214Z[0m [32m INFO[0m [2mdashboard_server[0m[2m:[0m Executing on peer L3:lr-31415:long_run:P3: UPDATE users SET name = ? WHERE id = ?
[2m2026-05-16T01:09:08.574215Z[0m [32m INFO[0m [2mdashboard_server[0m[2m:[0m Executing on peer L3:lr-31415:long_run:P0: INSERT INTO users (id, email, name) VALUES (?, ?, ?)
[2m2026-05-16T01:09:08.624068Z[0m [32m INFO[0m [2mdashboard_server[0m[2m:[0m Executing on peer L3:lr-31415:long_run:P0: INSERT INTO users (id, email, name) VALUES (?, ?, ?)
[2m2026-05-16T01:09:08.673735Z[0m [32m INFO[0m [2mdashboard_server[0m[2m:[0m Executing on peer L3:lr-31415:long_run:P0: INSERT INTO users (id, email, name) VALUES (?, ?, ?)
[2m2026-05-16T01:09:08.724301Z[0m [32m INFO[0m [2mdashboard_server[0m[2m:[0m Executing on peer L3:lr-31415:long_run:P0: UPDATE users SET email = ? WHERE id = ?
[2m2026-05-16T01:09:08.775696Z[0m [32m INFO[0m [2mdashboard_server[0m[2m:[0m Sync request: L3:lr-31415:long_run:P1 -> L3:lr-31415:long_run:P2
[2m2026-05-16T01:09:08.937338Z[0m [32m INFO[0m [2mdashboard_server[0m[2m:[0m Executing on peer L3:lr-31415:long_run:P2: INSERT INTO users (id, email, name) VALUES (?, ?, ?)
[2m2026-05-16T01:09:08.987022Z[0m [32m INFO[0m [2mdashboard_server[0m[2m:[0m Sync request: L3:lr-31415:long_run:P0 -> L3:lr-31415:long_run:P1
[2m2026-05-16T01:09:09.067030Z[0m [32m INFO[0m [2mdashboard_server[0m[2m:[0m Executing on peer L3:lr-31415:long_run:P3: INSERT INTO users (id, email, name) VALUES (?, ?, ?)
[2m2026-05-16T01:09:09.117723Z[0m [32m INFO[0m [2mdashboard_server[0m[2m:[0m Executing on peer L3:lr-31415:long_run:P1: INSERT INTO users (id, email, name) VALUES (?, ?, ?)
[2m2026-05-16T01:09:09.169029Z[0m [32m INFO[0m [2mdashboard_server[0m[2m:[0m Executing on peer L3:lr-31415:long_run:P2: UPDATE users SET email = ? WHERE id = ?
[2m2026-05-16T01:09:09.220310Z[0m [32m INFO[0m [2mdashboard_server[0m[2m:[0m Executing on peer L3:lr-31415:long_run:P2: INSERT INTO users (id, email, name) VALUES (?, ?, ?)
[2m2026-05-16T01:09:09.271226Z[0m [32m INFO[0m [2mdashboard_server[0m[2m:[0m Executing on peer L3:lr-31415:long_run:P1: INSERT INTO users (id, email, name) VALUES (?, ?, ?)
[2m2026-05-16T01:09:09.322403Z[0m [32m INFO[0m [2mdashboard_server[0m[2m:[0m Sync request: L3:lr-31415:long_run:P1 -> L3:lr-31415:long_run:P2
[2m2026-05-16T01:09:09.403514Z[0m [32m INFO[0m [2mdashboard_server[0m[2m:[0m Executing on peer L3:lr-31415:long_run:P1: UPDATE users SET email = ? WHERE id = ?
[2m2026-05-16T01:09:09.454867Z[0m [32m INFO[0m [2mdashboard_server[0m[2m:[0m Executing on peer L3:lr-31415:long_run:P2: INSERT INTO users (id, email, name) VALUES (?, ?, ?)
[2m2026-05-16T01:09:09.505465Z[0m [32m INFO[0m [2mdashboard_server[0m[2m:[0m Executing on peer L3:lr-31415:long_run:P2: INSERT INTO users (id, email, name) VALUES (?, ?, ?)
[2m2026-05-16T01:09:09.556238Z[0m [32m INFO[0m [2mdashboard_server[0m[2m:[0m Executing on peer L3:lr-31415:long_run:P2: INSERT INTO users (id, email, name) VALUES (?, ?, ?)
[2m2026-05-16T01:09:09.607557Z[0m [32m INFO[0m [2mdashboard_server[0m[2m:[0m Executing on peer L3:lr-31415:long_run:P0: INSERT INTO users (id, email, name) VALUES (?, ?, ?)
[2m2026-05-16T01:09:09.659189Z[0m [32m INFO[0m [2mdashboard_server[0m[2m:[0m Executing on peer L3:lr-31415:long_run:P3: INSERT INTO users (id, email, name) VALUES (?, ?, ?)
[2m2026-05-16T01:09:09.709862Z[0m [32m INFO[0m [2mdashboard_server[0m[2m:[0m Executing on peer L3:lr-31415:long_run:P2: INSERT INTO users (id, email, name) VALUES (?, ?, ?)
[2m2026-05-16T01:09:09.761243Z[0m [32m INFO[0m [2mdashboard_server[0m[2m:[0m Executing on peer L3:lr-31415:long_run:P0: INSERT INTO users (id, email, name) VALUES (?, ?, ?)
[2m2026-05-16T01:09:09.811724Z[0m [32m INFO[0m [2mdashboard_server[0m[2m:[0m Executing on peer L3:lr-31415:long_run:P3: UPDATE users SET email = ? WHERE id = ?
[2m2026-05-16T01:09:09.861890Z[0m [32m INFO[0m [2mdashboard_server[0m[2m:[0m Executing on peer L3:lr-31415:long_run:P1: INSERT INTO users (id, email, name) VALUES (?, ?, ?)
[2m2026-05-16T01:09:09.912577Z[0m [32m INFO[0m [2mdashboard_server[0m[2m:[0m Executing on peer L3:lr-31415:long_run:P0: INSERT INTO users (id, email, name) VALUES (?, ?, ?)
[2m2026-05-16T01:09:09.962448Z[0m [32m INFO[0m [2mdashboard_server[0m[2m:[0m Executing on peer L3:lr-31415:long_run:P1: INSERT INTO users (id, email, name) VALUES (?, ?, ?)
[2m2026-05-16T01:09:10.013228Z[0m [32m INFO[0m [2mdashboard_server[0m[2m:[0m Executing on peer L3:lr-31415:long_run:P3: UPDATE users SET email = ? WHERE id = ?
[2m2026-05-16T01:09:10.065113Z[0m [32m INFO[0m [2mdashboard_server[0m[2m:[0m Executing on peer L3:lr-31415:long_run:P1: UPDATE users SET email = ? WHERE id = ?
[2m2026-05-16T01:09:10.116767Z[0m [32m INFO[0m [2mdashboard_server[0m[2m:[0m Executing on peer L3:lr-31415:long_run:P2: UPDATE users SET name = ? WHERE id = ?
[2m2026-05-16T01:09:10.169430Z[0m [32m INFO[0m [2mdashboard_server[0m[2m:[0m Executing on peer L3:lr-31415:long_run:P0: DELETE FROM users WHERE id = ?
[2m2026-05-16T01:09:10.220977Z[0m [32m INFO[0m [2mdashboard_server[0m[2m:[0m Sync request: L3:lr-31415:long_run:P0 -> L3:lr-31415:long_run:P2
[2m2026-05-16T01:09:10.301816Z[0m [32m INFO[0m [2mdashboard_server[0m[2m:[0m Executing on peer L3:lr-31415:long_run:P0: UPDATE users SET name = ? WHERE id = ?
[2m2026-05-16T01:09:10.354747Z[0m [32m INFO[0m [2mdashboard_server[0m[2m:[0m Executing on peer L3:lr-31415:long_run:P2: INSERT INTO users (id, email, name) VALUES (?, ?, ?)
[2m2026-05-16T01:09:10.406317Z[0m [32m INFO[0m [2mdashboard_server[0m[2m:[0m Executing on peer L3:lr-31415:long_run:P2: UPDATE users SET email = ? WHERE id = ?
[2m2026-05-16T01:09:10.458025Z[0m [32m INFO[0m [2mdashboard_server[0m[2m:[0m Executing on peer L3:lr-31415:long_run:P1: UPDATE users SET email = ? WHERE id = ?
[2m2026-05-16T01:09:10.509698Z[0m [32m INFO[0m [2mdashboard_server[0m[2m:[0m Executing on peer L3:lr-31415:long_run:P3: UPDATE users SET name = ? WHERE id = ?
[2m2026-05-16T01:09:10.560216Z[0m [32m INFO[0m [2mdashboard_server[0m[2m:[0m Executing on peer L3:lr-31415:long_run:P3: UPDATE users SET name = ? WHERE id = ?
[2m2026-05-16T01:09:10.611122Z[0m [32m INFO[0m [2mdashboard_server[0m[2m:[0m Executing on peer L3:lr-31415:long_run:P2: INSERT INTO users (id, email, name) VALUES (?, ?, ?)
[2m2026-05-16T01:09:10.662700Z[0m [32m INFO[0m [2mdashboard_server[0m[2m:[0m Executing on peer L3:lr-31415:long_run:P0: INSERT INTO users (id, email, name) VALUES (?, ?, ?)
[2m2026-05-16T01:09:10.713827Z[0m [32m INFO[0m [2mdashboard_server[0m[2m:[0m Sync request: L3:lr-31415:long_run:P1 -> L3:lr-31415:long_run:P0
[2m2026-05-16T01:09:10.795628Z[0m [32m INFO[0m [2mdashboard_server[0m[2m:[0m Executing on peer L3:lr-31415:long_run:P2: INSERT INTO users (id, email, name) VALUES (?, ?, ?)
[2m2026-05-16T01:09:10.931027Z[0m [32m INFO[0m [2mdashboard_server[0m[2m:[0m Executing on peer L3:lr-31415:long_run:P1: UPDATE users SET email = ? WHERE id = ?
[2m2026-05-16T01:09:10.982411Z[0m [32m INFO[0m [2mdashboard_server[0m[2m:[0m Executing on peer L3:lr-31415:long_run:P3: UPDATE users SET email = ? WHERE id = ?
[2m2026-05-16T01:09:11.033702Z[0m [32m INFO[0m [2mdashboard_server[0m[2m:[0m Executing on peer L3:lr-31415:long_run:P0: INSERT INTO users (id, email, name) VALUES (?, ?, ?)
[2m2026-05-16T01:09:11.086002Z[0m [32m INFO[0m [2mdashboard_server[0m[2m:[0m Sync request: L3:lr-31415:long_run:P1 -> L3:lr-31415:long_run:P3
[2m2026-05-16T01:09:11.171685Z[0m [32m INFO[0m [2mdashboard_server[0m[2m:[0m Executing on peer L3:lr-31415:long_run:P3: UPDATE users SET email = ? WHERE id = ?
[2m2026-05-16T01:09:11.223770Z[0m [32m INFO[0m [2mdashboard_server[0m[2m:[0m Executing on peer L3:lr-31415:long_run:P2: INSERT INTO users (id, email, name) VALUES (?, ?, ?)
[2m2026-05-16T01:09:11.275334Z[0m [32m INFO[0m [2mdashboard_server[0m[2m:[0m Executing on peer L3:lr-31415:long_run:P0: INSERT INTO users (id, email, name) VALUES (?, ?, ?)
[2m2026-05-16T01:09:11.327481Z[0m [32m INFO[0m [2mdashboard_server[0m[2m:[0m Executing on peer L3:lr-31415:long_run:P3: UPDATE users SET email = ? WHERE id = ?
[2m2026-05-16T01:09:11.380313Z[0m [32m INFO[0m [2mdashboard_server[0m[2m:[0m Executing on peer L3:lr-31415:long_run:P1: DELETE FROM users WHERE id = ?
[2m2026-05-16T01:09:11.432618Z[0m [32m INFO[0m [2mdashboard_server[0m[2m:[0m Executing on peer L3:lr-31415:long_run:P0: INSERT INTO users (id, email, name) VALUES (?, ?, ?)
[2m2026-05-16T01:09:11.484184Z[0m [32m INFO[0m [2mdashboard_server[0m[2m:[0m Executing on peer L3:lr-31415:long_run:P0: INSERT INTO users (id, email, name) VALUES (?, ?, ?)
[2m2026-05-16T01:09:11.537154Z[0m [32m INFO[0m [2mdashboard_server[0m[2m:[0m Executing on peer L3:lr-31415:long_run:P1: INSERT INTO users (id, email, name) VALUES (?, ?, ?)
[2m2026-05-16T01:09:11.588823Z[0m [32m INFO[0m [2mdashboard_server[0m[2m:[0m Executing on peer L3:lr-31415:long_run:P1: INSERT INTO users (id, email, name) VALUES (?, ?, ?)
[2m2026-05-16T01:09:11.640824Z[0m [32m INFO[0m [2mdashboard_server[0m[2m:[0m Sync request: L3:lr-31415:long_run:P1 -> L3:lr-31415:long_run:P3
[2m2026-05-16T01:09:11.723595Z[0m [32m INFO[0m [2mdashboard_server[0m[2m:[0m Sync request: L3:lr-31415:long_run:P3 -> L3:lr-31415:long_run:P1
[2m2026-05-16T01:09:11.803417Z[0m [32m INFO[0m [2mdashboard_server[0m[2m:[0m Sync request: L3:lr-31415:long_run:P1 -> L3:lr-31415:long_run:P3
[2m2026-05-16T01:09:11.885785Z[0m [32m INFO[0m [2mdashboard_server[0m[2m:[0m Executing on peer L3:lr-31415:long_run:P0: UPDATE users SET email = ? WHERE id = ?
[2m2026-05-16T01:09:11.937782Z[0m [32m INFO[0m [2mdashboard_server[0m[2m:[0m Executing on peer L3:lr-31415:long_run:P3: INSERT INTO users (id, email, name) VALUES (?, ?, ?)
[2m2026-05-16T01:09:11.989496Z[0m [32m INFO[0m [2mdashboard_server[0m[2m:[0m Executing on peer L3:lr-31415:long_run:P0: INSERT INTO users (id, email, name) VALUES (?, ?, ?)
[2m2026-05-16T01:09:12.041997Z[0m [32m INFO[0m [2mdashboard_server[0m[2m:[0m Executing on peer L3:lr-31415:long_run:P3: INSERT INTO users (id, email, name) VALUES (?, ?, ?)
[2m2026-05-16T01:09:12.094142Z[0m [32m INFO[0m [2mdashboard_server[0m[2m:[0m Executing on peer L3:lr-31415:long_run:P3: INSERT INTO users (id, email, name) VALUES (?, ?, ?)
[2m2026-05-16T01:09:12.146612Z[0m [32m INFO[0m [2mdashboard_server[0m[2m:[0m Executing on peer L3:lr-31415:long_run:P0: INSERT INTO users (id, email, name) VALUES (?, ?, ?)
[2m2026-05-16T01:09:12.198979Z[0m [32m INFO[0m [2mdashboard_server[0m[2m:[0m Executing on peer L3:lr-31415:long_run:P0: INSERT INTO users (id, email, name) VALUES (?, ?, ?)
[2m2026-05-16T01:09:12.250840Z[0m [32m INFO[0m [2mdashboard_server[0m[2m:[0m Executing on peer L3:lr-31415:long_run:P2: INSERT INTO users (id, email, name) VALUES (?, ?, ?)
[2m2026-05-16T01:09:12.302434Z[0m [32m INFO[0m [2mdashboard_server[0m[2m:[0m Sync request: L3:lr-31415:long_run:P3 -> L3:lr-31415:long_run:P0
[2m2026-05-16T01:09:12.388206Z[0m [32m INFO[0m [2mdashboard_server[0m[2m:[0m Sync request: L3:lr-31415:long_run:P0 -> L3:lr-31415:long_run:P3
[2m2026-05-16T01:09:12.471080Z[0m [32m INFO[0m [2mdashboard_server[0m[2m:[0m Sync request: L3:lr-31415:long_run:P2 -> L3:lr-31415:long_run:P0
[2m2026-05-16T01:09:12.556904Z[0m [32m INFO[0m [2mdashboard_server[0m[2m:[0m Executing on peer L3:lr-31415:long_run:P1: INSERT INTO users (id, email, name) VALUES (?, ?, ?)
[2m2026-05-16T01:09:12.610350Z[0m [32m INFO[0m [2mdashboard_server[0m[2m:[0m Executing on peer L3:lr-31415:long_run:P3: INSERT INTO users (id, email, name) VALUES (?, ?, ?)
[2m2026-05-16T01:09:12.662262Z[0m [32m INFO[0m [2mdashboard_server[0m[2m:[0m Executing on peer L3:lr-31415:long_run:P3: UPDATE users SET name = ? WHERE id = ?
[2m2026-05-16T01:09:12.715182Z[0m [32m INFO[0m [2mdashboard_server[0m[2m:[0m Executing on peer L3:lr-31415:long_run:P2: INSERT INTO users (id, email, name) VALUES (?, ?, ?)
[2m2026-05-16T01:09:12.768376Z[0m [32m INFO[0m [2mdashboard_server[0m[2m:[0m Executing on peer L3:lr-31415:long_run:P2: UPDATE users SET email = ? WHERE id = ?
[2m2026-05-16T01:09:12.821441Z[0m [32m INFO[0m [2mdashboard_server[0m[2m:[0m Executing on peer L3:lr-31415:long_run:P3: UPDATE users SET name = ? WHERE id = ?
[2m2026-05-16T01:09:12.960158Z[0m [32m INFO[0m [2mdashboard_server[0m[2m:[0m Executing on peer L3:lr-31415:long_run:P2: INSERT INTO users (id, email, name) VALUES (?, ?, ?)
[2m2026-05-16T01:09:13.011760Z[0m [32m INFO[0m [2mdashboard_server[0m[2m:[0m Sync request: L3:lr-31415:long_run:P2 -> L3:lr-31415:long_run:P1
[2m2026-05-16T01:09:13.096084Z[0m [32m INFO[0m [2mdashboard_server[0m[2m:[0m Executing on peer L3:lr-31415:long_run:P2: INSERT INTO users (id, email, name) VALUES (?, ?, ?)
[2m2026-05-16T01:09:13.147564Z[0m [32m INFO[0m [2mdashboard_server[0m[2m:[0m Executing on peer L3:lr-31415:long_run:P2: UPDATE users SET name = ? WHERE id = ?
[2m2026-05-16T01:09:13.201069Z[0m [32m INFO[0m [2mdashboard_server[0m[2m:[0m Sync request: L3:lr-31415:long_run:P1 -> L3:lr-31415:long_run:P2
[2m2026-05-16T01:09:13.285835Z[0m [32m INFO[0m [2mdashboard_server[0m[2m:[0m Executing on peer L3:lr-31415:long_run:P0: INSERT INTO users (id, email, name) VALUES (?, ?, ?)
[2m2026-05-16T01:09:13.339368Z[0m [32m INFO[0m [2mdashboard_server[0m[2m:[0m Sync request: L3:lr-31415:long_run:P1 -> L3:lr-31415:long_run:P2
[2m2026-05-16T01:09:13.423906Z[0m [32m INFO[0m [2mdashboard_server[0m[2m:[0m Executing on peer L3:lr-31415:long_run:P0: INSERT INTO users (id, email, name) VALUES (?, ?, ?)
[2m2026-05-16T01:09:13.476268Z[0m [32m INFO[0m [2mdashboard_server[0m[2m:[0m Executing on peer L3:lr-31415:long_run:P1: INSERT INTO users (id, email, name) VALUES (?, ?, ?)
[2m2026-05-16T01:09:13.528343Z[0m [32m INFO[0m [2mdashboard_server[0m[2m:[0m Executing on peer L3:lr-31415:long_run:P3: INSERT INTO users (id, email, name) VALUES (?, ?, ?)
[2m2026-05-16T01:09:13.581055Z[0m [32m INFO[0m [2mdashboard_server[0m[2m:[0m Executing on peer L3:lr-31415:long_run:P2: INSERT INTO users (id, email, name) VALUES (?, ?, ?)
[2m2026-05-16T01:09:13.632629Z[0m [32m INFO[0m [2mdashboard_server[0m[2m:[0m Executing on peer L3:lr-31415:long_run:P2: INSERT INTO users (id, email, name) VALUES (?, ?, ?)
[2m2026-05-16T01:09:13.687395Z[0m [32m INFO[0m [2mdashboard_server[0m[2m:[0m Executing on peer L3:lr-31415:long_run:P1: INSERT INTO users (id, email, name) VALUES (?, ?, ?)
[2m2026-05-16T01:09:13.739657Z[0m [32m INFO[0m [2mdashboard_server[0m[2m:[0m Sync request: L3:lr-31415:long_run:P0 -> L3:lr-31415:long_run:P2
[2m2026-05-16T01:09:13.825935Z[0m [32m INFO[0m [2mdashboard_server[0m[2m:[0m Executing on peer L3:lr-31415:long_run:P0: INSERT INTO users (id, email, name) VALUES (?, ?, ?)
[2m2026-05-16T01:09:13.878836Z[0m [32m INFO[0m [2mdashboard_server[0m[2m:[0m Executing on peer L3:lr-31415:long_run:P2: UPDATE users SET email = ? WHERE id = ?
[2m2026-05-16T01:09:13.932602Z[0m [32m INFO[0m [2mdashboard_server[0m[2m:[0m Sync request: L3:lr-31415:long_run:P0 -> L3:lr-31415:long_run:P3
[2m2026-05-16T01:09:14.019250Z[0m [32m INFO[0m [2mdashboard_server[0m[2m:[0m Executing on peer L3:lr-31415:long_run:P1: INSERT INTO users (id, email, name) VALUES (?, ?, ?)
[2m2026-05-16T01:09:14.072069Z[0m [32m INFO[0m [2mdashboard_server[0m[2m:[0m Executing on peer L3:lr-31415:long_run:P2: INSERT INTO users (id, email, name) VALUES (?, ?, ?)
[2m2026-05-16T01:09:14.123791Z[0m [32m INFO[0m [2mdashboard_server[0m[2m:[0m Executing on peer L3:lr-31415:long_run:P1: INSERT INTO users (id, email, name) VALUES (?, ?, ?)
[2m2026-05-16T01:09:14.177356Z[0m [32m INFO[0m [2mdashboard_server[0m[2m:[0m Sync request: L3:lr-31415:long_run:P2 -> L3:lr-31415:long_run:P3
[2m2026-05-16T01:09:14.262928Z[0m [32m INFO[0m [2mdashboard_server[0m[2m:[0m Executing on peer L3:lr-31415:long_run:P0: UPDATE users SET name = ? WHERE id = ?
[2m2026-05-16T01:09:14.317079Z[0m [32m INFO[0m [2mdashboard_server[0m[2m:[0m Sync request: L3:lr-31415:long_run:P2 -> L3:lr-31415:long_run:P1
[2m2026-05-16T01:09:14.404095Z[0m [32m INFO[0m [2mdashboard_server[0m[2m:[0m Executing on peer L3:lr-31415:long_run:P2: INSERT INTO users (id, email, name) VALUES (?, ?, ?)
[2m2026-05-16T01:09:14.457582Z[0m [32m INFO[0m [2mdashboard_server[0m[2m:[0m Executing on peer L3:lr-31415:long_run:P1: INSERT INTO users (id, email, name) VALUES (?, ?, ?)
[2m2026-05-16T01:09:14.510342Z[0m [32m INFO[0m [2mdashboard_server[0m[2m:[0m Executing on peer L3:lr-31415:long_run:P0: INSERT INTO users (id, email, name) VALUES (?, ?, ?)
[2m2026-05-16T01:09:14.564065Z[0m [32m INFO[0m [2mdashboard_server[0m[2m:[0m Executing on peer L3:lr-31415:long_run:P0: INSERT INTO users (id, email, name) VALUES (?, ?, ?)
[2m2026-05-16T01:09:14.618066Z[0m [32m INFO[0m [2mdashboard_server[0m[2m:[0m Executing on peer L3:lr-31415:long_run:P2: INSERT INTO users (id, email, name) VALUES (?, ?, ?)
[2m2026-05-16T01:09:14.672523Z[0m [32m INFO[0m [2mdashboard_server[0m[2m:[0m Sync request: L3:lr-31415:long_run:P3 -> L3:lr-31415:long_run:P1
[2m2026-05-16T01:09:14.759270Z[0m [32m INFO[0m [2mdashboard_server[0m[2m:[0m Executing on peer L3:lr-31415:long_run:P1: INSERT INTO users (id, email, name) VALUES (?, ?, ?)
[2m2026-05-16T01:09:14.812686Z[0m [32m INFO[0m [2mdashboard_server[0m[2m:[0m Executing on peer L3:lr-31415:long_run:P2: INSERT INTO users (id, email, name) VALUES (?, ?, ?)
[2m2026-05-16T01:09:14.954762Z[0m [32m INFO[0m [2mdashboard_server[0m[2m:[0m Sync request: L3:lr-31415:long_run:P2 -> L3:lr-31415:long_run:P1
[2m2026-05-16T01:09:15.041617Z[0m [32m INFO[0m [2mdashboard_server[0m[2m:[0m Executing on peer L3:lr-31415:long_run:P2: INSERT INTO users (id, email, name) VALUES (?, ?, ?)
[2m2026-05-16T01:09:15.094954Z[0m [32m INFO[0m [2mdashboard_server[0m[2m:[0m Executing on peer L3:lr-31415:long_run:P2: INSERT INTO users (id, email, name) VALUES (?, ?, ?)
[2m2026-05-16T01:09:15.149740Z[0m [32m INFO[0m [2mdashboard_server[0m[2m:[0m Sync request: L3:lr-31415:long_run:P1 -> L3:lr-31415:long_run:P2
[2m2026-05-16T01:09:15.236640Z[0m [32m INFO[0m [2mdashboard_server[0m[2m:[0m Sync request: L3:lr-31415:long_run:P2 -> L3:lr-31415:long_run:P0
[2m2026-05-16T01:09:15.324451Z[0m [32m INFO[0m [2mdashboard_server[0m[2m:[0m Executing on peer L3:lr-31415:long_run:P2: INSERT INTO users (id, email, name) VALUES (?, ?, ?)
[2m2026-05-16T01:09:15.378344Z[0m [32m INFO[0m [2mdashboard_server[0m[2m:[0m Executing on peer L3:lr-31415:long_run:P3: DELETE FROM users WHERE id = ?
[2m2026-05-16T01:09:15.432659Z[0m [32m INFO[0m [2mdashboard_server[0m[2m:[0m Executing on peer L3:lr-31415:long_run:P3: INSERT INTO users (id, email, name) VALUES (?, ?, ?)
[2m2026-05-16T01:09:15.487384Z[0m [32m INFO[0m [2mdashboard_server[0m[2m:[0m Executing on peer L3:lr-31415:long_run:P1: INSERT INTO users (id, email, name) VALUES (?, ?, ?)
[2m2026-05-16T01:09:15.542577Z[0m [32m INFO[0m [2mdashboard_server[0m[2m:[0m Sync request: L3:lr-31415:long_run:P1 -> L3:lr-31415:long_run:P2
[2m2026-05-16T01:09:15.629823Z[0m [32m INFO[0m [2mdashboard_server[0m[2m:[0m Executing on peer L3:lr-31415:long_run:P2: INSERT INTO users (id, email, name) VALUES (?, ?, ?)
[2m2026-05-16T01:09:15.684419Z[0m [32m INFO[0m [2mdashboard_server[0m[2m:[0m Executing on peer L3:lr-31415:long_run:P0: INSERT INTO users (id, email, name) VALUES (?, ?, ?)
[2m2026-05-16T01:09:15.739422Z[0m [32m INFO[0m [2mdashboard_server[0m[2m:[0m Executing on peer L3:lr-31415:long_run:P2: UPDATE users SET email = ? WHERE id = ?
[2m2026-05-16T01:09:15.793869Z[0m [32m INFO[0m [2mdashboard_server[0m[2m:[0m Executing on peer L3:lr-31415:long_run:P3: UPDATE users SET email = ? WHERE id = ?
[2m2026-05-16T01:09:15.848833Z[0m [32m INFO[0m [2mdashboard_server[0m[2m:[0m Executing on peer L3:lr-31415:long_run:P0: INSERT INTO users (id, email, name) VALUES (?, ?, ?)
[2m2026-05-16T01:09:15.903049Z[0m [32m INFO[0m [2mdashboard_server[0m[2m:[0m Sync request: L3:lr-31415:long_run:P2 -> L3:lr-31415:long_run:P0
[2m2026-05-16T01:09:15.990693Z[0m [32m INFO[0m [2mdashboard_server[0m[2m:[0m Sync request: L3:lr-31415:long_run:P2 -> L3:lr-31415:long_run:P0
[2m2026-05-16T01:09:16.077338Z[0m [32m INFO[0m [2mdashboard_server[0m[2m:[0m Executing on peer L3:lr-31415:long_run:P3: INSERT INTO users (id, email, name) VALUES (?, ?, ?)
[2m2026-05-16T01:09:16.132893Z[0m [32m INFO[0m [2mdashboard_server[0m[2m:[0m Sync request: L3:lr-31415:long_run:P2 -> L3:lr-31415:long_run:P0
[2m2026-05-16T01:09:16.220766Z[0m [32m INFO[0m [2mdashboard_server[0m[2m:[0m Executing on peer L3:lr-31415:long_run:P3: INSERT INTO users (id, email, name) VALUES (?, ?, ?)
[2m2026-05-16T01:09:16.275625Z[0m [32m INFO[0m [2mdashboard_server[0m[2m:[0m Executing on peer L3:lr-31415:long_run:P0: INSERT INTO users (id, email, name) VALUES (?, ?, ?)
[2m2026-05-16T01:09:16.330482Z[0m [32m INFO[0m [2mdashboard_server[0m[2m:[0m Executing on peer L3:lr-31415:long_run:P3: UPDATE users SET email = ? WHERE id = ?
[2m2026-05-16T01:09:16.386073Z[0m [32m INFO[0m [2mdashboard_server[0m[2m:[0m Executing on peer L3:lr-31415:long_run:P2: INSERT INTO users (id, email, name) VALUES (?, ?, ?)
[2m2026-05-16T01:09:16.440566Z[0m [32m INFO[0m [2mdashboard_server[0m[2m:[0m Executing on peer L3:lr-31415:long_run:P3: INSERT INTO users (id, email, name) VALUES (?, ?, ?)
[2m2026-05-16T01:09:16.494524Z[0m [32m INFO[0m [2mdashboard_server[0m[2m:[0m Executing on peer L3:lr-31415:long_run:P1: INSERT INTO users (id, email, name) VALUES (?, ?, ?)
[2m2026-05-16T01:09:16.549222Z[0m [32m INFO[0m [2mdashboard_server[0m[2m:[0m Executing on peer L3:lr-31415:long_run:P1: UPDATE users SET email = ? WHERE id = ?
[2m2026-05-16T01:09:16.604361Z[0m [32m INFO[0m [2mdashboard_server[0m[2m:[0m Executing on peer L3:lr-31415:long_run:P2: INSERT INTO users (id, email, name) VALUES (?, ?, ?)
[2m2026-05-16T01:09:16.659246Z[0m [32m INFO[0m [2mdashboard_server[0m[2m:[0m Executing on peer L3:lr-31415:long_run:P2: UPDATE users SET name = ? WHERE id = ?
[2m2026-05-16T01:09:16.714609Z[0m [32m INFO[0m [2mdashboard_server[0m[2m:[0m Executing on peer L3:lr-31415:long_run:P1: INSERT INTO users (id, email, name) VALUES (?, ?, ?)
[2m2026-05-16T01:09:16.781378Z[0m [32m INFO[0m [2mdashboard_server[0m[2m:[0m Executing on peer L3:lr-31415:long_run:P3: INSERT INTO users (id, email, name) VALUES (?, ?, ?)
[2m2026-05-16T01:09:16.929852Z[0m [32m INFO[0m [2mdashboard_server[0m[2m:[0m Executing on peer L3:lr-31415:long_run:P2: INSERT INTO users (id, email, name) VALUES (?, ?, ?)
[2m2026-05-16T01:09:16.983871Z[0m [32m INFO[0m [2mdashboard_server[0m[2m:[0m Executing on peer L3:lr-31415:long_run:P2: UPDATE users SET email = ? WHERE id = ?
[2m2026-05-16T01:09:17.039287Z[0m [32m INFO[0m [2mdashboard_server[0m[2m:[0m Executing on peer L3:lr-31415:long_run:P0: INSERT INTO users (id, email, name) VALUES (?, ?, ?)
[2m2026-05-16T01:09:17.093706Z[0m [32m INFO[0m [2mdashboard_server[0m[2m:[0m Executing on peer L3:lr-31415:long_run:P2: INSERT INTO users (id, email, name) VALUES (?, ?, ?)
[2m2026-05-16T01:09:17.148570Z[0m [32m INFO[0m [2mdashboard_server[0m[2m:[0m Executing on peer L3:lr-31415:long_run:P2: UPDATE users SET name = ? WHERE id = ?
[2m2026-05-16T01:09:17.203597Z[0m [32m INFO[0m [2mdashboard_server[0m[2m:[0m Sync request: L3:lr-31415:long_run:P2 -> L3:lr-31415:long_run:P1
[2m2026-05-16T01:09:17.292829Z[0m [32m INFO[0m [2mdashboard_server[0m[2m:[0m Executing on peer L3:lr-31415:long_run:P3: INSERT INTO users (id, email, name) VALUES (?, ?, ?)
[2m2026-05-16T01:09:17.347570Z[0m [32m INFO[0m [2mdashboard_server[0m[2m:[0m Executing on peer L3:lr-31415:long_run:P2: INSERT INTO users (id, email, name) VALUES (?, ?, ?)
[2m2026-05-16T01:09:17.402708Z[0m [32m INFO[0m [2mdashboard_server[0m[2m:[0m Executing on peer L3:lr-31415:long_run:P0: INSERT INTO users (id, email, name) VALUES (?, ?, ?)
[2m2026-05-16T01:09:17.457646Z[0m [32m INFO[0m [2mdashboard_server[0m[2m:[0m Executing on peer L3:lr-31415:long_run:P3: INSERT INTO users (id, email, name) VALUES (?, ?, ?)
[2m2026-05-16T01:09:17.511946Z[0m [32m INFO[0m [2mdashboard_server[0m[2m:[0m Executing on peer L3:lr-31415:long_run:P0: INSERT INTO users (id, email, name) VALUES (?, ?, ?)
[2m2026-05-16T01:09:17.566274Z[0m [32m INFO[0m [2mdashboard_server[0m[2m:[0m Executing on peer L3:lr-31415:long_run:P1: INSERT INTO users (id, email, name) VALUES (?, ?, ?)
[2m2026-05-16T01:09:17.621536Z[0m [32m INFO[0m [2mdashboard_server[0m[2m:[0m Executing on peer L3:lr-31415:long_run:P2: INSERT INTO users (id, email, name) VALUES (?, ?, ?)
[2m2026-05-16T01:09:17.676759Z[0m [32m INFO[0m [2mdashboard_server[0m[2m:[0m Executing on peer L3:lr-31415:long_run:P3: INSERT INTO users (id, email, name) VALUES (?, ?, ?)
[2m2026-05-16T01:09:17.731931Z[0m [32m INFO[0m [2mdashboard_server[0m[2m:[0m Executing on peer L3:lr-31415:long_run:P3: INSERT INTO users (id, email, name) VALUES (?, ?, ?)
[2m2026-05-16T01:09:17.787332Z[0m [32m INFO[0m [2mdashboard_server[0m[2m:[0m Executing on peer L3:lr-31415:long_run:P0: DELETE FROM users WHERE id = ?
[2m2026-05-16T01:09:17.843081Z[0m [32m INFO[0m [2mdashboard_server[0m[2m:[0m Executing on peer L3:lr-31415:long_run:P0: INSERT INTO users (id, email, name) VALUES (?, ?, ?)
[2m2026-05-16T01:09:17.898357Z[0m [32m INFO[0m [2mdashboard_server[0m[2m:[0m Executing on peer L3:lr-31415:long_run:P0: INSERT INTO users (id, email, name) VALUES (?, ?, ?)
[2m2026-05-16T01:09:17.953804Z[0m [32m INFO[0m [2mdashboard_server[0m[2m:[0m Executing on peer L3:lr-31415:long_run:P1: DELETE FROM users WHERE id = ?
[2m2026-05-16T01:09:18.009376Z[0m [32m INFO[0m [2mdashboard_server[0m[2m:[0m Executing on peer L3:lr-31415:long_run:P3: INSERT INTO users (id, email, name) VALUES (?, ?, ?)
[2m2026-05-16T01:09:18.064422Z[0m [32m INFO[0m [2mdashboard_server[0m[2m:[0m Executing on peer L3:lr-31415:long_run:P0: INSERT INTO users (id, email, name) VALUES (?, ?, ?)
[2m2026-05-16T01:09:18.119901Z[0m [32m INFO[0m [2mdashboard_server[0m[2m:[0m Sync request: L3:lr-31415:long_run:P1 -> L3:lr-31415:long_run:P0
[2m2026-05-16T01:09:18.210896Z[0m [32m INFO[0m [2mdashboard_server[0m[2m:[0m Executing on peer L3:lr-31415:long_run:P2: INSERT INTO users (id, email, name) VALUES (?, ?, ?)
[2m2026-05-16T01:09:18.266071Z[0m [32m INFO[0m [2mdashboard_server[0m[2m:[0m Executing on peer L3:lr-31415:long_run:P1: INSERT INTO users (id, email, name) VALUES (?, ?, ?)
[2m2026-05-16T01:09:18.321684Z[0m [32m INFO[0m [2mdashboard_server[0m[2m:[0m Executing on peer L3:lr-31415:long_run:P0: INSERT INTO users (id, email, name) VALUES (?, ?, ?)
[2m2026-05-16T01:09:18.376695Z[0m [32m INFO[0m [2mdashboard_server[0m[2m:[0m Sync request: L3:lr-31415:long_run:P2 -> L3:lr-31415:long_run:P1
[2m2026-05-16T01:09:18.467158Z[0m [32m INFO[0m [2mdashboard_server[0m[2m:[0m Executing on peer L3:lr-31415:long_run:P3: INSERT INTO users (id, email, name) VALUES (?, ?, ?)
[2m2026-05-16T01:09:18.522437Z[0m [32m INFO[0m [2mdashboard_server[0m[2m:[0m Executing on peer L3:lr-31415:long_run:P1: INSERT INTO users (id, email, name) VALUES (?, ?, ?)
[2m2026-05-16T01:09:18.577852Z[0m [32m INFO[0m [2mdashboard_server[0m[2m:[0m Executing on peer L3:lr-31415:long_run:P1: UPDATE users SET email = ? WHERE id = ?
[2m2026-05-16T01:09:18.634323Z[0m [32m INFO[0m [2mdashboard_server[0m[2m:[0m Executing on peer L3:lr-31415:long_run:P1: UPDATE users SET email = ? WHERE id = ?
[2m2026-05-16T01:09:18.690874Z[0m [32m INFO[0m [2mdashboard_server[0m[2m:[0m Executing on peer L3:lr-31415:long_run:P2: UPDATE users SET email = ? WHERE id = ?
[2m2026-05-16T01:09:18.746967Z[0m [32m INFO[0m [2mdashboard_server[0m[2m:[0m Executing on peer L3:lr-31415:long_run:P1: INSERT INTO users (id, email, name) VALUES (?, ?, ?)
[2m2026-05-16T01:09:18.803088Z[0m [32m INFO[0m [2mdashboard_server[0m[2m:[0m Executing on peer L3:lr-31415:long_run:P3: UPDATE users SET name = ? WHERE id = ?
[2m2026-05-16T01:09:18.950006Z[0m [32m INFO[0m [2mdashboard_server[0m[2m:[0m Executing on peer L3:lr-31415:long_run:P1: INSERT INTO users (id, email, name) VALUES (?, ?, ?)
[2m2026-05-16T01:09:19.006046Z[0m [32m INFO[0m [2mdashboard_server[0m[2m:[0m Executing on peer L3:lr-31415:long_run:P0: UPDATE users SET name = ? WHERE id = ?
[2m2026-05-16T01:09:19.061254Z[0m [32m INFO[0m [2mdashboard_server[0m[2m:[0m Executing on peer L3:lr-31415:long_run:P3: INSERT INTO users (id, email, name) VALUES (?, ?, ?)
[2m2026-05-16T01:09:19.117103Z[0m [32m INFO[0m [2mdashboard_server[0m[2m:[0m Executing on peer L3:lr-31415:long_run:P1: INSERT INTO users (id, email, name) VALUES (?, ?, ?)
[2m2026-05-16T01:09:19.173637Z[0m [32m INFO[0m [2mdashboard_server[0m[2m:[0m Executing on peer L3:lr-31415:long_run:P1: INSERT INTO users (id, email, name) VALUES (?, ?, ?)
[2m2026-05-16T01:09:19.229168Z[0m [32m INFO[0m [2mdashboard_server[0m[2m:[0m Executing on peer L3:lr-31415:long_run:P3: INSERT INTO users (id, email, name) VALUES (?, ?, ?)
[2m2026-05-16T01:09:19.284941Z[0m [32m INFO[0m [2mdashboard_server[0m[2m:[0m Executing on peer L3:lr-31415:long_run:P2: INSERT INTO users (id, email, name) VALUES (?, ?, ?)
[2m2026-05-16T01:09:19.341709Z[0m [32m INFO[0m [2mdashboard_server[0m[2m:[0m Executing on peer L3:lr-31415:long_run:P3: INSERT INTO users (id, email, name) VALUES (?, ?, ?)
[2m2026-05-16T01:09:19.397687Z[0m [32m INFO[0m [2mdashboard_server[0m[2m:[0m Executing on peer L3:lr-31415:long_run:P1: INSERT INTO users (id, email, name) VALUES (?, ?, ?)
[2m2026-05-16T01:09:19.453311Z[0m [32m INFO[0m [2mdashboard_server[0m[2m:[0m Executing on peer L3:lr-31415:long_run:P2: INSERT INTO users (id, email, name) VALUES (?, ?, ?)
[2m2026-05-16T01:09:19.509584Z[0m [32m INFO[0m [2mdashboard_server[0m[2m:[0m Executing on peer L3:lr-31415:long_run:P3: INSERT INTO users (id, email, name) VALUES (?, ?, ?)
[2m2026-05-16T01:09:19.565370Z[0m [32m INFO[0m [2mdashboard_server[0m[2m:[0m Sync request: L3:lr-31415:long_run:P0 -> L3:lr-31415:long_run:P2
[2m2026-05-16T01:09:19.656532Z[0m [32m INFO[0m [2mdashboard_server[0m[2m:[0m Sync request: L3:lr-31415:long_run:P0 -> L3:lr-31415:long_run:P2
[2m2026-05-16T01:09:19.746923Z[0m [32m INFO[0m [2mdashboard_server[0m[2m:[0m Executing on peer L3:lr-31415:long_run:P2: INSERT INTO users (id, email, name) VALUES (?, ?, ?)
[2m2026-05-16T01:09:19.802781Z[0m [32m INFO[0m [2mdashboard_server[0m[2m:[0m Executing on peer L3:lr-31415:long_run:P0: INSERT INTO users (id, email, name) VALUES (?, ?, ?)
[2m2026-05-16T01:09:19.858139Z[0m [32m INFO[0m [2mdashboard_server[0m[2m:[0m Sync request: L3:lr-31415:long_run:P2 -> L3:lr-31415:long_run:P1
[2m2026-05-16T01:09:19.948780Z[0m [32m INFO[0m [2mdashboard_server[0m[2m:[0m Sync request: L3:lr-31415:long_run:P3 -> L3:lr-31415:long_run:P2
[2m2026-05-16T01:09:20.045879Z[0m [32m INFO[0m [2mdashboard_server[0m[2m:[0m Executing on peer L3:lr-31415:long_run:P3: UPDATE users SET email = ? WHERE id = ?
[2m2026-05-16T01:09:20.103099Z[0m [32m INFO[0m [2mdashboard_server[0m[2m:[0m Executing on peer L3:lr-31415:long_run:P0: INSERT INTO users (id, email, name) VALUES (?, ?, ?)
[2m2026-05-16T01:09:20.159363Z[0m [32m INFO[0m [2mdashboard_server[0m[2m:[0m Executing on peer L3:lr-31415:long_run:P2: INSERT INTO users (id, email, name) VALUES (?, ?, ?)
[2m2026-05-16T01:09:20.216773Z[0m [32m INFO[0m [2mdashboard_server[0m[2m:[0m Executing on peer L3:lr-31415:long_run:P3: UPDATE users SET name = ? WHERE id = ?
[2m2026-05-16T01:09:20.273781Z[0m [32m INFO[0m [2mdashboard_server[0m[2m:[0m Executing on peer L3:lr-31415:long_run:P2: INSERT INTO users (id, email, name) VALUES (?, ?, ?)
[2m2026-05-16T01:09:20.330832Z[0m [32m INFO[0m [2mdashboard_server[0m[2m:[0m Executing on peer L3:lr-31415:long_run:P1: INSERT INTO users (id, email, name) VALUES (?, ?, ?)
[2m2026-05-16T01:09:20.387933Z[0m [32m INFO[0m [2mdashboard_server[0m[2m:[0m Executing on peer L3:lr-31415:long_run:P1: UPDATE users SET name = ? WHERE id = ?
[2m2026-05-16T01:09:20.444588Z[0m [32m INFO[0m [2mdashboard_server[0m[2m:[0m Executing on peer L3:lr-31415:long_run:P2: INSERT INTO users (id, email, name) VALUES (?, ?, ?)
[2m2026-05-16T01:09:20.502019Z[0m [32m INFO[0m [2mdashboard_server[0m[2m:[0m Sync request: L3:lr-31415:long_run:P3 -> L3:lr-31415:long_run:P0
[2m2026-05-16T01:09:20.596970Z[0m [32m INFO[0m [2mdashboard_server[0m[2m:[0m Executing on peer L3:lr-31415:long_run:P0: INSERT INTO users (id, email, name) VALUES (?, ?, ?)
[2m2026-05-16T01:09:20.654378Z[0m [32m INFO[0m [2mdashboard_server[0m[2m:[0m Executing on peer L3:lr-31415:long_run:P3: UPDATE users SET name = ? WHERE id = ?
[2m2026-05-16T01:09:20.712107Z[0m [32m INFO[0m [2mdashboard_server[0m[2m:[0m Executing on peer L3:lr-31415:long_run:P3: INSERT INTO users (id, email, name) VALUES (?, ?, ?)
[2m2026-05-16T01:09:20.770513Z[0m [32m INFO[0m [2mdashboard_server[0m[2m:[0m Executing on peer L3:lr-31415:long_run:P1: INSERT INTO users (id, email, name) VALUES (?, ?, ?)
[2m2026-05-16T01:09:20.827477Z[0m [32m INFO[0m [2mdashboard_server[0m[2m:[0m Executing on peer L3:lr-31415:long_run:P1: UPDATE users SET name = ? WHERE id = ?
[2m2026-05-16T01:09:20.978738Z[0m [32m INFO[0m [2mdashboard_server[0m[2m:[0m Executing on peer L3:lr-31415:long_run:P1: INSERT INTO users (id, email, name) VALUES (?, ?, ?)
[2m2026-05-16T01:09:21.035473Z[0m [32m INFO[0m [2mdashboard_server[0m[2m:[0m Executing on peer L3:lr-31415:long_run:P3: UPDATE users SET name = ? WHERE id = ?
[2m2026-05-16T01:09:21.093585Z[0m [32m INFO[0m [2mdashboard_server[0m[2m:[0m Executing on peer L3:lr-31415:long_run:P1: INSERT INTO users (id, email, name) VALUES (?, ?, ?)
[2m2026-05-16T01:09:21.151484Z[0m [32m INFO[0m [2mdashboard_server[0m[2m:[0m Executing on peer L3:lr-31415:long_run:P0: INSERT INTO users (id, email, name) VALUES (?, ?, ?)
[2m2026-05-16T01:09:21.209122Z[0m [32m INFO[0m [2mdashboard_server[0m[2m:[0m Executing on peer L3:lr-31415:long_run:P2: INSERT INTO users (id, email, name) VALUES (?, ?, ?)
[2m2026-05-16T01:09:21.266282Z[0m [32m INFO[0m [2mdashboard_server[0m[2m:[0m Executing on peer L3:lr-31415:long_run:P0: INSERT INTO users (id, email, name) VALUES (?, ?, ?)
[2m2026-05-16T01:09:21.323655Z[0m [32m INFO[0m [2mdashboard_server[0m[2m:[0m Executing on peer L3:lr-31415:long_run:P0: INSERT INTO users (id, email, name) VALUES (?, ?, ?)
[2m2026-05-16T01:09:21.381423Z[0m [32m INFO[0m [2mdashboard_server[0m[2m:[0m Sync request: L3:lr-31415:long_run:P3 -> L3:lr-31415:long_run:P1
[2m2026-05-16T01:09:21.476922Z[0m [32m INFO[0m [2mdashboard_server[0m[2m:[0m Executing on peer L3:lr-31415:long_run:P0: INSERT INTO users (id, email, name) VALUES (?, ?, ?)
[2m2026-05-16T01:09:21.535021Z[0m [32m INFO[0m [2mdashboard_server[0m[2m:[0m Executing on peer L3:lr-31415:long_run:P1: INSERT INTO users (id, email, name) VALUES (?, ?, ?)
[2m2026-05-16T01:09:21.592556Z[0m [32m INFO[0m [2mdashboard_server[0m[2m:[0m Executing on peer L3:lr-31415:long_run:P3: DELETE FROM users WHERE id = ?
[2m2026-05-16T01:09:21.650703Z[0m [32m INFO[0m [2mdashboard_server[0m[2m:[0m Sync request: L3:lr-31415:long_run:P3 -> L3:lr-31415:long_run:P1
[2m2026-05-16T01:09:21.744571Z[0m [32m INFO[0m [2mdashboard_server[0m[2m:[0m Executing on peer L3:lr-31415:long_run:P2: INSERT INTO users (id, email, name) VALUES (?, ?, ?)
[2m2026-05-16T01:09:21.802406Z[0m [32m INFO[0m [2mdashboard_server[0m[2m:[0m Executing on peer L3:lr-31415:long_run:P2: UPDATE users SET name = ? WHERE id = ?
[2m2026-05-16T01:09:21.860715Z[0m [32m INFO[0m [2mdashboard_server[0m[2m:[0m Sync request: L3:lr-31415:long_run:P0 -> L3:lr-31415:long_run:P3
[2m2026-05-16T01:09:21.956191Z[0m [32m INFO[0m [2mdashboard_server[0m[2m:[0m Sync request: L3:lr-31415:long_run:P1 -> L3:lr-31415:long_run:P3
[2m2026-05-16T01:09:22.050376Z[0m [32m INFO[0m [2mdashboard_server[0m[2m:[0m Executing on peer L3:lr-31415:long_run:P0: UPDATE users SET name = ? WHERE id = ?
[2m2026-05-16T01:09:22.108894Z[0m [32m INFO[0m [2mdashboard_server[0m[2m:[0m Executing on peer L3:lr-31415:long_run:P0: INSERT INTO users (id, email, name) VALUES (?, ?, ?)
[2m2026-05-16T01:09:22.221279Z[0m [32m INFO[0m [2mdashboard_server[0m[2m:[0m Executing on peer L3:lr-31415:long_run:P0: INSERT INTO users (id, email, name) VALUES (?, ?, ?)
[2m2026-05-16T01:09:22.279399Z[0m [32m INFO[0m [2mdashboard_server[0m[2m:[0m Executing on peer L3:lr-31415:long_run:P0: DELETE FROM users WHERE id = ?
[2m2026-05-16T01:09:22.337744Z[0m [32m INFO[0m [2mdashboard_server[0m[2m:[0m Executing on peer L3:lr-31415:long_run:P1: INSERT INTO users (id, email, name) VALUES (?, ?, ?)
[2m2026-05-16T01:09:22.394903Z[0m [32m INFO[0m [2mdashboard_server[0m[2m:[0m Executing on peer L3:lr-31415:long_run:P1: INSERT INTO users (id, email, name) VALUES (?, ?, ?)
[2m2026-05-16T01:09:22.453250Z[0m [32m INFO[0m [2mdashboard_server[0m[2m:[0m Sync request: L3:lr-31415:long_run:P0 -> L3:lr-31415:long_run:P3
[2m2026-05-16T01:09:22.548258Z[0m [32m INFO[0m [2mdashboard_server[0m[2m:[0m Sync request: L3:lr-31415:long_run:P2 -> L3:lr-31415:long_run:P1
[2m2026-05-16T01:09:22.644883Z[0m [32m INFO[0m [2mdashboard_server[0m[2m:[0m Executing on peer L3:lr-31415:long_run:P1: INSERT INTO users (id, email, name) VALUES (?, ?, ?)
[2m2026-05-16T01:09:22.704306Z[0m [32m INFO[0m [2mdashboard_server[0m[2m:[0m Executing on peer L3:lr-31415:long_run:P0: DELETE FROM users WHERE id = ?
[2m2026-05-16T01:09:22.765195Z[0m [32m INFO[0m [2mdashboard_server[0m[2m:[0m Executing on peer L3:lr-31415:long_run:P3: INSERT INTO users (id, email, name) VALUES (?, ?, ?)
[2m2026-05-16T01:09:22.823548Z[0m [32m INFO[0m [2mdashboard_server[0m[2m:[0m Executing on peer L3:lr-31415:long_run:P2: UPDATE users SET name = ? WHERE id = ?
[2m2026-05-16T01:09:22.977067Z[0m [32m INFO[0m [2mdashboard_server[0m[2m:[0m Executing on peer L3:lr-31415:long_run:P3: INSERT INTO users (id, email, name) VALUES (?, ?, ?)
[2m2026-05-16T01:09:23.034726Z[0m [32m INFO[0m [2mdashboard_server[0m[2m:[0m Sync request: L3:lr-31415:long_run:P1 -> L3:lr-31415:long_run:P3
[2m2026-05-16T01:09:23.131613Z[0m [32m INFO[0m [2mdashboard_server[0m[2m:[0m Executing on peer L3:lr-31415:long_run:P2: DELETE FROM users WHERE id = ?
[2m2026-05-16T01:09:23.190304Z[0m [32m INFO[0m [2mdashboard_server[0m[2m:[0m Sync request: L3:lr-31415:long_run:P3 -> L3:lr-31415:long_run:P1
[2m2026-05-16T01:09:23.286575Z[0m [32m INFO[0m [2mdashboard_server[0m[2m:[0m Executing on peer L3:lr-31415:long_run:P2: DELETE FROM users WHERE id = ?
[2m2026-05-16T01:09:23.345222Z[0m [32m INFO[0m [2mdashboard_server[0m[2m:[0m Executing on peer L3:lr-31415:long_run:P1: INSERT INTO users (id, email, name) VALUES (?, ?, ?)
[2m2026-05-16T01:09:23.403848Z[0m [32m INFO[0m [2mdashboard_server[0m[2m:[0m Sync request: L3:lr-31415:long_run:P0 -> L3:lr-31415:long_run:P3
[2m2026-05-16T01:09:23.500586Z[0m [32m INFO[0m [2mdashboard_server[0m[2m:[0m Executing on peer L3:lr-31415:long_run:P2: INSERT INTO users (id, email, name) VALUES (?, ?, ?)
[2m2026-05-16T01:09:23.559215Z[0m [32m INFO[0m [2mdashboard_server[0m[2m:[0m Sync request: L3:lr-31415:long_run:P1 -> L3:lr-31415:long_run:P2
[2m2026-05-16T01:09:23.656065Z[0m [32m INFO[0m [2mdashboard_server[0m[2m:[0m Executing on peer L3:lr-31415:long_run:P1: INSERT INTO users (id, email, name) VALUES (?, ?, ?)
[2m2026-05-16T01:09:23.714996Z[0m [32m INFO[0m [2mdashboard_server[0m[2m:[0m Executing on peer L3:lr-31415:long_run:P2: UPDATE users SET name = ? WHERE id = ?
[2m2026-05-16T01:09:23.774169Z[0m [32m INFO[0m [2mdashboard_server[0m[2m:[0m Executing on peer L3:lr-31415:long_run:P2: UPDATE users SET email = ? WHERE id = ?
[2m2026-05-16T01:09:23.833126Z[0m [32m INFO[0m [2mdashboard_server[0m[2m:[0m Executing on peer L3:lr-31415:long_run:P3: UPDATE users SET email = ? WHERE id = ?
[2m2026-05-16T01:09:23.892528Z[0m [32m INFO[0m [2mdashboard_server[0m[2m:[0m Executing on peer L3:lr-31415:long_run:P1: INSERT INTO users (id, email, name) VALUES (?, ?, ?)
[2m2026-05-16T01:09:23.951820Z[0m [32m INFO[0m [2mdashboard_server[0m[2m:[0m Executing on peer L3:lr-31415:long_run:P3: INSERT INTO users (id, email, name) VALUES (?, ?, ?)
[2m2026-05-16T01:09:24.010250Z[0m [32m INFO[0m [2mdashboard_server[0m[2m:[0m Executing on peer L3:lr-31415:long_run:P0: INSERT INTO users (id, email, name) VALUES (?, ?, ?)
[2m2026-05-16T01:09:24.069886Z[0m [32m INFO[0m [2mdashboard_server[0m[2m:[0m Executing on peer L3:lr-31415:long_run:P2: INSERT INTO users (id, email, name) VALUES (?, ?, ?)
[2m2026-05-16T01:09:24.128073Z[0m [32m INFO[0m [2mdashboard_server[0m[2m:[0m Executing on peer L3:lr-31415:long_run:P2: INSERT INTO users (id, email, name) VALUES (?, ?, ?)
[2m2026-05-16T01:09:24.186754Z[0m [32m INFO[0m [2mdashboard_server[0m[2m:[0m Executing on peer L3:lr-31415:long_run:P2: INSERT INTO users (id, email, name) VALUES (?, ?, ?)
[2m2026-05-16T01:09:24.245290Z[0m [32m INFO[0m [2mdashboard_server[0m[2m:[0m Executing on peer L3:lr-31415:long_run:P3: INSERT INTO users (id, email, name) VALUES (?, ?, ?)
[2m2026-05-16T01:09:24.302941Z[0m [32m INFO[0m [2mdashboard_server[0m[2m:[0m Executing on peer L3:lr-31415:long_run:P2: INSERT INTO users (id, email, name) VALUES (?, ?, ?)
[2m2026-05-16T01:09:24.361547Z[0m [32m INFO[0m [2mdashboard_server[0m[2m:[0m Executing on peer L3:lr-31415:long_run:P3: UPDATE users SET name = ? WHERE id = ?
[2m2026-05-16T01:09:24.421065Z[0m [32m INFO[0m [2mdashboard_server[0m[2m:[0m Executing on peer L3:lr-31415:long_run:P2: INSERT INTO users (id, email, name) VALUES (?, ?, ?)
[2m2026-05-16T01:09:24.479580Z[0m [32m INFO[0m [2mdashboard_server[0m[2m:[0m Executing on peer L3:lr-31415:long_run:P1: INSERT INTO users (id, email, name) VALUES (?, ?, ?)
[2m2026-05-16T01:09:24.539214Z[0m [32m INFO[0m [2mdashboard_server[0m[2m:[0m Executing on peer L3:lr-31415:long_run:P0: INSERT INTO users (id, email, name) VALUES (?, ?, ?)
[2m2026-05-16T01:09:24.598414Z[0m [32m INFO[0m [2mdashboard_server[0m[2m:[0m Executing on peer L3:lr-31415:long_run:P1: UPDATE users SET name = ? WHERE id = ?
[2m2026-05-16T01:09:24.658151Z[0m [32m INFO[0m [2mdashboard_server[0m[2m:[0m Executing on peer L3:lr-31415:long_run:P0: DELETE FROM users WHERE id = ?
[2m2026-05-16T01:09:24.718491Z[0m [32m INFO[0m [2mdashboard_server[0m[2m:[0m Executing on peer L3:lr-31415:long_run:P3: INSERT INTO users (id, email, name) VALUES (?, ?, ?)
[2m2026-05-16T01:09:24.777034Z[0m [32m INFO[0m [2mdashboard_server[0m[2m:[0m Executing on peer L3:lr-31415:long_run:P3: INSERT INTO users (id, email, name) VALUES (?, ?, ?)
[2m2026-05-16T01:09:24.835761Z[0m [32m INFO[0m [2mdashboard_server[0m[2m:[0m Executing on peer L3:lr-31415:long_run:P1: INSERT INTO users (id, email, name) VALUES (?, ?, ?)
[2m2026-05-16T01:09:24.991429Z[0m [32m INFO[0m [2mdashboard_server[0m[2m:[0m Executing on peer L3:lr-31415:long_run:P0: INSERT INTO users (id, email, name) VALUES (?, ?, ?)
[2m2026-05-16T01:09:25.050436Z[0m [32m INFO[0m [2mdashboard_server[0m[2m:[0m Sync request: L3:lr-31415:long_run:P3 -> L3:lr-31415:long_run:P1
[2m2026-05-16T01:09:25.149141Z[0m [32m INFO[0m [2mdashboard_server[0m[2m:[0m Executing on peer L3:lr-31415:long_run:P3: INSERT INTO users (id, email, name) VALUES (?, ?, ?)
[2m2026-05-16T01:09:25.208622Z[0m [32m INFO[0m [2mdashboard_server[0m[2m:[0m Executing on peer L3:lr-31415:long_run:P0: INSERT INTO users (id, email, name) VALUES (?, ?, ?)
[2m2026-05-16T01:09:25.267666Z[0m [32m INFO[0m [2mdashboard_server[0m[2m:[0m Executing on peer L3:lr-31415:long_run:P3: UPDATE users SET email = ? WHERE id = ?
[2m2026-05-16T01:09:25.326925Z[0m [32m INFO[0m [2mdashboard_server[0m[2m:[0m Executing on peer L3:lr-31415:long_run:P0: INSERT INTO users (id, email, name) VALUES (?, ?, ?)
[2m2026-05-16T01:09:25.386374Z[0m [32m INFO[0m [2mdashboard_server[0m[2m:[0m Executing on peer L3:lr-31415:long_run:P3: UPDATE users SET email = ? WHERE id = ?
[2m2026-05-16T01:09:25.445483Z[0m [32m INFO[0m [2mdashboard_server[0m[2m:[0m Executing on peer L3:lr-31415:long_run:P0: UPDATE users SET name = ? WHERE id = ?
[2m2026-05-16T01:09:25.505295Z[0m [32m INFO[0m [2mdashboard_server[0m[2m:[0m Executing on peer L3:lr-31415:long_run:P1: UPDATE users SET name = ? WHERE id = ?
[2m2026-05-16T01:09:25.564895Z[0m [32m INFO[0m [2mdashboard_server[0m[2m:[0m Executing on peer L3:lr-31415:long_run:P1: INSERT INTO users (id, email, name) VALUES (?, ?, ?)
[2m2026-05-16T01:09:25.624300Z[0m [32m INFO[0m [2mdashboard_server[0m[2m:[0m Executing on peer L3:lr-31415:long_run:P0: UPDATE users SET email = ? WHERE id = ?
[2m2026-05-16T01:09:25.684264Z[0m [32m INFO[0m [2mdashboard_server[0m[2m:[0m Executing on peer L3:lr-31415:long_run:P3: INSERT INTO users (id, email, name) VALUES (?, ?, ?)
[2m2026-05-16T01:09:25.743788Z[0m [32m INFO[0m [2mdashboard_server[0m[2m:[0m Executing on peer L3:lr-31415:long_run:P3: DELETE FROM users WHERE id = ?
[2m2026-05-16T01:09:25.803915Z[0m [32m INFO[0m [2mdashboard_server[0m[2m:[0m Executing on peer L3:lr-31415:long_run:P3: INSERT INTO users (id, email, name) VALUES (?, ?, ?)
[2m2026-05-16T01:09:25.863024Z[0m [32m INFO[0m [2mdashboard_server[0m[2m:[0m Executing on peer L3:lr-31415:long_run:P3: INSERT INTO users (id, email, name) VALUES (?, ?, ?)
[2m2026-05-16T01:09:25.922327Z[0m [32m INFO[0m [2mdashboard_server[0m[2m:[0m Executing on peer L3:lr-31415:long_run:P2: UPDATE users SET name = ? WHERE id = ?
[2m2026-05-16T01:09:25.982114Z[0m [32m INFO[0m [2mdashboard_server[0m[2m:[0m Sync request: L3:lr-31415:long_run:P1 -> L3:lr-31415:long_run:P3
[2m2026-05-16T01:09:26.081123Z[0m [32m INFO[0m [2mdashboard_server[0m[2m:[0m Executing on peer L3:lr-31415:long_run:P2: INSERT INTO users (id, email, name) VALUES (?, ?, ?)
[2m2026-05-16T01:09:26.142438Z[0m [32m INFO[0m [2mdashboard_server[0m[2m:[0m Executing on peer L3:lr-31415:long_run:P3: INSERT INTO users (id, email, name) VALUES (?, ?, ?)
[2m2026-05-16T01:09:26.201928Z[0m [32m INFO[0m [2mdashboard_server[0m[2m:[0m Executing on peer L3:lr-31415:long_run:P2: INSERT INTO users (id, email, name) VALUES (?, ?, ?)
[2m2026-05-16T01:09:26.260681Z[0m [32m INFO[0m [2mdashboard_server[0m[2m:[0m Executing on peer L3:lr-31415:long_run:P1: INSERT INTO users (id, email, name) VALUES (?, ?, ?)
[2m2026-05-16T01:09:26.320425Z[0m [32m INFO[0m [2mdashboard_server[0m[2m:[0m Executing on peer L3:lr-31415:long_run:P1: UPDATE users SET email = ? WHERE id = ?
[2m2026-05-16T01:09:26.380746Z[0m [32m INFO[0m [2mdashboard_server[0m[2m:[0m Executing on peer L3:lr-31415:long_run:P1: INSERT INTO users (id, email, name) VALUES (?, ?, ?)
[2m2026-05-16T01:09:26.440031Z[0m [32m INFO[0m [2mdashboard_server[0m[2m:[0m Executing on peer L3:lr-31415:long_run:P3: UPDATE users SET name = ? WHERE id = ?
[2m2026-05-16T01:09:26.499845Z[0m [32m INFO[0m [2mdashboard_server[0m[2m:[0m Sync request: L3:lr-31415:long_run:P3 -> L3:lr-31415:long_run:P1
[2m2026-05-16T01:09:26.598502Z[0m [32m INFO[0m [2mdashboard_server[0m[2m:[0m Executing on peer L3:lr-31415:long_run:P2: UPDATE users SET email = ? WHERE id = ?
[2m2026-05-16T01:09:26.658553Z[0m [32m INFO[0m [2mdashboard_server[0m[2m:[0m Executing on peer L3:lr-31415:long_run:P3: INSERT INTO users (id, email, name) VALUES (?, ?, ?)
[2m2026-05-16T01:09:26.717539Z[0m [32m INFO[0m [2mdashboard_server[0m[2m:[0m Executing on peer L3:lr-31415:long_run:P0: INSERT INTO users (id, email, name) VALUES (?, ?, ?)
[2m2026-05-16T01:09:26.776737Z[0m [32m INFO[0m [2mdashboard_server[0m[2m:[0m Executing on peer L3:lr-31415:long_run:P3: INSERT INTO users (id, email, name) VALUES (?, ?, ?)
[2m2026-05-16T01:09:26.835959Z[0m [32m INFO[0m [2mdashboard_server[0m[2m:[0m Executing on peer L3:lr-31415:long_run:P2: INSERT INTO users (id, email, name) VALUES (?, ?, ?)
[2m2026-05-16T01:09:26.992415Z[0m [32m INFO[0m [2mdashboard_server[0m[2m:[0m Executing on peer L3:lr-31415:long_run:P0: INSERT INTO users (id, email, name) VALUES (?, ?, ?)
[2m2026-05-16T01:09:27.051641Z[0m [32m INFO[0m [2mdashboard_server[0m[2m:[0m Executing on peer L3:lr-31415:long_run:P2: INSERT INTO users (id, email, name) VALUES (?, ?, ?)
[2m2026-05-16T01:09:27.110914Z[0m [32m INFO[0m [2mdashboard_server[0m[2m:[0m Executing on peer L3:lr-31415:long_run:P3: INSERT INTO users (id, email, name) VALUES (?, ?, ?)
[2m2026-05-16T01:09:27.169942Z[0m [32m INFO[0m [2mdashboard_server[0m[2m:[0m Executing on peer L3:lr-31415:long_run:P3: INSERT INTO users (id, email, name) VALUES (?, ?, ?)
[2m2026-05-16T01:09:27.229362Z[0m [32m INFO[0m [2mdashboard_server[0m[2m:[0m Executing on peer L3:lr-31415:long_run:P3: INSERT INTO users (id, email, name) VALUES (?, ?, ?)
[2m2026-05-16T01:09:27.289134Z[0m [32m INFO[0m [2mdashboard_server[0m[2m:[0m Sync request: L3:lr-31415:long_run:P2 -> L3:lr-31415:long_run:P3
[2m2026-05-16T01:09:27.392532Z[0m [32m INFO[0m [2mdashboard_server[0m[2m:[0m Executing on peer L3:lr-31415:long_run:P1: INSERT INTO users (id, email, name) VALUES (?, ?, ?)
[2m2026-05-16T01:09:27.452773Z[0m [32m INFO[0m [2mdashboard_server[0m[2m:[0m Executing on peer L3:lr-31415:long_run:P1: INSERT INTO users (id, email, name) VALUES (?, ?, ?)
[2m2026-05-16T01:09:27.511944Z[0m [32m INFO[0m [2mdashboard_server[0m[2m:[0m Sync request: L3:lr-31415:long_run:P1 -> L3:lr-31415:long_run:P3
[2m2026-05-16T01:09:27.613004Z[0m [32m INFO[0m [2mdashboard_server[0m[2m:[0m Executing on peer L3:lr-31415:long_run:P1: INSERT INTO users (id, email, name) VALUES (?, ?, ?)
[2m2026-05-16T01:09:27.672832Z[0m [32m INFO[0m [2mdashboard_server[0m[2m:[0m Executing on peer L3:lr-31415:long_run:P3: UPDATE users SET name = ? WHERE id = ?
[2m2026-05-16T01:09:27.733463Z[0m [32m INFO[0m [2mdashboard_server[0m[2m:[0m Sync request: L3:lr-31415:long_run:P0 -> L3:lr-31415:long_run:P2
[2m2026-05-16T01:09:27.837904Z[0m [32m INFO[0m [2mdashboard_server[0m[2m:[0m Executing on peer L3:lr-31415:long_run:P0: INSERT INTO users (id, email, name) VALUES (?, ?, ?)
[2m2026-05-16T01:09:27.897712Z[0m [32m INFO[0m [2mdashboard_server[0m[2m:[0m Executing on peer L3:lr-31415:long_run:P2: UPDATE users SET email = ? WHERE id = ?
[2m2026-05-16T01:09:27.958981Z[0m [32m INFO[0m [2mdashboard_server[0m[2m:[0m Executing on peer L3:lr-31415:long_run:P0: UPDATE users SET email = ? WHERE id = ?
[2m2026-05-16T01:09:28.019997Z[0m [32m INFO[0m [2mdashboard_server[0m[2m:[0m Executing on peer L3:lr-31415:long_run:P3: UPDATE users SET name = ? WHERE id = ?
[2m2026-05-16T01:09:28.080817Z[0m [32m INFO[0m [2mdashboard_server[0m[2m:[0m Sync request: L3:lr-31415:long_run:P1 -> L3:lr-31415:long_run:P0
[2m2026-05-16T01:09:28.183449Z[0m [32m INFO[0m [2mdashboard_server[0m[2m:[0m Executing on peer L3:lr-31415:long_run:P2: INSERT INTO users (id, email, name) VALUES (?, ?, ?)
[2m2026-05-16T01:09:28.243836Z[0m [32m INFO[0m [2mdashboard_server[0m[2m:[0m Executing on peer L3:lr-31415:long_run:P3: INSERT INTO users (id, email, name) VALUES (?, ?, ?)
[2m2026-05-16T01:09:28.303126Z[0m [32m INFO[0m [2mdashboard_server[0m[2m:[0m Sync request: L3:lr-31415:long_run:P1 -> L3:lr-31415:long_run:P0
[2m2026-05-16T01:09:28.404769Z[0m [32m INFO[0m [2mdashboard_server[0m[2m:[0m Executing on peer L3:lr-31415:long_run:P3: INSERT INTO users (id, email, name) VALUES (?, ?, ?)
[2m2026-05-16T01:09:28.465778Z[0m [32m INFO[0m [2mdashboard_server[0m[2m:[0m Executing on peer L3:lr-31415:long_run:P1: INSERT INTO users (id, email, name) VALUES (?, ?, ?)
[2m2026-05-16T01:09:28.526190Z[0m [32m INFO[0m [2mdashboard_server[0m[2m:[0m Executing on peer L3:lr-31415:long_run:P1: UPDATE users SET email = ? WHERE id = ?
[2m2026-05-16T01:09:28.587922Z[0m [32m INFO[0m [2mdashboard_server[0m[2m:[0m Executing on peer L3:lr-31415:long_run:P2: INSERT INTO users (id, email, name) VALUES (?, ?, ?)
[2m2026-05-16T01:09:28.649609Z[0m [32m INFO[0m [2mdashboard_server[0m[2m:[0m Sync request: L3:lr-31415:long_run:P2 -> L3:lr-31415:long_run:P1
[2m2026-05-16T01:09:28.751643Z[0m [32m INFO[0m [2mdashboard_server[0m[2m:[0m Executing on peer L3:lr-31415:long_run:P2: INSERT INTO users (id, email, name) VALUES (?, ?, ?)
[2m2026-05-16T01:09:28.811599Z[0m [32m INFO[0m [2mdashboard_server[0m[2m:[0m Executing on peer L3:lr-31415:long_run:P3: INSERT INTO users (id, email, name) VALUES (?, ?, ?)
[2m2026-05-16T01:09:28.972112Z[0m [32m INFO[0m [2mdashboard_server[0m[2m:[0m Executing on peer L3:lr-31415:long_run:P3: INSERT INTO users (id, email, name) VALUES (?, ?, ?)
[2m2026-05-16T01:09:29.032700Z[0m [32m INFO[0m [2mdashboard_server[0m[2m:[0m Executing on peer L3:lr-31415:long_run:P0: UPDATE users SET name = ? WHERE id = ?
[2m2026-05-16T01:09:29.093285Z[0m [32m INFO[0m [2mdashboard_server[0m[2m:[0m Sync request: L3:lr-31415:long_run:P2 -> L3:lr-31415:long_run:P0
[2m2026-05-16T01:09:29.194614Z[0m [32m INFO[0m [2mdashboard_server[0m[2m:[0m Executing on peer L3:lr-31415:long_run:P0: UPDATE users SET email = ? WHERE id = ?
[2m2026-05-16T01:09:29.256289Z[0m [32m INFO[0m [2mdashboard_server[0m[2m:[0m Executing on peer L3:lr-31415:long_run:P1: INSERT INTO users (id, email, name) VALUES (?, ?, ?)
[2m2026-05-16T01:09:29.317966Z[0m [32m INFO[0m [2mdashboard_server[0m[2m:[0m Sync request: L3:lr-31415:long_run:P0 -> L3:lr-31415:long_run:P1
[2m2026-05-16T01:09:29.420058Z[0m [32m INFO[0m [2mdashboard_server[0m[2m:[0m Executing on peer L3:lr-31415:long_run:P0: INSERT INTO users (id, email, name) VALUES (?, ?, ?)
[2m2026-05-16T01:09:29.481035Z[0m [32m INFO[0m [2mdashboard_server[0m[2m:[0m Executing on peer L3:lr-31415:long_run:P3: INSERT INTO users (id, email, name) VALUES (?, ?, ?)
[2m2026-05-16T01:09:29.542511Z[0m [32m INFO[0m [2mdashboard_server[0m[2m:[0m Executing on peer L3:lr-31415:long_run:P1: INSERT INTO users (id, email, name) VALUES (?, ?, ?)
[2m2026-05-16T01:09:29.603620Z[0m [32m INFO[0m [2mdashboard_server[0m[2m:[0m Executing on peer L3:lr-31415:long_run:P3: INSERT INTO users (id, email, name) VALUES (?, ?, ?)
[2m2026-05-16T01:09:29.665113Z[0m [32m INFO[0m [2mdashboard_server[0m[2m:[0m Executing on peer L3:lr-31415:long_run:P3: INSERT INTO users (id, email, name) VALUES (?, ?, ?)
[2m2026-05-16T01:09:29.726506Z[0m [32m INFO[0m [2mdashboard_server[0m[2m:[0m Executing on peer L3:lr-31415:long_run:P2: UPDATE users SET name = ? WHERE id = ?
[2m2026-05-16T01:09:29.788670Z[0m [32m INFO[0m [2mdashboard_server[0m[2m:[0m Executing on peer L3:lr-31415:long_run:P2: INSERT INTO users (id, email, name) VALUES (?, ?, ?)
[2m2026-05-16T01:09:29.850589Z[0m [32m INFO[0m [2mdashboard_server[0m[2m:[0m Executing on peer L3:lr-31415:long_run:P1: UPDATE users SET name = ? WHERE id = ?
[2m2026-05-16T01:09:29.912024Z[0m [32m INFO[0m [2mdashboard_server[0m[2m:[0m Executing on peer L3:lr-31415:long_run:P1: UPDATE users SET email = ? WHERE id = ?
[2m2026-05-16T01:09:29.973970Z[0m [32m INFO[0m [2mdashboard_server[0m[2m:[0m Sync request: L3:lr-31415:long_run:P2 -> L3:lr-31415:long_run:P1
[2m2026-05-16T01:09:30.076353Z[0m [32m INFO[0m [2mdashboard_server[0m[2m:[0m Executing on peer L3:lr-31415:long_run:P2: UPDATE users SET name = ? WHERE id = ?
[2m2026-05-16T01:09:30.138385Z[0m [32m INFO[0m [2mdashboard_server[0m[2m:[0m Executing on peer L3:lr-31415:long_run:P2: INSERT INTO users (id, email, name) VALUES (?, ?, ?)
[2m2026-05-16T01:09:30.200359Z[0m [32m INFO[0m [2mdashboard_server[0m[2m:[0m Executing on peer L3:lr-31415:long_run:P2: INSERT INTO users (id, email, name) VALUES (?, ?, ?)
[2m2026-05-16T01:09:30.261153Z[0m [32m INFO[0m [2mdashboard_server[0m[2m:[0m Executing on peer L3:lr-31415:long_run:P2: INSERT INTO users (id, email, name) VALUES (?, ?, ?)
[2m2026-05-16T01:09:30.323182Z[0m [32m INFO[0m [2mdashboard_server[0m[2m:[0m Executing on peer L3:lr-31415:long_run:P3: INSERT INTO users (id, email, name) VALUES (?, ?, ?)
[2m2026-05-16T01:09:30.385144Z[0m [32m INFO[0m [2mdashboard_server[0m[2m:[0m Executing on peer L3:lr-31415:long_run:P2: INSERT INTO users (id, email, name) VALUES (?, ?, ?)
[2m2026-05-16T01:09:30.446946Z[0m [32m INFO[0m [2mdashboard_server[0m[2m:[0m Executing on peer L3:lr-31415:long_run:P3: UPDATE users SET name = ? WHERE id = ?
[2m2026-05-16T01:09:30.509067Z[0m [32m INFO[0m [2mdashboard_server[0m[2m:[0m Executing on peer L3:lr-31415:long_run:P2: INSERT INTO users (id, email, name) VALUES (?, ?, ?)
[2m2026-05-16T01:09:30.570419Z[0m [32m INFO[0m [2mdashboard_server[0m[2m:[0m Executing on peer L3:lr-31415:long_run:P2: UPDATE users SET name = ? WHERE id = ?
[2m2026-05-16T01:09:30.633085Z[0m [32m INFO[0m [2mdashboard_server[0m[2m:[0m Executing on peer L3:lr-31415:long_run:P1: INSERT INTO users (id, email, name) VALUES (?, ?, ?)
[2m2026-05-16T01:09:30.694649Z[0m [32m INFO[0m [2mdashboard_server[0m[2m:[0m Executing on peer L3:lr-31415:long_run:P2: INSERT INTO users (id, email, name) VALUES (?, ?, ?)
[2m2026-05-16T01:09:30.756431Z[0m [32m INFO[0m [2mdashboard_server[0m[2m:[0m Executing on peer L3:lr-31415:long_run:P0: INSERT INTO users (id, email, name) VALUES (?, ?, ?)
[2m2026-05-16T01:09:30.818117Z[0m [32m INFO[0m [2mdashboard_server[0m[2m:[0m Executing on peer L3:lr-31415:long_run:P0: INSERT INTO users (id, email, name) VALUES (?, ?, ?)
[2m2026-05-16T01:09:30.980410Z[0m [32m INFO[0m [2mdashboard_server[0m[2m:[0m Sync request: L3:lr-31415:long_run:P1 -> L3:lr-31415:long_run:P0
[2m2026-05-16T01:09:31.082785Z[0m [32m INFO[0m [2mdashboard_server[0m[2m:[0m Executing on peer L3:lr-31415:long_run:P2: INSERT INTO users (id, email, name) VALUES (?, ?, ?)
[2m2026-05-16T01:09:31.146323Z[0m [32m INFO[0m [2mdashboard_server[0m[2m:[0m Executing on peer L3:lr-31415:long_run:P1: INSERT INTO users (id, email, name) VALUES (?, ?, ?)
[2m2026-05-16T01:09:31.208256Z[0m [32m INFO[0m [2mdashboard_server[0m[2m:[0m Executing on peer L3:lr-31415:long_run:P3: UPDATE users SET email = ? WHERE id = ?
[2m2026-05-16T01:09:31.270455Z[0m [32m INFO[0m [2mdashboard_server[0m[2m:[0m Executing on peer L3:lr-31415:long_run:P2: INSERT INTO users (id, email, name) VALUES (?, ?, ?)
[2m2026-05-16T01:09:31.333391Z[0m [32m INFO[0m [2mdashboard_server[0m[2m:[0m Sync request: L3:lr-31415:long_run:P1 -> L3:lr-31415:long_run:P2
[2m2026-05-16T01:09:31.438277Z[0m [32m INFO[0m [2mdashboard_server[0m[2m:[0m Executing on peer L3:lr-31415:long_run:P3: INSERT INTO users (id, email, name) VALUES (?, ?, ?)
[2m2026-05-16T01:09:31.499845Z[0m [32m INFO[0m [2mdashboard_server[0m[2m:[0m Executing on peer L3:lr-31415:long_run:P0: INSERT INTO users (id, email, name) VALUES (?, ?, ?)
[2m2026-05-16T01:09:31.561037Z[0m [32m INFO[0m [2mdashboard_server[0m[2m:[0m Executing on peer L3:lr-31415:long_run:P1: INSERT INTO users (id, email, name) VALUES (?, ?, ?)
[2m2026-05-16T01:09:31.622718Z[0m [32m INFO[0m [2mdashboard_server[0m[2m:[0m Executing on peer L3:lr-31415:long_run:P0: INSERT INTO users (id, email, name) VALUES (?, ?, ?)
[2m2026-05-16T01:09:31.685138Z[0m [32m INFO[0m [2mdashboard_server[0m[2m:[0m Executing on peer L3:lr-31415:long_run:P2: INSERT INTO users (id, email, name) VALUES (?, ?, ?)
[2m2026-05-16T01:09:31.747266Z[0m [32m INFO[0m [2mdashboard_server[0m[2m:[0m Sync request: L3:lr-31415:long_run:P3 -> L3:lr-31415:long_run:P0
[2m2026-05-16T01:09:31.853981Z[0m [32m INFO[0m [2mdashboard_server[0m[2m:[0m Executing on peer L3:lr-31415:long_run:P3: INSERT INTO users (id, email, name) VALUES (?, ?, ?)
[2m2026-05-16T01:09:31.916327Z[0m [32m INFO[0m [2mdashboard_server[0m[2m:[0m Executing on peer L3:lr-31415:long_run:P1: INSERT INTO users (id, email, name) VALUES (?, ?, ?)
[2m2026-05-16T01:09:31.978366Z[0m [32m INFO[0m [2mdashboard_server[0m[2m:[0m Executing on peer L3:lr-31415:long_run:P1: INSERT INTO users (id, email, name) VALUES (?, ?, ?)
[2m2026-05-16T01:09:32.040161Z[0m [32m INFO[0m [2mdashboard_server[0m[2m:[0m Executing on peer L3:lr-31415:long_run:P1: UPDATE users SET email = ? WHERE id = ?
[2m2026-05-16T01:09:32.103026Z[0m [32m INFO[0m [2mdashboard_server[0m[2m:[0m Executing on peer L3:lr-31415:long_run:P0: UPDATE users SET name = ? WHERE id = ?
[2m2026-05-16T01:09:32.165959Z[0m [32m INFO[0m [2mdashboard_server[0m[2m:[0m Executing on peer L3:lr-31415:long_run:P1: INSERT INTO users (id, email, name) VALUES (?, ?, ?)
[2m2026-05-16T01:09:32.228404Z[0m [32m INFO[0m [2mdashboard_server[0m[2m:[0m Executing on peer L3:lr-31415:long_run:P1: INSERT INTO users (id, email, name) VALUES (?, ?, ?)
[2m2026-05-16T01:09:32.290802Z[0m [32m INFO[0m [2mdashboard_server[0m[2m:[0m Sync request: L3:lr-31415:long_run:P2 -> L3:lr-31415:long_run:P3
[2m2026-05-16T01:09:32.398697Z[0m [32m INFO[0m [2mdashboard_server[0m[2m:[0m Executing on peer L3:lr-31415:long_run:P1: INSERT INTO users (id, email, name) VALUES (?, ?, ?)
[2m2026-05-16T01:09:32.461406Z[0m [32m INFO[0m [2mdashboard_server[0m[2m:[0m Sync request: L3:lr-31415:long_run:P3 -> L3:lr-31415:long_run:P0
[2m2026-05-16T01:09:32.566979Z[0m [32m INFO[0m [2mdashboard_server[0m[2m:[0m Executing on peer L3:lr-31415:long_run:P3: INSERT INTO users (id, email, name) VALUES (?, ?, ?)
[2m2026-05-16T01:09:32.630080Z[0m [32m INFO[0m [2mdashboard_server[0m[2m:[0m Executing on peer L3:lr-31415:long_run:P2: INSERT INTO users (id, email, name) VALUES (?, ?, ?)
[2m2026-05-16T01:09:32.693609Z[0m [32m INFO[0m [2mdashboard_server[0m[2m:[0m Executing on peer L3:lr-31415:long_run:P3: INSERT INTO users (id, email, name) VALUES (?, ?, ?)
[2m2026-05-16T01:09:32.757269Z[0m [32m INFO[0m [2mdashboard_server[0m[2m:[0m Executing on peer L3:lr-31415:long_run:P1: INSERT INTO users (id, email, name) VALUES (?, ?, ?)
[2m2026-05-16T01:09:32.820506Z[0m [32m INFO[0m [2mdashboard_server[0m[2m:[0m Executing on peer L3:lr-31415:long_run:P3: INSERT INTO users (id, email, name) VALUES (?, ?, ?)
[2m2026-05-16T01:09:32.987878Z[0m [32m INFO[0m [2mdashboard_server[0m[2m:[0m Executing on peer L3:lr-31415:long_run:P1: INSERT INTO users (id, email, name) VALUES (?, ?, ?)
[2m2026-05-16T01:09:33.051050Z[0m [32m INFO[0m [2mdashboard_server[0m[2m:[0m Executing on peer L3:lr-31415:long_run:P1: INSERT INTO users (id, email, name) VALUES (?, ?, ?)
[2m2026-05-16T01:09:33.114532Z[0m [32m INFO[0m [2mdashboard_server[0m[2m:[0m Executing on peer L3:lr-31415:long_run:P2: DELETE FROM users WHERE id = ?
[2m2026-05-16T01:09:33.177458Z[0m [32m INFO[0m [2mdashboard_server[0m[2m:[0m Executing on peer L3:lr-31415:long_run:P0: INSERT INTO users (id, email, name) VALUES (?, ?, ?)
[2m2026-05-16T01:09:33.242191Z[0m [32m INFO[0m [2mdashboard_server[0m[2m:[0m Executing on peer L3:lr-31415:long_run:P1: INSERT INTO users (id, email, name) VALUES (?, ?, ?)
[2m2026-05-16T01:09:33.304631Z[0m [32m INFO[0m [2mdashboard_server[0m[2m:[0m Executing on peer L3:lr-31415:long_run:P0: UPDATE users SET email = ? WHERE id = ?
[2m2026-05-16T01:09:33.370207Z[0m [32m INFO[0m [2mdashboard_server[0m[2m:[0m Executing on peer L3:lr-31415:long_run:P1: INSERT INTO users (id, email, name) VALUES (?, ?, ?)
[2m2026-05-16T01:09:33.433490Z[0m [32m INFO[0m [2mdashboard_server[0m[2m:[0m Sync request: L3:lr-31415:long_run:P3 -> L3:lr-31415:long_run:P2
[2m2026-05-16T01:09:33.540525Z[0m [32m INFO[0m [2mdashboard_server[0m[2m:[0m Executing on peer L3:lr-31415:long_run:P3: DELETE FROM users WHERE id = ?
[2m2026-05-16T01:09:33.603782Z[0m [32m INFO[0m [2mdashboard_server[0m[2m:[0m Executing on peer L3:lr-31415:long_run:P1: INSERT INTO users (id, email, name) VALUES (?, ?, ?)
[2m2026-05-16T01:09:33.666771Z[0m [32m INFO[0m [2mdashboard_server[0m[2m:[0m Sync request: L3:lr-31415:long_run:P0 -> L3:lr-31415:long_run:P3
[2m2026-05-16T01:09:33.773286Z[0m [32m INFO[0m [2mdashboard_server[0m[2m:[0m Executing on peer L3:lr-31415:long_run:P3: INSERT INTO users (id, email, name) VALUES (?, ?, ?)
[2m2026-05-16T01:09:33.836587Z[0m [32m INFO[0m [2mdashboard_server[0m[2m:[0m Executing on peer L3:lr-31415:long_run:P3: INSERT INTO users (id, email, name) VALUES (?, ?, ?)
[2m2026-05-16T01:09:33.900041Z[0m [32m INFO[0m [2mdashboard_server[0m[2m:[0m Executing on peer L3:lr-31415:long_run:P2: INSERT INTO users (id, email, name) VALUES (?, ?, ?)
[2m2026-05-16T01:09:33.962934Z[0m [32m INFO[0m [2mdashboard_server[0m[2m:[0m Sync request: L3:lr-31415:long_run:P0 -> L3:lr-31415:long_run:P1
[2m2026-05-16T01:09:34.073008Z[0m [32m INFO[0m [2mdashboard_server[0m[2m:[0m Executing on peer L3:lr-31415:long_run:P0: INSERT INTO users (id, email, name) VALUES (?, ?, ?)
[2m2026-05-16T01:09:34.137102Z[0m [32m INFO[0m [2mdashboard_server[0m[2m:[0m Executing on peer L3:lr-31415:long_run:P3: INSERT INTO users (id, email, name) VALUES (?, ?, ?)
[2m2026-05-16T01:09:34.201367Z[0m [32m INFO[0m [2mdashboard_server[0m[2m:[0m Executing on peer L3:lr-31415:long_run:P2: UPDATE users SET email = ? WHERE id = ?
[2m2026-05-16T01:09:34.265589Z[0m [32m INFO[0m [2mdashboard_server[0m[2m:[0m Executing on peer L3:lr-31415:long_run:P3: INSERT INTO users (id, email, name) VALUES (?, ?, ?)
[2m2026-05-16T01:09:34.329109Z[0m [32m INFO[0m [2mdashboard_server[0m[2m:[0m Executing on peer L3:lr-31415:long_run:P2: UPDATE users SET email = ? WHERE id = ?
[2m2026-05-16T01:09:34.393859Z[0m [32m INFO[0m [2mdashboard_server[0m[2m:[0m Executing on peer L3:lr-31415:long_run:P3: INSERT INTO users (id, email, name) VALUES (?, ?, ?)
[2m2026-05-16T01:09:34.457617Z[0m [32m INFO[0m [2mdashboard_server[0m[2m:[0m Sync request: L3:lr-31415:long_run:P1 -> L3:lr-31415:long_run:P3
[2m2026-05-16T01:09:34.567432Z[0m [32m INFO[0m [2mdashboard_server[0m[2m:[0m Executing on peer L3:lr-31415:long_run:P2: INSERT INTO users (id, email, name) VALUES (?, ?, ?)
[2m2026-05-16T01:09:34.630989Z[0m [32m INFO[0m [2mdashboard_server[0m[2m:[0m Executing on peer L3:lr-31415:long_run:P1: INSERT INTO users (id, email, name) VALUES (?, ?, ?)
[2m2026-05-16T01:09:34.695382Z[0m [32m INFO[0m [2mdashboard_server[0m[2m:[0m Executing on peer L3:lr-31415:long_run:P0: UPDATE users SET name = ? WHERE id = ?
[2m2026-05-16T01:09:34.760811Z[0m [32m INFO[0m [2mdashboard_server[0m[2m:[0m Executing on peer L3:lr-31415:long_run:P3: INSERT INTO users (id, email, name) VALUES (?, ?, ?)
[2m2026-05-16T01:09:34.825936Z[0m [32m INFO[0m [2mdashboard_server[0m[2m:[0m Executing on peer L3:lr-31415:long_run:P3: DELETE FROM users WHERE id = ?
[2m2026-05-16T01:09:35.009607Z[0m [32m INFO[0m [2mdashboard_server[0m[2m:[0m Executing on peer L3:lr-31415:long_run:P0: INSERT INTO users (id, email, name) VALUES (?, ?, ?)
[2m2026-05-16T01:09:35.086185Z[0m [32m INFO[0m [2mdashboard_server[0m[2m:[0m Executing on peer L3:lr-31415:long_run:P2: INSERT INTO users (id, email, name) VALUES (?, ?, ?)
[2m2026-05-16T01:09:35.152387Z[0m [32m INFO[0m [2mdashboard_server[0m[2m:[0m Executing on peer L3:lr-31415:long_run:P2: INSERT INTO users (id, email, name) VALUES (?, ?, ?)
[2m2026-05-16T01:09:35.217423Z[0m [32m INFO[0m [2mdashboard_server[0m[2m:[0m Executing on peer L3:lr-31415:long_run:P1: INSERT INTO users (id, email, name) VALUES (?, ?, ?)
[2m2026-05-16T01:09:35.282408Z[0m [32m INFO[0m [2mdashboard_server[0m[2m:[0m Executing on peer L3:lr-31415:long_run:P2: INSERT INTO users (id, email, name) VALUES (?, ?, ?)
[2m2026-05-16T01:09:35.347534Z[0m [32m INFO[0m [2mdashboard_server[0m[2m:[0m Executing on peer L3:lr-31415:long_run:P2: INSERT INTO users (id, email, name) VALUES (?, ?, ?)
[2m2026-05-16T01:09:35.411164Z[0m [32m INFO[0m [2mdashboard_server[0m[2m:[0m Executing on peer L3:lr-31415:long_run:P3: UPDATE users SET email = ? WHERE id = ?
[2m2026-05-16T01:09:35.477001Z[0m [32m INFO[0m [2mdashboard_server[0m[2m:[0m Executing on peer L3:lr-31415:long_run:P3: INSERT INTO users (id, email, name) VALUES (?, ?, ?)
[2m2026-05-16T01:09:35.541547Z[0m [32m INFO[0m [2mdashboard_server[0m[2m:[0m Executing on peer L3:lr-31415:long_run:P3: UPDATE users SET email = ? WHERE id = ?
[2m2026-05-16T01:09:35.606708Z[0m [32m INFO[0m [2mdashboard_server[0m[2m:[0m Executing on peer L3:lr-31415:long_run:P1: INSERT INTO users (id, email, name) VALUES (?, ?, ?)
[2m2026-05-16T01:09:35.671311Z[0m [32m INFO[0m [2mdashboard_server[0m[2m:[0m Executing on peer L3:lr-31415:long_run:P0: INSERT INTO users (id, email, name) VALUES (?, ?, ?)
[2m2026-05-16T01:09:35.736362Z[0m [32m INFO[0m [2mdashboard_server[0m[2m:[0m Executing on peer L3:lr-31415:long_run:P2: INSERT INTO users (id, email, name) VALUES (?, ?, ?)
[2m2026-05-16T01:09:35.801648Z[0m [32m INFO[0m [2mdashboard_server[0m[2m:[0m Executing on peer L3:lr-31415:long_run:P2: INSERT INTO users (id, email, name) VALUES (?, ?, ?)
[2m2026-05-16T01:09:35.866513Z[0m [32m INFO[0m [2mdashboard_server[0m[2m:[0m Executing on peer L3:lr-31415:long_run:P3: DELETE FROM users WHERE id = ?
[2m2026-05-16T01:09:35.931690Z[0m [32m INFO[0m [2mdashboard_server[0m[2m:[0m Executing on peer L3:lr-31415:long_run:P0: INSERT INTO users (id, email, name) VALUES (?, ?, ?)
[2m2026-05-16T01:09:35.995077Z[0m [32m INFO[0m [2mdashboard_server[0m[2m:[0m Executing on peer L3:lr-31415:long_run:P0: DELETE FROM users WHERE id = ?
[2m2026-05-16T01:09:36.059677Z[0m [32m INFO[0m [2mdashboard_server[0m[2m:[0m Sync request: L3:lr-31415:long_run:P3 -> L3:lr-31415:long_run:P1
[2m2026-05-16T01:09:36.172174Z[0m [32m INFO[0m [2mdashboard_server[0m[2m:[0m Executing on peer L3:lr-31415:long_run:P3: UPDATE users SET email = ? WHERE id = ?
[2m2026-05-16T01:09:36.237669Z[0m [32m INFO[0m [2mdashboard_server[0m[2m:[0m Executing on peer L3:lr-31415:long_run:P2: INSERT INTO users (id, email, name) VALUES (?, ?, ?)
[2m2026-05-16T01:09:36.300859Z[0m [32m INFO[0m [2mdashboard_server[0m[2m:[0m Executing on peer L3:lr-31415:long_run:P3: INSERT INTO users (id, email, name) VALUES (?, ?, ?)
[2m2026-05-16T01:09:36.365739Z[0m [32m INFO[0m [2mdashboard_server[0m[2m:[0m Executing on peer L3:lr-31415:long_run:P0: INSERT INTO users (id, email, name) VALUES (?, ?, ?)
[2m2026-05-16T01:09:36.430389Z[0m [32m INFO[0m [2mdashboard_server[0m[2m:[0m Executing on peer L3:lr-31415:long_run:P2: INSERT INTO users (id, email, name) VALUES (?, ?, ?)
[2m2026-05-16T01:09:36.494291Z[0m [32m INFO[0m [2mdashboard_server[0m[2m:[0m Executing on peer L3:lr-31415:long_run:P3: INSERT INTO users (id, email, name) VALUES (?, ?, ?)
[2m2026-05-16T01:09:36.559316Z[0m [32m INFO[0m [2mdashboard_server[0m[2m:[0m Executing on peer L3:lr-31415:long_run:P1: UPDATE users SET email = ? WHERE id = ?
[2m2026-05-16T01:09:36.624757Z[0m [32m INFO[0m [2mdashboard_server[0m[2m:[0m Executing on peer L3:lr-31415:long_run:P0: UPDATE users SET email = ? WHERE id = ?
[2m2026-05-16T01:09:36.690299Z[0m [32m INFO[0m [2mdashboard_server[0m[2m:[0m Executing on peer L3:lr-31415:long_run:P0: INSERT INTO users (id, email, name) VALUES (?, ?, ?)
[2m2026-05-16T01:09:36.755162Z[0m [32m INFO[0m [2mdashboard_server[0m[2m:[0m Executing on peer L3:lr-31415:long_run:P2: INSERT INTO users (id, email, name) VALUES (?, ?, ?)
[2m2026-05-16T01:09:36.819641Z[0m [32m INFO[0m [2mdashboard_server[0m[2m:[0m Executing on peer L3:lr-31415:long_run:P1: INSERT INTO users (id, email, name) VALUES (?, ?, ?)
[2m2026-05-16T01:09:36.990223Z[0m [32m INFO[0m [2mdashboard_server[0m[2m:[0m Executing on peer L3:lr-31415:long_run:P3: INSERT INTO users (id, email, name) VALUES (?, ?, ?)
[2m2026-05-16T01:09:37.054891Z[0m [32m INFO[0m [2mdashboard_server[0m[2m:[0m Executing on peer L3:lr-31415:long_run:P0: UPDATE users SET name = ? WHERE id = ?
[2m2026-05-16T01:09:37.120533Z[0m [32m INFO[0m [2mdashboard_server[0m[2m:[0m Executing on peer L3:lr-31415:long_run:P3: INSERT INTO users (id, email, name) VALUES (?, ?, ?)
[2m2026-05-16T01:09:37.185078Z[0m [32m INFO[0m [2mdashboard_server[0m[2m:[0m Executing on peer L3:lr-31415:long_run:P2: INSERT INTO users (id, email, name) VALUES (?, ?, ?)
[2m2026-05-16T01:09:37.250257Z[0m [32m INFO[0m [2mdashboard_server[0m[2m:[0m Executing on peer L3:lr-31415:long_run:P2: INSERT INTO users (id, email, name) VALUES (?, ?, ?)
[2m2026-05-16T01:09:37.315253Z[0m [32m INFO[0m [2mdashboard_server[0m[2m:[0m Executing on peer L3:lr-31415:long_run:P2: INSERT INTO users (id, email, name) VALUES (?, ?, ?)
[2m2026-05-16T01:09:37.379962Z[0m [32m INFO[0m [2mdashboard_server[0m[2m:[0m Executing on peer L3:lr-31415:long_run:P2: INSERT INTO users (id, email, name) VALUES (?, ?, ?)
[2m2026-05-16T01:09:37.444462Z[0m [32m INFO[0m [2mdashboard_server[0m[2m:[0m Executing on peer L3:lr-31415:long_run:P1: INSERT INTO users (id, email, name) VALUES (?, ?, ?)
[2m2026-05-16T01:09:37.510048Z[0m [32m INFO[0m [2mdashboard_server[0m[2m:[0m Executing on peer L3:lr-31415:long_run:P3: INSERT INTO users (id, email, name) VALUES (?, ?, ?)
[2m2026-05-16T01:09:37.574779Z[0m [32m INFO[0m [2mdashboard_server[0m[2m:[0m Executing on peer L3:lr-31415:long_run:P2: INSERT INTO users (id, email, name) VALUES (?, ?, ?)
[2m2026-05-16T01:09:37.639659Z[0m [32m INFO[0m [2mdashboard_server[0m[2m:[0m Executing on peer L3:lr-31415:long_run:P1: INSERT INTO users (id, email, name) VALUES (?, ?, ?)
[2m2026-05-16T01:09:37.704751Z[0m [32m INFO[0m [2mdashboard_server[0m[2m:[0m Executing on peer L3:lr-31415:long_run:P3: INSERT INTO users (id, email, name) VALUES (?, ?, ?)
[2m2026-05-16T01:09:37.769634Z[0m [32m INFO[0m [2mdashboard_server[0m[2m:[0m Sync request: L3:lr-31415:long_run:P3 -> L3:lr-31415:long_run:P1
[2m2026-05-16T01:09:37.880714Z[0m [32m INFO[0m [2mdashboard_server[0m[2m:[0m Executing on peer L3:lr-31415:long_run:P1: INSERT INTO users (id, email, name) VALUES (?, ?, ?)
[2m2026-05-16T01:09:37.945307Z[0m [32m INFO[0m [2mdashboard_server[0m[2m:[0m Sync request: L3:lr-31415:long_run:P0 -> L3:lr-31415:long_run:P1
[2m2026-05-16T01:09:38.058395Z[0m [32m INFO[0m [2mdashboard_server[0m[2m:[0m Executing on peer L3:lr-31415:long_run:P3: UPDATE users SET name = ? WHERE id = ?
[2m2026-05-16T01:09:38.124297Z[0m [32m INFO[0m [2mdashboard_server[0m[2m:[0m Sync request: L3:lr-31415:long_run:P0 -> L3:lr-31415:long_run:P1
[2m2026-05-16T01:09:38.290077Z[0m [32m INFO[0m [2mdashboard_server[0m[2m:[0m Sync request: L3:lr-31415:long_run:P0 -> L3:lr-31415:long_run:P2
[2m2026-05-16T01:09:38.408817Z[0m [32m INFO[0m [2mdashboard_server[0m[2m:[0m Sync request: L3:lr-31415:long_run:P0 -> L3:lr-31415:long_run:P3
[2m2026-05-16T01:09:38.522141Z[0m [32m INFO[0m [2mdashboard_server[0m[2m:[0m Sync request: L3:lr-31415:long_run:P1 -> L3:lr-31415:long_run:P2
[2m2026-05-16T01:09:38.642732Z[0m [32m INFO[0m [2mdashboard_server[0m[2m:[0m Sync request: L3:lr-31415:long_run:P1 -> L3:lr-31415:long_run:P3
[2m2026-05-16T01:09:38.756612Z[0m [32m INFO[0m [2mdashboard_server[0m[2m:[0m Sync request: L3:lr-31415:long_run:P2 -> L3:lr-31415:long_run:P3
[2m2026-05-16T01:09:38.979735Z[0m [32m INFO[0m [2mdashboard_server[0m[2m:[0m Sync request: L3:lr-31415:long_run:P0 -> L3:lr-31415:long_run:P1
[2m2026-05-16T01:09:39.091395Z[0m [32m INFO[0m [2mdashboard_server[0m[2m:[0m Sync request: L3:lr-31415:long_run:P0 -> L3:lr-31415:long_run:P2
[2m2026-05-16T01:09:39.203593Z[0m [32m INFO[0m [2mdashboard_server[0m[2m:[0m Sync request: L3:lr-31415:long_run:P0 -> L3:lr-31415:long_run:P3
[2m2026-05-16T01:09:39.316290Z[0m [32m INFO[0m [2mdashboard_server[0m[2m:[0m Sync request: L3:lr-31415:long_run:P1 -> L3:lr-31415:long_run:P2
[2m2026-05-16T01:09:39.428573Z[0m [32m INFO[0m [2mdashboard_server[0m[2m:[0m Sync request: L3:lr-31415:long_run:P1 -> L3:lr-31415:long_run:P3
[2m2026-05-16T01:09:39.540274Z[0m [32m INFO[0m [2mdashboard_server[0m[2m:[0m Sync request: L3:lr-31415:long_run:P2 -> L3:lr-31415:long_run:P3
[2m2026-05-16T01:09:39.652393Z[0m [32m INFO[0m [2mdashboard_server[0m[2m:[0m Sync request: L3:lr-31415:long_run:P0 -> L3:lr-31415:long_run:P1
[2m2026-05-16T01:09:39.764614Z[0m [32m INFO[0m [2mdashboard_server[0m[2m:[0m Sync request: L3:lr-31415:long_run:P0 -> L3:lr-31415:long_run:P2
[2m2026-05-16T01:09:39.876183Z[0m [32m INFO[0m [2mdashboard_server[0m[2m:[0m Sync request: L3:lr-31415:long_run:P0 -> L3:lr-31415:long_run:P3
[2m2026-05-16T01:09:39.988210Z[0m [32m INFO[0m [2mdashboard_server[0m[2m:[0m Sync request: L3:lr-31415:long_run:P1 -> L3:lr-31415:long_run:P2
[2m2026-05-16T01:09:40.100603Z[0m [32m INFO[0m [2mdashboard_server[0m[2m:[0m Sync request: L3:lr-31415:long_run:P1 -> L3:lr-31415:long_run:P3
[2m2026-05-16T01:09:40.212376Z[0m [32m INFO[0m [2mdashboard_server[0m[2m:[0m Sync request: L3:lr-31415:long_run:P2 -> L3:lr-31415:long_run:P3
[2m2026-05-16T01:09:40.403400Z[0m [32m INFO[0m [2mdashboard_server[0m[2m:[0m Added peer L3:lr-27182:long_run:P0
[2m2026-05-16T01:09:40.404339Z[0m [32m INFO[0m [2mdashboard_server[0m[2m:[0m Applying schema to peer L3:lr-27182:long_run:P0: CREATE TABLE users (
         id    TEXT PRIMARY KEY,
         email TEXT NOT NULL UNIQUE,
         name  TEXT
       )
[2m2026-05-16T01:09:40.405216Z[0m [32m INFO[0m [2mdashboard_server[0m[2m:[0m Applying schema to peer L3:lr-27182:long_run:P0: CREATE TABLE orders (
         id          TEXT PRIMARY KEY,
         user_id     TEXT NOT NULL REFERENCES users(id) ON DELETE CASCADE,
         status      TEXT NOT NULL,
         total_cents INTEGER NOT NULL DEFAULT 0
       )
[2m2026-05-16T01:09:40.406168Z[0m [32m INFO[0m [2mdashboard_server[0m[2m:[0m Applying schema to peer L3:lr-27182:long_run:P0: CREATE INDEX orders_by_user ON orders(user_id, status)
[2m2026-05-16T01:09:40.406841Z[0m [32m INFO[0m [2mdashboard_server[0m[2m:[0m Added peer L3:lr-27182:long_run:P1
[2m2026-05-16T01:09:40.407436Z[0m [32m INFO[0m [2mdashboard_server[0m[2m:[0m Applying schema to peer L3:lr-27182:long_run:P1: CREATE TABLE users (
         id    TEXT PRIMARY KEY,
         email TEXT NOT NULL UNIQUE,
         name  TEXT
       )
[2m2026-05-16T01:09:40.408088Z[0m [32m INFO[0m [2mdashboard_server[0m[2m:[0m Applying schema to peer L3:lr-27182:long_run:P1: CREATE TABLE orders (
         id          TEXT PRIMARY KEY,
         user_id     TEXT NOT NULL REFERENCES users(id) ON DELETE CASCADE,
         status      TEXT NOT NULL,
         total_cents INTEGER NOT NULL DEFAULT 0
       )
[2m2026-05-16T01:09:40.408822Z[0m [32m INFO[0m [2mdashboard_server[0m[2m:[0m Applying schema to peer L3:lr-27182:long_run:P1: CREATE INDEX orders_by_user ON orders(user_id, status)
[2m2026-05-16T01:09:40.409850Z[0m [32m INFO[0m [2mdashboard_server[0m[2m:[0m Added peer L3:lr-27182:long_run:P2
[2m2026-05-16T01:09:40.410492Z[0m [32m INFO[0m [2mdashboard_server[0m[2m:[0m Applying schema to peer L3:lr-27182:long_run:P2: CREATE TABLE users (
         id    TEXT PRIMARY KEY,
         email TEXT NOT NULL UNIQUE,
         name  TEXT
       )
[2m2026-05-16T01:09:40.411247Z[0m [32m INFO[0m [2mdashboard_server[0m[2m:[0m Applying schema to peer L3:lr-27182:long_run:P2: CREATE TABLE orders (
         id          TEXT PRIMARY KEY,
         user_id     TEXT NOT NULL REFERENCES users(id) ON DELETE CASCADE,
         status      TEXT NOT NULL,
         total_cents INTEGER NOT NULL DEFAULT 0
       )
[2m2026-05-16T01:09:40.411953Z[0m [32m INFO[0m [2mdashboard_server[0m[2m:[0m Applying schema to peer L3:lr-27182:long_run:P2: CREATE INDEX orders_by_user ON orders(user_id, status)
[2m2026-05-16T01:09:40.412581Z[0m [32m INFO[0m [2mdashboard_server[0m[2m:[0m Added peer L3:lr-27182:long_run:P3
[2m2026-05-16T01:09:40.413154Z[0m [32m INFO[0m [2mdashboard_server[0m[2m:[0m Applying schema to peer L3:lr-27182:long_run:P3: CREATE TABLE users (
         id    TEXT PRIMARY KEY,
         email TEXT NOT NULL UNIQUE,
         name  TEXT
       )
[2m2026-05-16T01:09:40.413850Z[0m [32m INFO[0m [2mdashboard_server[0m[2m:[0m Applying schema to peer L3:lr-27182:long_run:P3: CREATE TABLE orders (
         id          TEXT PRIMARY KEY,
         user_id     TEXT NOT NULL REFERENCES users(id) ON DELETE CASCADE,
         status      TEXT NOT NULL,
         total_cents INTEGER NOT NULL DEFAULT 0
       )
[2m2026-05-16T01:09:40.414688Z[0m [32m INFO[0m [2mdashboard_server[0m[2m:[0m Applying schema to peer L3:lr-27182:long_run:P3: CREATE INDEX orders_by_user ON orders(user_id, status)
[2m2026-05-16T01:09:40.415360Z[0m [32m INFO[0m [2mdashboard_server[0m[2m:[0m Executing on peer L3:lr-27182:long_run:P2: INSERT INTO users (id, email, name) VALUES (?, ?, ?)
[2m2026-05-16T01:09:40.469966Z[0m [32m INFO[0m [2mdashboard_server[0m[2m:[0m Executing on peer L3:lr-27182:long_run:P1: INSERT INTO users (id, email, name) VALUES (?, ?, ?)
[2m2026-05-16T01:09:40.525487Z[0m [32m INFO[0m [2mdashboard_server[0m[2m:[0m Executing on peer L3:lr-27182:long_run:P0: INSERT INTO users (id, email, name) VALUES (?, ?, ?)
[2m2026-05-16T01:09:40.580623Z[0m [32m INFO[0m [2mdashboard_server[0m[2m:[0m Executing on peer L3:lr-27182:long_run:P1: UPDATE users SET name = ? WHERE id = ?
[2m2026-05-16T01:09:40.636262Z[0m [32m INFO[0m [2mdashboard_server[0m[2m:[0m Executing on peer L3:lr-27182:long_run:P2: INSERT INTO users (id, email, name) VALUES (?, ?, ?)
[2m2026-05-16T01:09:40.691695Z[0m [32m INFO[0m [2mdashboard_server[0m[2m:[0m Executing on peer L3:lr-27182:long_run:P3: INSERT INTO users (id, email, name) VALUES (?, ?, ?)
[2m2026-05-16T01:09:40.747326Z[0m [32m INFO[0m [2mdashboard_server[0m[2m:[0m Sync request: L3:lr-27182:long_run:P0 -> L3:lr-27182:long_run:P2
[2m2026-05-16T01:09:40.803735Z[0m [32m INFO[0m [2mdashboard_server[0m[2m:[0m Executing on peer L3:lr-27182:long_run:P3: UPDATE users SET email = ? WHERE id = ?
[2m2026-05-16T01:09:40.968336Z[0m [32m INFO[0m [2mdashboard_server[0m[2m:[0m Executing on peer L3:lr-27182:long_run:P2: INSERT INTO users (id, email, name) VALUES (?, ?, ?)
[2m2026-05-16T01:09:41.025279Z[0m [32m INFO[0m [2mdashboard_server[0m[2m:[0m Executing on peer L3:lr-27182:long_run:P2: UPDATE users SET email = ? WHERE id = ?
[2m2026-05-16T01:09:41.082118Z[0m [32m INFO[0m [2mdashboard_server[0m[2m:[0m Executing on peer L3:lr-27182:long_run:P1: INSERT INTO users (id, email, name) VALUES (?, ?, ?)
[2m2026-05-16T01:09:41.139586Z[0m [32m INFO[0m [2mdashboard_server[0m[2m:[0m Executing on peer L3:lr-27182:long_run:P3: UPDATE users SET email = ? WHERE id = ?
[2m2026-05-16T01:09:41.194536Z[0m [32m INFO[0m [2mdashboard_server[0m[2m:[0m Executing on peer L3:lr-27182:long_run:P0: UPDATE users SET name = ? WHERE id = ?
[2m2026-05-16T01:09:41.250175Z[0m [32m INFO[0m [2mdashboard_server[0m[2m:[0m Executing on peer L3:lr-27182:long_run:P2: UPDATE users SET name = ? WHERE id = ?
[2m2026-05-16T01:09:41.304207Z[0m [32m INFO[0m [2mdashboard_server[0m[2m:[0m Sync request: L3:lr-27182:long_run:P0 -> L3:lr-27182:long_run:P3
[2m2026-05-16T01:09:41.360015Z[0m [32m INFO[0m [2mdashboard_server[0m[2m:[0m Executing on peer L3:lr-27182:long_run:P3: INSERT INTO users (id, email, name) VALUES (?, ?, ?)
[2m2026-05-16T01:09:41.415574Z[0m [32m INFO[0m [2mdashboard_server[0m[2m:[0m Executing on peer L3:lr-27182:long_run:P2: INSERT INTO users (id, email, name) VALUES (?, ?, ?)
[2m2026-05-16T01:09:41.471083Z[0m [32m INFO[0m [2mdashboard_server[0m[2m:[0m Executing on peer L3:lr-27182:long_run:P1: INSERT INTO users (id, email, name) VALUES (?, ?, ?)
[2m2026-05-16T01:09:41.526443Z[0m [32m INFO[0m [2mdashboard_server[0m[2m:[0m Sync request: L3:lr-27182:long_run:P3 -> L3:lr-27182:long_run:P0
[2m2026-05-16T01:09:41.582972Z[0m [32m INFO[0m [2mdashboard_server[0m[2m:[0m Executing on peer L3:lr-27182:long_run:P3: INSERT INTO users (id, email, name) VALUES (?, ?, ?)
[2m2026-05-16T01:09:41.638495Z[0m [32m INFO[0m [2mdashboard_server[0m[2m:[0m Executing on peer L3:lr-27182:long_run:P3: UPDATE users SET name = ? WHERE id = ?
[2m2026-05-16T01:09:41.694047Z[0m [32m INFO[0m [2mdashboard_server[0m[2m:[0m Sync request: L3:lr-27182:long_run:P3 -> L3:lr-27182:long_run:P2
[2m2026-05-16T01:09:41.750674Z[0m [32m INFO[0m [2mdashboard_server[0m[2m:[0m Sync request: L3:lr-27182:long_run:P0 -> L3:lr-27182:long_run:P1
[2m2026-05-16T01:09:41.807809Z[0m [32m INFO[0m [2mdashboard_server[0m[2m:[0m Executing on peer L3:lr-27182:long_run:P3: INSERT INTO users (id, email, name) VALUES (?, ?, ?)
[2m2026-05-16T01:09:41.863093Z[0m [32m INFO[0m [2mdashboard_server[0m[2m:[0m Executing on peer L3:lr-27182:long_run:P0: INSERT INTO users (id, email, name) VALUES (?, ?, ?)
[2m2026-05-16T01:09:41.919272Z[0m [32m INFO[0m [2mdashboard_server[0m[2m:[0m Executing on peer L3:lr-27182:long_run:P1: UPDATE users SET email = ? WHERE id = ?
[2m2026-05-16T01:09:41.976106Z[0m [32m INFO[0m [2mdashboard_server[0m[2m:[0m Sync request: L3:lr-27182:long_run:P1 -> L3:lr-27182:long_run:P0
[2m2026-05-16T01:09:42.032870Z[0m [32m INFO[0m [2mdashboard_server[0m[2m:[0m Executing on peer L3:lr-27182:long_run:P1: INSERT INTO users (id, email, name) VALUES (?, ?, ?)
[2m2026-05-16T01:09:42.088857Z[0m [32m INFO[0m [2mdashboard_server[0m[2m:[0m Executing on peer L3:lr-27182:long_run:P1: INSERT INTO users (id, email, name) VALUES (?, ?, ?)
[2m2026-05-16T01:09:42.144014Z[0m [32m INFO[0m [2mdashboard_server[0m[2m:[0m Sync request: L3:lr-27182:long_run:P2 -> L3:lr-27182:long_run:P0
[2m2026-05-16T01:09:42.200997Z[0m [32m INFO[0m [2mdashboard_server[0m[2m:[0m Executing on peer L3:lr-27182:long_run:P2: INSERT INTO users (id, email, name) VALUES (?, ?, ?)
[2m2026-05-16T01:09:42.257502Z[0m [32m INFO[0m [2mdashboard_server[0m[2m:[0m Executing on peer L3:lr-27182:long_run:P3: UPDATE users SET email = ? WHERE id = ?
[2m2026-05-16T01:09:42.332165Z[0m [32m INFO[0m [2mdashboard_server[0m[2m:[0m Executing on peer L3:lr-27182:long_run:P2: INSERT INTO users (id, email, name) VALUES (?, ?, ?)
[2m2026-05-16T01:09:42.443319Z[0m [32m INFO[0m [2mdashboard_server[0m[2m:[0m Executing on peer L3:lr-27182:long_run:P1: INSERT INTO users (id, email, name) VALUES (?, ?, ?)
[2m2026-05-16T01:09:42.499939Z[0m [32m INFO[0m [2mdashboard_server[0m[2m:[0m Executing on peer L3:lr-27182:long_run:P1: INSERT INTO users (id, email, name) VALUES (?, ?, ?)
[2m2026-05-16T01:09:42.556818Z[0m [32m INFO[0m [2mdashboard_server[0m[2m:[0m Executing on peer L3:lr-27182:long_run:P3: INSERT INTO users (id, email, name) VALUES (?, ?, ?)
[2m2026-05-16T01:09:42.613065Z[0m [32m INFO[0m [2mdashboard_server[0m[2m:[0m Executing on peer L3:lr-27182:long_run:P2: UPDATE users SET email = ? WHERE id = ?
[2m2026-05-16T01:09:42.669340Z[0m [32m INFO[0m [2mdashboard_server[0m[2m:[0m Executing on peer L3:lr-27182:long_run:P2: UPDATE users SET email = ? WHERE id = ?
[2m2026-05-16T01:09:42.725996Z[0m [32m INFO[0m [2mdashboard_server[0m[2m:[0m Executing on peer L3:lr-27182:long_run:P2: UPDATE users SET name = ? WHERE id = ?
[2m2026-05-16T01:09:42.781726Z[0m [32m INFO[0m [2mdashboard_server[0m[2m:[0m Executing on peer L3:lr-27182:long_run:P3: INSERT INTO users (id, email, name) VALUES (?, ?, ?)
[2m2026-05-16T01:09:42.950718Z[0m [32m INFO[0m [2mdashboard_server[0m[2m:[0m Executing on peer L3:lr-27182:long_run:P1: INSERT INTO users (id, email, name) VALUES (?, ?, ?)
[2m2026-05-16T01:09:43.006572Z[0m [32m INFO[0m [2mdashboard_server[0m[2m:[0m Sync request: L3:lr-27182:long_run:P3 -> L3:lr-27182:long_run:P0
[2m2026-05-16T01:09:43.063448Z[0m [32m INFO[0m [2mdashboard_server[0m[2m:[0m Sync request: L3:lr-27182:long_run:P0 -> L3:lr-27182:long_run:P2
[2m2026-05-16T01:09:43.120818Z[0m [32m INFO[0m [2mdashboard_server[0m[2m:[0m Executing on peer L3:lr-27182:long_run:P3: INSERT INTO users (id, email, name) VALUES (?, ?, ?)
[2m2026-05-16T01:09:43.176845Z[0m [32m INFO[0m [2mdashboard_server[0m[2m:[0m Executing on peer L3:lr-27182:long_run:P3: INSERT INTO users (id, email, name) VALUES (?, ?, ?)
[2m2026-05-16T01:09:43.233316Z[0m [32m INFO[0m [2mdashboard_server[0m[2m:[0m Sync request: L3:lr-27182:long_run:P2 -> L3:lr-27182:long_run:P3
[2m2026-05-16T01:09:43.290846Z[0m [32m INFO[0m [2mdashboard_server[0m[2m:[0m Executing on peer L3:lr-27182:long_run:P3: UPDATE users SET name = ? WHERE id = ?
[2m2026-05-16T01:09:43.347931Z[0m [32m INFO[0m [2mdashboard_server[0m[2m:[0m Executing on peer L3:lr-27182:long_run:P1: INSERT INTO users (id, email, name) VALUES (?, ?, ?)
[2m2026-05-16T01:09:43.404640Z[0m [32m INFO[0m [2mdashboard_server[0m[2m:[0m Executing on peer L3:lr-27182:long_run:P3: INSERT INTO users (id, email, name) VALUES (?, ?, ?)
[2m2026-05-16T01:09:43.460946Z[0m [32m INFO[0m [2mdashboard_server[0m[2m:[0m Executing on peer L3:lr-27182:long_run:P3: INSERT INTO users (id, email, name) VALUES (?, ?, ?)
[2m2026-05-16T01:09:43.517451Z[0m [32m INFO[0m [2mdashboard_server[0m[2m:[0m Sync request: L3:lr-27182:long_run:P0 -> L3:lr-27182:long_run:P2
[2m2026-05-16T01:09:43.575445Z[0m [32m INFO[0m [2mdashboard_server[0m[2m:[0m Executing on peer L3:lr-27182:long_run:P1: UPDATE users SET name = ? WHERE id = ?
[2m2026-05-16T01:09:43.632266Z[0m [32m INFO[0m [2mdashboard_server[0m[2m:[0m Sync request: L3:lr-27182:long_run:P3 -> L3:lr-27182:long_run:P1
[2m2026-05-16T01:09:43.692819Z[0m [32m INFO[0m [2mdashboard_server[0m[2m:[0m Executing on peer L3:lr-27182:long_run:P3: INSERT INTO users (id, email, name) VALUES (?, ?, ?)
[2m2026-05-16T01:09:43.749856Z[0m [32m INFO[0m [2mdashboard_server[0m[2m:[0m Executing on peer L3:lr-27182:long_run:P0: UPDATE users SET name = ? WHERE id = ?
[2m2026-05-16T01:09:43.806630Z[0m [32m INFO[0m [2mdashboard_server[0m[2m:[0m Executing on peer L3:lr-27182:long_run:P1: INSERT INTO users (id, email, name) VALUES (?, ?, ?)
[2m2026-05-16T01:09:43.864035Z[0m [32m INFO[0m [2mdashboard_server[0m[2m:[0m Executing on peer L3:lr-27182:long_run:P2: INSERT INTO users (id, email, name) VALUES (?, ?, ?)
[2m2026-05-16T01:09:43.921261Z[0m [32m INFO[0m [2mdashboard_server[0m[2m:[0m Executing on peer L3:lr-27182:long_run:P2: INSERT INTO users (id, email, name) VALUES (?, ?, ?)
[2m2026-05-16T01:09:43.977946Z[0m [32m INFO[0m [2mdashboard_server[0m[2m:[0m Executing on peer L3:lr-27182:long_run:P0: INSERT INTO users (id, email, name) VALUES (?, ?, ?)
[2m2026-05-16T01:09:44.034608Z[0m [32m INFO[0m [2mdashboard_server[0m[2m:[0m Executing on peer L3:lr-27182:long_run:P0: INSERT INTO users (id, email, name) VALUES (?, ?, ?)
[2m2026-05-16T01:09:44.092422Z[0m [32m INFO[0m [2mdashboard_server[0m[2m:[0m Executing on peer L3:lr-27182:long_run:P0: INSERT INTO users (id, email, name) VALUES (?, ?, ?)
[2m2026-05-16T01:09:44.149395Z[0m [32m INFO[0m [2mdashboard_server[0m[2m:[0m Executing on peer L3:lr-27182:long_run:P3: UPDATE users SET email = ? WHERE id = ?
[2m2026-05-16T01:09:44.206601Z[0m [32m INFO[0m [2mdashboard_server[0m[2m:[0m Executing on peer L3:lr-27182:long_run:P3: INSERT INTO users (id, email, name) VALUES (?, ?, ?)
[2m2026-05-16T01:09:44.263287Z[0m [32m INFO[0m [2mdashboard_server[0m[2m:[0m Executing on peer L3:lr-27182:long_run:P0: INSERT INTO users (id, email, name) VALUES (?, ?, ?)
[2m2026-05-16T01:09:44.320942Z[0m [32m INFO[0m [2mdashboard_server[0m[2m:[0m Executing on peer L3:lr-27182:long_run:P1: INSERT INTO users (id, email, name) VALUES (?, ?, ?)
[2m2026-05-16T01:09:44.376982Z[0m [32m INFO[0m [2mdashboard_server[0m[2m:[0m Executing on peer L3:lr-27182:long_run:P2: INSERT INTO users (id, email, name) VALUES (?, ?, ?)
[2m2026-05-16T01:09:44.433740Z[0m [32m INFO[0m [2mdashboard_server[0m[2m:[0m Sync request: L3:lr-27182:long_run:P3 -> L3:lr-27182:long_run:P0
[2m2026-05-16T01:09:44.493003Z[0m [32m INFO[0m [2mdashboard_server[0m[2m:[0m Executing on peer L3:lr-27182:long_run:P2: INSERT INTO users (id, email, name) VALUES (?, ?, ?)
[2m2026-05-16T01:09:44.550112Z[0m [32m INFO[0m [2mdashboard_server[0m[2m:[0m Sync request: L3:lr-27182:long_run:P2 -> L3:lr-27182:long_run:P1
[2m2026-05-16T01:09:44.608703Z[0m [32m INFO[0m [2mdashboard_server[0m[2m:[0m Executing on peer L3:lr-27182:long_run:P2: INSERT INTO users (id, email, name) VALUES (?, ?, ?)
[2m2026-05-16T01:09:44.666292Z[0m [32m INFO[0m [2mdashboard_server[0m[2m:[0m Executing on peer L3:lr-27182:long_run:P1: UPDATE users SET email = ? WHERE id = ?
[2m2026-05-16T01:09:44.721523Z[0m [32m INFO[0m [2mdashboard_server[0m[2m:[0m Executing on peer L3:lr-27182:long_run:P0: INSERT INTO users (id, email, name) VALUES (?, ?, ?)
[2m2026-05-16T01:09:44.779450Z[0m [32m INFO[0m [2mdashboard_server[0m[2m:[0m Executing on peer L3:lr-27182:long_run:P1: INSERT INTO users (id, email, name) VALUES (?, ?, ?)
[2m2026-05-16T01:09:44.836959Z[0m [32m INFO[0m [2mdashboard_server[0m[2m:[0m Executing on peer L3:lr-27182:long_run:P3: INSERT INTO users (id, email, name) VALUES (?, ?, ?)
[2m2026-05-16T01:09:44.946235Z[0m [32m INFO[0m [2mdashboard_server[0m[2m:[0m Executing on peer L3:lr-27182:long_run:P3: INSERT INTO users (id, email, name) VALUES (?, ?, ?)
[2m2026-05-16T01:09:45.004297Z[0m [32m INFO[0m [2mdashboard_server[0m[2m:[0m Executing on peer L3:lr-27182:long_run:P2: UPDATE users SET email = ? WHERE id = ?
[2m2026-05-16T01:09:45.071050Z[0m [32m INFO[0m [2mdashboard_server[0m[2m:[0m Executing on peer L3:lr-27182:long_run:P3: DELETE FROM users WHERE id = ?
[2m2026-05-16T01:09:45.136377Z[0m [32m INFO[0m [2mdashboard_server[0m[2m:[0m Executing on peer L3:lr-27182:long_run:P1: INSERT INTO users (id, email, name) VALUES (?, ?, ?)
[2m2026-05-16T01:09:45.201651Z[0m [32m INFO[0m [2mdashboard_server[0m[2m:[0m Executing on peer L3:lr-27182:long_run:P1: UPDATE users SET email = ? WHERE id = ?
[2m2026-05-16T01:09:45.268608Z[0m [32m INFO[0m [2mdashboard_server[0m[2m:[0m Sync request: L3:lr-27182:long_run:P1 -> L3:lr-27182:long_run:P0
[2m2026-05-16T01:09:45.328999Z[0m [32m INFO[0m [2mdashboard_server[0m[2m:[0m Executing on peer L3:lr-27182:long_run:P1: INSERT INTO users (id, email, name) VALUES (?, ?, ?)
[2m2026-05-16T01:09:45.389424Z[0m [32m INFO[0m [2mdashboard_server[0m[2m:[0m Executing on peer L3:lr-27182:long_run:P2: INSERT INTO users (id, email, name) VALUES (?, ?, ?)
[2m2026-05-16T01:09:45.446520Z[0m [32m INFO[0m [2mdashboard_server[0m[2m:[0m Executing on peer L3:lr-27182:long_run:P1: INSERT INTO users (id, email, name) VALUES (?, ?, ?)
[2m2026-05-16T01:09:45.504006Z[0m [32m INFO[0m [2mdashboard_server[0m[2m:[0m Executing on peer L3:lr-27182:long_run:P3: INSERT INTO users (id, email, name) VALUES (?, ?, ?)
[2m2026-05-16T01:09:45.560789Z[0m [32m INFO[0m [2mdashboard_server[0m[2m:[0m Executing on peer L3:lr-27182:long_run:P2: UPDATE users SET email = ? WHERE id = ?
[2m2026-05-16T01:09:45.618059Z[0m [32m INFO[0m [2mdashboard_server[0m[2m:[0m Sync request: L3:lr-27182:long_run:P2 -> L3:lr-27182:long_run:P1
[2m2026-05-16T01:09:45.677759Z[0m [32m INFO[0m [2mdashboard_server[0m[2m:[0m Executing on peer L3:lr-27182:long_run:P0: INSERT INTO users (id, email, name) VALUES (?, ?, ?)
[2m2026-05-16T01:09:45.735533Z[0m [32m INFO[0m [2mdashboard_server[0m[2m:[0m Sync request: L3:lr-27182:long_run:P2 -> L3:lr-27182:long_run:P3
[2m2026-05-16T01:09:45.795764Z[0m [32m INFO[0m [2mdashboard_server[0m[2m:[0m Sync request: L3:lr-27182:long_run:P3 -> L3:lr-27182:long_run:P0
[2m2026-05-16T01:09:45.855922Z[0m [32m INFO[0m [2mdashboard_server[0m[2m:[0m Executing on peer L3:lr-27182:long_run:P2: INSERT INTO users (id, email, name) VALUES (?, ?, ?)
[2m2026-05-16T01:09:45.914706Z[0m [32m INFO[0m [2mdashboard_server[0m[2m:[0m Executing on peer L3:lr-27182:long_run:P1: DELETE FROM users WHERE id = ?
[2m2026-05-16T01:09:45.972995Z[0m [32m INFO[0m [2mdashboard_server[0m[2m:[0m Sync request: L3:lr-27182:long_run:P1 -> L3:lr-27182:long_run:P3
[2m2026-05-16T01:09:46.033233Z[0m [32m INFO[0m [2mdashboard_server[0m[2m:[0m Executing on peer L3:lr-27182:long_run:P1: UPDATE users SET name = ? WHERE id = ?
[2m2026-05-16T01:09:46.092363Z[0m [32m INFO[0m [2mdashboard_server[0m[2m:[0m Executing on peer L3:lr-27182:long_run:P3: INSERT INTO users (id, email, name) VALUES (?, ?, ?)
[2m2026-05-16T01:09:46.151305Z[0m [32m INFO[0m [2mdashboard_server[0m[2m:[0m Sync request: L3:lr-27182:long_run:P2 -> L3:lr-27182:long_run:P1
[2m2026-05-16T01:09:46.210707Z[0m [32m INFO[0m [2mdashboard_server[0m[2m:[0m Executing on peer L3:lr-27182:long_run:P3: DELETE FROM users WHERE id = ?
[2m2026-05-16T01:09:46.269565Z[0m [32m INFO[0m [2mdashboard_server[0m[2m:[0m Executing on peer L3:lr-27182:long_run:P1: INSERT INTO users (id, email, name) VALUES (?, ?, ?)
[2m2026-05-16T01:09:46.328383Z[0m [32m INFO[0m [2mdashboard_server[0m[2m:[0m Executing on peer L3:lr-27182:long_run:P3: INSERT INTO users (id, email, name) VALUES (?, ?, ?)
[2m2026-05-16T01:09:46.386324Z[0m [32m INFO[0m [2mdashboard_server[0m[2m:[0m Executing on peer L3:lr-27182:long_run:P0: INSERT INTO users (id, email, name) VALUES (?, ?, ?)
[2m2026-05-16T01:09:46.443898Z[0m [32m INFO[0m [2mdashboard_server[0m[2m:[0m Executing on peer L3:lr-27182:long_run:P1: INSERT INTO users (id, email, name) VALUES (?, ?, ?)
[2m2026-05-16T01:09:46.502134Z[0m [32m INFO[0m [2mdashboard_server[0m[2m:[0m Sync request: L3:lr-27182:long_run:P2 -> L3:lr-27182:long_run:P1
[2m2026-05-16T01:09:46.562509Z[0m [32m INFO[0m [2mdashboard_server[0m[2m:[0m Executing on peer L3:lr-27182:long_run:P3: INSERT INTO users (id, email, name) VALUES (?, ?, ?)
[2m2026-05-16T01:09:46.620881Z[0m [32m INFO[0m [2mdashboard_server[0m[2m:[0m Executing on peer L3:lr-27182:long_run:P3: INSERT INTO users (id, email, name) VALUES (?, ?, ?)
[2m2026-05-16T01:09:46.678704Z[0m [32m INFO[0m [2mdashboard_server[0m[2m:[0m Executing on peer L3:lr-27182:long_run:P0: INSERT INTO users (id, email, name) VALUES (?, ?, ?)
[2m2026-05-16T01:09:46.737455Z[0m [32m INFO[0m [2mdashboard_server[0m[2m:[0m Executing on peer L3:lr-27182:long_run:P1: UPDATE users SET email = ? WHERE id = ?
[2m2026-05-16T01:09:46.795440Z[0m [32m INFO[0m [2mdashboard_server[0m[2m:[0m Executing on peer L3:lr-27182:long_run:P0: UPDATE users SET name = ? WHERE id = ?
[2m2026-05-16T01:09:46.967809Z[0m [32m INFO[0m [2mdashboard_server[0m[2m:[0m Executing on peer L3:lr-27182:long_run:P1: UPDATE users SET name = ? WHERE id = ?
[2m2026-05-16T01:09:47.026210Z[0m [32m INFO[0m [2mdashboard_server[0m[2m:[0m Executing on peer L3:lr-27182:long_run:P2: INSERT INTO users (id, email, name) VALUES (?, ?, ?)
[2m2026-05-16T01:09:47.084728Z[0m [32m INFO[0m [2mdashboard_server[0m[2m:[0m Executing on peer L3:lr-27182:long_run:P1: INSERT INTO users (id, email, name) VALUES (?, ?, ?)
[2m2026-05-16T01:09:47.142620Z[0m [32m INFO[0m [2mdashboard_server[0m[2m:[0m Executing on peer L3:lr-27182:long_run:P0: INSERT INTO users (id, email, name) VALUES (?, ?, ?)
[2m2026-05-16T01:09:47.201010Z[0m [32m INFO[0m [2mdashboard_server[0m[2m:[0m Executing on peer L3:lr-27182:long_run:P1: UPDATE users SET name = ? WHERE id = ?
[2m2026-05-16T01:09:47.259234Z[0m [32m INFO[0m [2mdashboard_server[0m[2m:[0m Executing on peer L3:lr-27182:long_run:P3: INSERT INTO users (id, email, name) VALUES (?, ?, ?)
[2m2026-05-16T01:09:47.317748Z[0m [32m INFO[0m [2mdashboard_server[0m[2m:[0m Sync request: L3:lr-27182:long_run:P2 -> L3:lr-27182:long_run:P1
[2m2026-05-16T01:09:47.378312Z[0m [32m INFO[0m [2mdashboard_server[0m[2m:[0m Executing on peer L3:lr-27182:long_run:P0: UPDATE users SET email = ? WHERE id = ?
[2m2026-05-16T01:09:47.436637Z[0m [32m INFO[0m [2mdashboard_server[0m[2m:[0m Executing on peer L3:lr-27182:long_run:P2: INSERT INTO users (id, email, name) VALUES (?, ?, ?)
[2m2026-05-16T01:09:47.494480Z[0m [32m INFO[0m [2mdashboard_server[0m[2m:[0m Executing on peer L3:lr-27182:long_run:P0: INSERT INTO users (id, email, name) VALUES (?, ?, ?)
[2m2026-05-16T01:09:47.552548Z[0m [32m INFO[0m [2mdashboard_server[0m[2m:[0m Executing on peer L3:lr-27182:long_run:P0: INSERT INTO users (id, email, name) VALUES (?, ?, ?)
[2m2026-05-16T01:09:47.610727Z[0m [32m INFO[0m [2mdashboard_server[0m[2m:[0m Executing on peer L3:lr-27182:long_run:P0: INSERT INTO users (id, email, name) VALUES (?, ?, ?)
[2m2026-05-16T01:09:47.669327Z[0m [32m INFO[0m [2mdashboard_server[0m[2m:[0m Executing on peer L3:lr-27182:long_run:P1: INSERT INTO users (id, email, name) VALUES (?, ?, ?)
[2m2026-05-16T01:09:47.727694Z[0m [32m INFO[0m [2mdashboard_server[0m[2m:[0m Sync request: L3:lr-27182:long_run:P0 -> L3:lr-27182:long_run:P2
[2m2026-05-16T01:09:47.789435Z[0m [32m INFO[0m [2mdashboard_server[0m[2m:[0m Executing on peer L3:lr-27182:long_run:P1: INSERT INTO users (id, email, name) VALUES (?, ?, ?)
[2m2026-05-16T01:09:47.847923Z[0m [32m INFO[0m [2mdashboard_server[0m[2m:[0m Sync request: L3:lr-27182:long_run:P0 -> L3:lr-27182:long_run:P2
[2m2026-05-16T01:09:47.908017Z[0m [32m INFO[0m [2mdashboard_server[0m[2m:[0m Executing on peer L3:lr-27182:long_run:P2: UPDATE users SET email = ? WHERE id = ?
[2m2026-05-16T01:09:47.966336Z[0m [32m INFO[0m [2mdashboard_server[0m[2m:[0m Executing on peer L3:lr-27182:long_run:P2: INSERT INTO users (id, email, name) VALUES (?, ?, ?)
[2m2026-05-16T01:09:48.025672Z[0m [32m INFO[0m [2mdashboard_server[0m[2m:[0m Executing on peer L3:lr-27182:long_run:P1: INSERT INTO users (id, email, name) VALUES (?, ?, ?)
[2m2026-05-16T01:09:48.084211Z[0m [32m INFO[0m [2mdashboard_server[0m[2m:[0m Executing on peer L3:lr-27182:long_run:P0: INSERT INTO users (id, email, name) VALUES (?, ?, ?)
[2m2026-05-16T01:09:48.142344Z[0m [32m INFO[0m [2mdashboard_server[0m[2m:[0m Executing on peer L3:lr-27182:long_run:P1: INSERT INTO users (id, email, name) VALUES (?, ?, ?)
[2m2026-05-16T01:09:48.200853Z[0m [32m INFO[0m [2mdashboard_server[0m[2m:[0m Executing on peer L3:lr-27182:long_run:P1: INSERT INTO users (id, email, name) VALUES (?, ?, ?)
[2m2026-05-16T01:09:48.260281Z[0m [32m INFO[0m [2mdashboard_server[0m[2m:[0m Executing on peer L3:lr-27182:long_run:P1: INSERT INTO users (id, email, name) VALUES (?, ?, ?)
[2m2026-05-16T01:09:48.319610Z[0m [32m INFO[0m [2mdashboard_server[0m[2m:[0m Executing on peer L3:lr-27182:long_run:P2: INSERT INTO users (id, email, name) VALUES (?, ?, ?)
[2m2026-05-16T01:09:48.378053Z[0m [32m INFO[0m [2mdashboard_server[0m[2m:[0m Executing on peer L3:lr-27182:long_run:P1: UPDATE users SET email = ? WHERE id = ?
[2m2026-05-16T01:09:48.437138Z[0m [32m INFO[0m [2mdashboard_server[0m[2m:[0m Executing on peer L3:lr-27182:long_run:P3: INSERT INTO users (id, email, name) VALUES (?, ?, ?)
[2m2026-05-16T01:09:48.495245Z[0m [32m INFO[0m [2mdashboard_server[0m[2m:[0m Executing on peer L3:lr-27182:long_run:P0: INSERT INTO users (id, email, name) VALUES (?, ?, ?)
[2m2026-05-16T01:09:48.553656Z[0m [32m INFO[0m [2mdashboard_server[0m[2m:[0m Executing on peer L3:lr-27182:long_run:P0: UPDATE users SET name = ? WHERE id = ?
[2m2026-05-16T01:09:48.612062Z[0m [32m INFO[0m [2mdashboard_server[0m[2m:[0m Executing on peer L3:lr-27182:long_run:P0: DELETE FROM users WHERE id = ?
[2m2026-05-16T01:09:48.671409Z[0m [32m INFO[0m [2mdashboard_server[0m[2m:[0m Executing on peer L3:lr-27182:long_run:P3: UPDATE users SET email = ? WHERE id = ?
[2m2026-05-16T01:09:48.730089Z[0m [32m INFO[0m [2mdashboard_server[0m[2m:[0m Executing on peer L3:lr-27182:long_run:P3: UPDATE users SET name = ? WHERE id = ?
[2m2026-05-16T01:09:48.788628Z[0m [32m INFO[0m [2mdashboard_server[0m[2m:[0m Executing on peer L3:lr-27182:long_run:P0: INSERT INTO users (id, email, name) VALUES (?, ?, ?)
[2m2026-05-16T01:09:48.962431Z[0m [32m INFO[0m [2mdashboard_server[0m[2m:[0m Executing on peer L3:lr-27182:long_run:P3: INSERT INTO users (id, email, name) VALUES (?, ?, ?)
[2m2026-05-16T01:09:49.020739Z[0m [32m INFO[0m [2mdashboard_server[0m[2m:[0m Sync request: L3:lr-27182:long_run:P1 -> L3:lr-27182:long_run:P3
[2m2026-05-16T01:09:49.082361Z[0m [32m INFO[0m [2mdashboard_server[0m[2m:[0m Sync request: L3:lr-27182:long_run:P1 -> L3:lr-27182:long_run:P0
[2m2026-05-16T01:09:49.145053Z[0m [32m INFO[0m [2mdashboard_server[0m[2m:[0m Executing on peer L3:lr-27182:long_run:P0: INSERT INTO users (id, email, name) VALUES (?, ?, ?)
[2m2026-05-16T01:09:49.204525Z[0m [32m INFO[0m [2mdashboard_server[0m[2m:[0m Executing on peer L3:lr-27182:long_run:P3: INSERT INTO users (id, email, name) VALUES (?, ?, ?)
[2m2026-05-16T01:09:49.264036Z[0m [32m INFO[0m [2mdashboard_server[0m[2m:[0m Executing on peer L3:lr-27182:long_run:P2: UPDATE users SET name = ? WHERE id = ?
[2m2026-05-16T01:09:49.323365Z[0m [32m INFO[0m [2mdashboard_server[0m[2m:[0m Executing on peer L3:lr-27182:long_run:P1: INSERT INTO users (id, email, name) VALUES (?, ?, ?)
[2m2026-05-16T01:09:49.382470Z[0m [32m INFO[0m [2mdashboard_server[0m[2m:[0m Executing on peer L3:lr-27182:long_run:P0: UPDATE users SET name = ? WHERE id = ?
[2m2026-05-16T01:09:49.442038Z[0m [32m INFO[0m [2mdashboard_server[0m[2m:[0m Executing on peer L3:lr-27182:long_run:P2: INSERT INTO users (id, email, name) VALUES (?, ?, ?)
[2m2026-05-16T01:09:49.501114Z[0m [32m INFO[0m [2mdashboard_server[0m[2m:[0m Executing on peer L3:lr-27182:long_run:P1: INSERT INTO users (id, email, name) VALUES (?, ?, ?)
[2m2026-05-16T01:09:49.560373Z[0m [32m INFO[0m [2mdashboard_server[0m[2m:[0m Executing on peer L3:lr-27182:long_run:P2: INSERT INTO users (id, email, name) VALUES (?, ?, ?)
[2m2026-05-16T01:09:49.619548Z[0m [32m INFO[0m [2mdashboard_server[0m[2m:[0m Sync request: L3:lr-27182:long_run:P0 -> L3:lr-27182:long_run:P2
[2m2026-05-16T01:09:49.683140Z[0m [32m INFO[0m [2mdashboard_server[0m[2m:[0m Executing on peer L3:lr-27182:long_run:P3: UPDATE users SET name = ? WHERE id = ?
[2m2026-05-16T01:09:49.742544Z[0m [32m INFO[0m [2mdashboard_server[0m[2m:[0m Sync request: L3:lr-27182:long_run:P0 -> L3:lr-27182:long_run:P2
[2m2026-05-16T01:09:49.805481Z[0m [32m INFO[0m [2mdashboard_server[0m[2m:[0m Executing on peer L3:lr-27182:long_run:P2: INSERT INTO users (id, email, name) VALUES (?, ?, ?)
[2m2026-05-16T01:09:49.864899Z[0m [32m INFO[0m [2mdashboard_server[0m[2m:[0m Executing on peer L3:lr-27182:long_run:P1: INSERT INTO users (id, email, name) VALUES (?, ?, ?)
[2m2026-05-16T01:09:49.924122Z[0m [32m INFO[0m [2mdashboard_server[0m[2m:[0m Sync request: L3:lr-27182:long_run:P1 -> L3:lr-27182:long_run:P0
[2m2026-05-16T01:09:49.987284Z[0m [32m INFO[0m [2mdashboard_server[0m[2m:[0m Executing on peer L3:lr-27182:long_run:P0: UPDATE users SET email = ? WHERE id = ?
[2m2026-05-16T01:09:50.047245Z[0m [32m INFO[0m [2mdashboard_server[0m[2m:[0m Executing on peer L3:lr-27182:long_run:P0: INSERT INTO users (id, email, name) VALUES (?, ?, ?)
[2m2026-05-16T01:09:50.107378Z[0m [32m INFO[0m [2mdashboard_server[0m[2m:[0m Sync request: L3:lr-27182:long_run:P2 -> L3:lr-27182:long_run:P1
[2m2026-05-16T01:09:50.170695Z[0m [32m INFO[0m [2mdashboard_server[0m[2m:[0m Executing on peer L3:lr-27182:long_run:P0: UPDATE users SET name = ? WHERE id = ?
[2m2026-05-16T01:09:50.230404Z[0m [32m INFO[0m [2mdashboard_server[0m[2m:[0m Sync request: L3:lr-27182:long_run:P3 -> L3:lr-27182:long_run:P2
[2m2026-05-16T01:09:50.294514Z[0m [32m INFO[0m [2mdashboard_server[0m[2m:[0m Executing on peer L3:lr-27182:long_run:P3: INSERT INTO users (id, email, name) VALUES (?, ?, ?)
[2m2026-05-16T01:09:50.355408Z[0m [32m INFO[0m [2mdashboard_server[0m[2m:[0m Sync request: L3:lr-27182:long_run:P0 -> L3:lr-27182:long_run:P2
[2m2026-05-16T01:09:50.419348Z[0m [32m INFO[0m [2mdashboard_server[0m[2m:[0m Executing on peer L3:lr-27182:long_run:P2: INSERT INTO users (id, email, name) VALUES (?, ?, ?)
[2m2026-05-16T01:09:50.479079Z[0m [32m INFO[0m [2mdashboard_server[0m[2m:[0m Executing on peer L3:lr-27182:long_run:P3: INSERT INTO users (id, email, name) VALUES (?, ?, ?)
[2m2026-05-16T01:09:50.539753Z[0m [32m INFO[0m [2mdashboard_server[0m[2m:[0m Executing on peer L3:lr-27182:long_run:P0: INSERT INTO users (id, email, name) VALUES (?, ?, ?)
[2m2026-05-16T01:09:50.599800Z[0m [32m INFO[0m [2mdashboard_server[0m[2m:[0m Executing on peer L3:lr-27182:long_run:P1: INSERT INTO users (id, email, name) VALUES (?, ?, ?)
[2m2026-05-16T01:09:50.659654Z[0m [32m INFO[0m [2mdashboard_server[0m[2m:[0m Executing on peer L3:lr-27182:long_run:P1: UPDATE users SET name = ? WHERE id = ?
[2m2026-05-16T01:09:50.719937Z[0m [32m INFO[0m [2mdashboard_server[0m[2m:[0m Executing on peer L3:lr-27182:long_run:P3: INSERT INTO users (id, email, name) VALUES (?, ?, ?)
[2m2026-05-16T01:09:50.781081Z[0m [32m INFO[0m [2mdashboard_server[0m[2m:[0m Sync request: L3:lr-27182:long_run:P2 -> L3:lr-27182:long_run:P0
[2m2026-05-16T01:09:50.962387Z[0m [32m INFO[0m [2mdashboard_server[0m[2m:[0m Sync request: L3:lr-27182:long_run:P2 -> L3:lr-27182:long_run:P3
[2m2026-05-16T01:09:51.026896Z[0m [32m INFO[0m [2mdashboard_server[0m[2m:[0m Executing on peer L3:lr-27182:long_run:P2: INSERT INTO users (id, email, name) VALUES (?, ?, ?)
[2m2026-05-16T01:09:51.087657Z[0m [32m INFO[0m [2mdashboard_server[0m[2m:[0m Executing on peer L3:lr-27182:long_run:P2: UPDATE users SET name = ? WHERE id = ?
[2m2026-05-16T01:09:51.149420Z[0m [32m INFO[0m [2mdashboard_server[0m[2m:[0m Sync request: L3:lr-27182:long_run:P2 -> L3:lr-27182:long_run:P3
[2m2026-05-16T01:09:51.213883Z[0m [32m INFO[0m [2mdashboard_server[0m[2m:[0m Sync request: L3:lr-27182:long_run:P1 -> L3:lr-27182:long_run:P0
[2m2026-05-16T01:09:51.278690Z[0m [32m INFO[0m [2mdashboard_server[0m[2m:[0m Sync request: L3:lr-27182:long_run:P1 -> L3:lr-27182:long_run:P3
[2m2026-05-16T01:09:51.343468Z[0m [32m INFO[0m [2mdashboard_server[0m[2m:[0m Executing on peer L3:lr-27182:long_run:P3: INSERT INTO users (id, email, name) VALUES (?, ?, ?)
[2m2026-05-16T01:09:51.404240Z[0m [32m INFO[0m [2mdashboard_server[0m[2m:[0m Executing on peer L3:lr-27182:long_run:P0: INSERT INTO users (id, email, name) VALUES (?, ?, ?)
[2m2026-05-16T01:09:51.464225Z[0m [32m INFO[0m [2mdashboard_server[0m[2m:[0m Executing on peer L3:lr-27182:long_run:P3: INSERT INTO users (id, email, name) VALUES (?, ?, ?)
[2m2026-05-16T01:09:51.525365Z[0m [32m INFO[0m [2mdashboard_server[0m[2m:[0m Executing on peer L3:lr-27182:long_run:P2: INSERT INTO users (id, email, name) VALUES (?, ?, ?)
[2m2026-05-16T01:09:51.585881Z[0m [32m INFO[0m [2mdashboard_server[0m[2m:[0m Sync request: L3:lr-27182:long_run:P3 -> L3:lr-27182:long_run:P0
[2m2026-05-16T01:09:51.652353Z[0m [32m INFO[0m [2mdashboard_server[0m[2m:[0m Executing on peer L3:lr-27182:long_run:P1: UPDATE users SET email = ? WHERE id = ?
[2m2026-05-16T01:09:51.714020Z[0m [32m INFO[0m [2mdashboard_server[0m[2m:[0m Executing on peer L3:lr-27182:long_run:P0: INSERT INTO users (id, email, name) VALUES (?, ?, ?)
[2m2026-05-16T01:09:51.775319Z[0m [32m INFO[0m [2mdashboard_server[0m[2m:[0m Sync request: L3:lr-27182:long_run:P3 -> L3:lr-27182:long_run:P1
[2m2026-05-16T01:09:51.840587Z[0m [32m INFO[0m [2mdashboard_server[0m[2m:[0m Executing on peer L3:lr-27182:long_run:P1: INSERT INTO users (id, email, name) VALUES (?, ?, ?)
[2m2026-05-16T01:09:51.901635Z[0m [32m INFO[0m [2mdashboard_server[0m[2m:[0m Executing on peer L3:lr-27182:long_run:P1: UPDATE users SET email = ? WHERE id = ?
[2m2026-05-16T01:09:51.961882Z[0m [32m INFO[0m [2mdashboard_server[0m[2m:[0m Executing on peer L3:lr-27182:long_run:P1: INSERT INTO users (id, email, name) VALUES (?, ?, ?)
[2m2026-05-16T01:09:52.022708Z[0m [32m INFO[0m [2mdashboard_server[0m[2m:[0m Sync request: L3:lr-27182:long_run:P3 -> L3:lr-27182:long_run:P2
[2m2026-05-16T01:09:52.087965Z[0m [32m INFO[0m [2mdashboard_server[0m[2m:[0m Executing on peer L3:lr-27182:long_run:P1: INSERT INTO users (id, email, name) VALUES (?, ?, ?)
[2m2026-05-16T01:09:52.148291Z[0m [32m INFO[0m [2mdashboard_server[0m[2m:[0m Executing on peer L3:lr-27182:long_run:P1: INSERT INTO users (id, email, name) VALUES (?, ?, ?)
[2m2026-05-16T01:09:52.209392Z[0m [32m INFO[0m [2mdashboard_server[0m[2m:[0m Executing on peer L3:lr-27182:long_run:P0: INSERT INTO users (id, email, name) VALUES (?, ?, ?)
[2m2026-05-16T01:09:52.270662Z[0m [32m INFO[0m [2mdashboard_server[0m[2m:[0m Executing on peer L3:lr-27182:long_run:P1: UPDATE users SET name = ? WHERE id = ?
[2m2026-05-16T01:09:52.331915Z[0m [32m INFO[0m [2mdashboard_server[0m[2m:[0m Executing on peer L3:lr-27182:long_run:P2: INSERT INTO users (id, email, name) VALUES (?, ?, ?)
[2m2026-05-16T01:09:52.393186Z[0m [32m INFO[0m [2mdashboard_server[0m[2m:[0m Executing on peer L3:lr-27182:long_run:P0: INSERT INTO users (id, email, name) VALUES (?, ?, ?)
[2m2026-05-16T01:09:52.454163Z[0m [32m INFO[0m [2mdashboard_server[0m[2m:[0m Executing on peer L3:lr-27182:long_run:P0: INSERT INTO users (id, email, name) VALUES (?, ?, ?)
[2m2026-05-16T01:09:52.515524Z[0m [32m INFO[0m [2mdashboard_server[0m[2m:[0m Executing on peer L3:lr-27182:long_run:P1: INSERT INTO users (id, email, name) VALUES (?, ?, ?)
[2m2026-05-16T01:09:52.576069Z[0m [32m INFO[0m [2mdashboard_server[0m[2m:[0m Executing on peer L3:lr-27182:long_run:P0: DELETE FROM users WHERE id = ?
[2m2026-05-16T01:09:52.637509Z[0m [32m INFO[0m [2mdashboard_server[0m[2m:[0m Executing on peer L3:lr-27182:long_run:P1: INSERT INTO users (id, email, name) VALUES (?, ?, ?)
[2m2026-05-16T01:09:52.698223Z[0m [32m INFO[0m [2mdashboard_server[0m[2m:[0m Executing on peer L3:lr-27182:long_run:P3: UPDATE users SET email = ? WHERE id = ?
[2m2026-05-16T01:09:52.759428Z[0m [32m INFO[0m [2mdashboard_server[0m[2m:[0m Executing on peer L3:lr-27182:long_run:P2: INSERT INTO users (id, email, name) VALUES (?, ?, ?)
[2m2026-05-16T01:09:52.820432Z[0m [32m INFO[0m [2mdashboard_server[0m[2m:[0m Sync request: L3:lr-27182:long_run:P1 -> L3:lr-27182:long_run:P3
[2m2026-05-16T01:09:53.005261Z[0m [32m INFO[0m [2mdashboard_server[0m[2m:[0m Executing on peer L3:lr-27182:long_run:P3: INSERT INTO users (id, email, name) VALUES (?, ?, ?)
[2m2026-05-16T01:09:53.066897Z[0m [32m INFO[0m [2mdashboard_server[0m[2m:[0m Executing on peer L3:lr-27182:long_run:P1: INSERT INTO users (id, email, name) VALUES (?, ?, ?)
[2m2026-05-16T01:09:53.127536Z[0m [32m INFO[0m [2mdashboard_server[0m[2m:[0m Executing on peer L3:lr-27182:long_run:P2: UPDATE users SET name = ? WHERE id = ?
[2m2026-05-16T01:09:53.189804Z[0m [32m INFO[0m [2mdashboard_server[0m[2m:[0m Executing on peer L3:lr-27182:long_run:P2: INSERT INTO users (id, email, name) VALUES (?, ?, ?)
[2m2026-05-16T01:09:53.250379Z[0m [32m INFO[0m [2mdashboard_server[0m[2m:[0m Executing on peer L3:lr-27182:long_run:P2: INSERT INTO users (id, email, name) VALUES (?, ?, ?)
[2m2026-05-16T01:09:53.414878Z[0m [32m INFO[0m [2mdashboard_server[0m[2m:[0m Executing on peer L3:lr-27182:long_run:P1: UPDATE users SET name = ? WHERE id = ?
[2m2026-05-16T01:09:53.476060Z[0m [32m INFO[0m [2mdashboard_server[0m[2m:[0m Executing on peer L3:lr-27182:long_run:P1: DELETE FROM users WHERE id = ?
[2m2026-05-16T01:09:53.537501Z[0m [32m INFO[0m [2mdashboard_server[0m[2m:[0m Executing on peer L3:lr-27182:long_run:P0: INSERT INTO users (id, email, name) VALUES (?, ?, ?)
[2m2026-05-16T01:09:53.598496Z[0m [32m INFO[0m [2mdashboard_server[0m[2m:[0m Executing on peer L3:lr-27182:long_run:P2: UPDATE users SET name = ? WHERE id = ?
[2m2026-05-16T01:09:53.659594Z[0m [32m INFO[0m [2mdashboard_server[0m[2m:[0m Executing on peer L3:lr-27182:long_run:P1: INSERT INTO users (id, email, name) VALUES (?, ?, ?)
[2m2026-05-16T01:09:53.720723Z[0m [32m INFO[0m [2mdashboard_server[0m[2m:[0m Executing on peer L3:lr-27182:long_run:P0: INSERT INTO users (id, email, name) VALUES (?, ?, ?)
[2m2026-05-16T01:09:53.781721Z[0m [32m INFO[0m [2mdashboard_server[0m[2m:[0m Executing on peer L3:lr-27182:long_run:P3: INSERT INTO users (id, email, name) VALUES (?, ?, ?)
[2m2026-05-16T01:09:53.842777Z[0m [32m INFO[0m [2mdashboard_server[0m[2m:[0m Executing on peer L3:lr-27182:long_run:P1: INSERT INTO users (id, email, name) VALUES (?, ?, ?)
[2m2026-05-16T01:09:53.903740Z[0m [32m INFO[0m [2mdashboard_server[0m[2m:[0m Executing on peer L3:lr-27182:long_run:P2: INSERT INTO users (id, email, name) VALUES (?, ?, ?)
[2m2026-05-16T01:09:53.964873Z[0m [32m INFO[0m [2mdashboard_server[0m[2m:[0m Executing on peer L3:lr-27182:long_run:P3: UPDATE users SET name = ? WHERE id = ?
[2m2026-05-16T01:09:54.025416Z[0m [32m INFO[0m [2mdashboard_server[0m[2m:[0m Sync request: L3:lr-27182:long_run:P2 -> L3:lr-27182:long_run:P1
[2m2026-05-16T01:09:54.092171Z[0m [32m INFO[0m [2mdashboard_server[0m[2m:[0m Executing on peer L3:lr-27182:long_run:P1: INSERT INTO users (id, email, name) VALUES (?, ?, ?)
[2m2026-05-16T01:09:54.153605Z[0m [32m INFO[0m [2mdashboard_server[0m[2m:[0m Executing on peer L3:lr-27182:long_run:P0: INSERT INTO users (id, email, name) VALUES (?, ?, ?)
[2m2026-05-16T01:09:54.214724Z[0m [32m INFO[0m [2mdashboard_server[0m[2m:[0m Executing on peer L3:lr-27182:long_run:P2: INSERT INTO users (id, email, name) VALUES (?, ?, ?)
[2m2026-05-16T01:09:54.276405Z[0m [32m INFO[0m [2mdashboard_server[0m[2m:[0m Executing on peer L3:lr-27182:long_run:P0: INSERT INTO users (id, email, name) VALUES (?, ?, ?)
[2m2026-05-16T01:09:54.338614Z[0m [32m INFO[0m [2mdashboard_server[0m[2m:[0m Executing on peer L3:lr-27182:long_run:P3: INSERT INTO users (id, email, name) VALUES (?, ?, ?)
[2m2026-05-16T01:09:54.404137Z[0m [32m INFO[0m [2mdashboard_server[0m[2m:[0m Executing on peer L3:lr-27182:long_run:P2: INSERT INTO users (id, email, name) VALUES (?, ?, ?)
[2m2026-05-16T01:09:54.465619Z[0m [32m INFO[0m [2mdashboard_server[0m[2m:[0m Executing on peer L3:lr-27182:long_run:P0: UPDATE users SET email = ? WHERE id = ?
[2m2026-05-16T01:09:54.526911Z[0m [32m INFO[0m [2mdashboard_server[0m[2m:[0m Sync request: L3:lr-27182:long_run:P1 -> L3:lr-27182:long_run:P0
[2m2026-05-16T01:09:54.594313Z[0m [32m INFO[0m [2mdashboard_server[0m[2m:[0m Executing on peer L3:lr-27182:long_run:P1: INSERT INTO users (id, email, name) VALUES (?, ?, ?)
[2m2026-05-16T01:09:54.656393Z[0m [32m INFO[0m [2mdashboard_server[0m[2m:[0m Sync request: L3:lr-27182:long_run:P0 -> L3:lr-27182:long_run:P3
[2m2026-05-16T01:09:54.724254Z[0m [32m INFO[0m [2mdashboard_server[0m[2m:[0m Executing on peer L3:lr-27182:long_run:P1: INSERT INTO users (id, email, name) VALUES (?, ?, ?)
[2m2026-05-16T01:09:54.786381Z[0m [32m INFO[0m [2mdashboard_server[0m[2m:[0m Executing on peer L3:lr-27182:long_run:P1: INSERT INTO users (id, email, name) VALUES (?, ?, ?)
[2m2026-05-16T01:09:54.968990Z[0m [32m INFO[0m [2mdashboard_server[0m[2m:[0m Executing on peer L3:lr-27182:long_run:P3: INSERT INTO users (id, email, name) VALUES (?, ?, ?)
[2m2026-05-16T01:09:55.030791Z[0m [32m INFO[0m [2mdashboard_server[0m[2m:[0m Executing on peer L3:lr-27182:long_run:P0: INSERT INTO users (id, email, name) VALUES (?, ?, ?)
[2m2026-05-16T01:09:55.093533Z[0m [32m INFO[0m [2mdashboard_server[0m[2m:[0m Executing on peer L3:lr-27182:long_run:P3: INSERT INTO users (id, email, name) VALUES (?, ?, ?)
[2m2026-05-16T01:09:55.156337Z[0m [32m INFO[0m [2mdashboard_server[0m[2m:[0m Executing on peer L3:lr-27182:long_run:P1: UPDATE users SET name = ? WHERE id = ?
[2m2026-05-16T01:09:55.218481Z[0m [32m INFO[0m [2mdashboard_server[0m[2m:[0m Executing on peer L3:lr-27182:long_run:P1: INSERT INTO users (id, email, name) VALUES (?, ?, ?)
[2m2026-05-16T01:09:55.281047Z[0m [32m INFO[0m [2mdashboard_server[0m[2m:[0m Executing on peer L3:lr-27182:long_run:P3: INSERT INTO users (id, email, name) VALUES (?, ?, ?)
[2m2026-05-16T01:09:55.344059Z[0m [32m INFO[0m [2mdashboard_server[0m[2m:[0m Executing on peer L3:lr-27182:long_run:P1: INSERT INTO users (id, email, name) VALUES (?, ?, ?)
[2m2026-05-16T01:09:55.406290Z[0m [32m INFO[0m [2mdashboard_server[0m[2m:[0m Executing on peer L3:lr-27182:long_run:P1: INSERT INTO users (id, email, name) VALUES (?, ?, ?)
[2m2026-05-16T01:09:55.468616Z[0m [32m INFO[0m [2mdashboard_server[0m[2m:[0m Executing on peer L3:lr-27182:long_run:P3: INSERT INTO users (id, email, name) VALUES (?, ?, ?)
[2m2026-05-16T01:09:55.530612Z[0m [32m INFO[0m [2mdashboard_server[0m[2m:[0m Sync request: L3:lr-27182:long_run:P3 -> L3:lr-27182:long_run:P0
[2m2026-05-16T01:09:55.598070Z[0m [32m INFO[0m [2mdashboard_server[0m[2m:[0m Executing on peer L3:lr-27182:long_run:P2: INSERT INTO users (id, email, name) VALUES (?, ?, ?)
[2m2026-05-16T01:09:55.660068Z[0m [32m INFO[0m [2mdashboard_server[0m[2m:[0m Executing on peer L3:lr-27182:long_run:P3: INSERT INTO users (id, email, name) VALUES (?, ?, ?)
[2m2026-05-16T01:09:55.722331Z[0m [32m INFO[0m [2mdashboard_server[0m[2m:[0m Executing on peer L3:lr-27182:long_run:P2: DELETE FROM users WHERE id = ?
[2m2026-05-16T01:09:55.785022Z[0m [32m INFO[0m [2mdashboard_server[0m[2m:[0m Executing on peer L3:lr-27182:long_run:P0: INSERT INTO users (id, email, name) VALUES (?, ?, ?)
[2m2026-05-16T01:09:55.847385Z[0m [32m INFO[0m [2mdashboard_server[0m[2m:[0m Executing on peer L3:lr-27182:long_run:P0: INSERT INTO users (id, email, name) VALUES (?, ?, ?)
[2m2026-05-16T01:09:55.909961Z[0m [32m INFO[0m [2mdashboard_server[0m[2m:[0m Executing on peer L3:lr-27182:long_run:P1: INSERT INTO users (id, email, name) VALUES (?, ?, ?)
[2m2026-05-16T01:09:55.972611Z[0m [32m INFO[0m [2mdashboard_server[0m[2m:[0m Executing on peer L3:lr-27182:long_run:P2: INSERT INTO users (id, email, name) VALUES (?, ?, ?)
[2m2026-05-16T01:09:56.034681Z[0m [32m INFO[0m [2mdashboard_server[0m[2m:[0m Executing on peer L3:lr-27182:long_run:P0: INSERT INTO users (id, email, name) VALUES (?, ?, ?)
[2m2026-05-16T01:09:56.097538Z[0m [32m INFO[0m [2mdashboard_server[0m[2m:[0m Executing on peer L3:lr-27182:long_run:P2: DELETE FROM users WHERE id = ?
[2m2026-05-16T01:09:56.160247Z[0m [32m INFO[0m [2mdashboard_server[0m[2m:[0m Executing on peer L3:lr-27182:long_run:P1: UPDATE users SET name = ? WHERE id = ?
[2m2026-05-16T01:09:56.223282Z[0m [32m INFO[0m [2mdashboard_server[0m[2m:[0m Executing on peer L3:lr-27182:long_run:P0: INSERT INTO users (id, email, name) VALUES (?, ?, ?)
[2m2026-05-16T01:09:56.286608Z[0m [32m INFO[0m [2mdashboard_server[0m[2m:[0m Executing on peer L3:lr-27182:long_run:P2: INSERT INTO users (id, email, name) VALUES (?, ?, ?)
[2m2026-05-16T01:09:56.349840Z[0m [32m INFO[0m [2mdashboard_server[0m[2m:[0m Sync request: L3:lr-27182:long_run:P0 -> L3:lr-27182:long_run:P2
[2m2026-05-16T01:09:56.418783Z[0m [32m INFO[0m [2mdashboard_server[0m[2m:[0m Executing on peer L3:lr-27182:long_run:P1: UPDATE users SET name = ? WHERE id = ?
[2m2026-05-16T01:09:56.481755Z[0m [32m INFO[0m [2mdashboard_server[0m[2m:[0m Executing on peer L3:lr-27182:long_run:P1: UPDATE users SET email = ? WHERE id = ?
[2m2026-05-16T01:09:56.544204Z[0m [32m INFO[0m [2mdashboard_server[0m[2m:[0m Executing on peer L3:lr-27182:long_run:P3: INSERT INTO users (id, email, name) VALUES (?, ?, ?)
[2m2026-05-16T01:09:56.606785Z[0m [32m INFO[0m [2mdashboard_server[0m[2m:[0m Executing on peer L3:lr-27182:long_run:P3: INSERT INTO users (id, email, name) VALUES (?, ?, ?)
[2m2026-05-16T01:09:56.669777Z[0m [32m INFO[0m [2mdashboard_server[0m[2m:[0m Sync request: L3:lr-27182:long_run:P0 -> L3:lr-27182:long_run:P3
[2m2026-05-16T01:09:56.738935Z[0m [32m INFO[0m [2mdashboard_server[0m[2m:[0m Executing on peer L3:lr-27182:long_run:P2: INSERT INTO users (id, email, name) VALUES (?, ?, ?)
[2m2026-05-16T01:09:56.802033Z[0m [32m INFO[0m [2mdashboard_server[0m[2m:[0m Executing on peer L3:lr-27182:long_run:P0: UPDATE users SET name = ? WHERE id = ?
[2m2026-05-16T01:09:56.987171Z[0m [32m INFO[0m [2mdashboard_server[0m[2m:[0m Executing on peer L3:lr-27182:long_run:P1: UPDATE users SET email = ? WHERE id = ?
[2m2026-05-16T01:09:57.050590Z[0m [32m INFO[0m [2mdashboard_server[0m[2m:[0m Executing on peer L3:lr-27182:long_run:P3: INSERT INTO users (id, email, name) VALUES (?, ?, ?)
[2m2026-05-16T01:09:57.113559Z[0m [32m INFO[0m [2mdashboard_server[0m[2m:[0m Executing on peer L3:lr-27182:long_run:P3: INSERT INTO users (id, email, name) VALUES (?, ?, ?)
[2m2026-05-16T01:09:57.176474Z[0m [32m INFO[0m [2mdashboard_server[0m[2m:[0m Executing on peer L3:lr-27182:long_run:P1: UPDATE users SET email = ? WHERE id = ?
[2m2026-05-16T01:09:57.239108Z[0m [32m INFO[0m [2mdashboard_server[0m[2m:[0m Executing on peer L3:lr-27182:long_run:P0: INSERT INTO users (id, email, name) VALUES (?, ?, ?)
[2m2026-05-16T01:09:57.301302Z[0m [32m INFO[0m [2mdashboard_server[0m[2m:[0m Sync request: L3:lr-27182:long_run:P3 -> L3:lr-27182:long_run:P0
[2m2026-05-16T01:09:57.370844Z[0m [32m INFO[0m [2mdashboard_server[0m[2m:[0m Executing on peer L3:lr-27182:long_run:P1: INSERT INTO users (id, email, name) VALUES (?, ?, ?)
[2m2026-05-16T01:09:57.433841Z[0m [32m INFO[0m [2mdashboard_server[0m[2m:[0m Executing on peer L3:lr-27182:long_run:P2: UPDATE users SET email = ? WHERE id = ?
[2m2026-05-16T01:09:57.496644Z[0m [32m INFO[0m [2mdashboard_server[0m[2m:[0m Executing on peer L3:lr-27182:long_run:P2: INSERT INTO users (id, email, name) VALUES (?, ?, ?)
[2m2026-05-16T01:09:57.559967Z[0m [32m INFO[0m [2mdashboard_server[0m[2m:[0m Executing on peer L3:lr-27182:long_run:P3: INSERT INTO users (id, email, name) VALUES (?, ?, ?)
[2m2026-05-16T01:09:57.622974Z[0m [32m INFO[0m [2mdashboard_server[0m[2m:[0m Executing on peer L3:lr-27182:long_run:P2: INSERT INTO users (id, email, name) VALUES (?, ?, ?)
[2m2026-05-16T01:09:57.686019Z[0m [32m INFO[0m [2mdashboard_server[0m[2m:[0m Sync request: L3:lr-27182:long_run:P3 -> L3:lr-27182:long_run:P0
[2m2026-05-16T01:09:57.755170Z[0m [32m INFO[0m [2mdashboard_server[0m[2m:[0m Executing on peer L3:lr-27182:long_run:P1: INSERT INTO users (id, email, name) VALUES (?, ?, ?)
[2m2026-05-16T01:09:57.818561Z[0m [32m INFO[0m [2mdashboard_server[0m[2m:[0m Executing on peer L3:lr-27182:long_run:P0: INSERT INTO users (id, email, name) VALUES (?, ?, ?)
[2m2026-05-16T01:09:57.881685Z[0m [32m INFO[0m [2mdashboard_server[0m[2m:[0m Executing on peer L3:lr-27182:long_run:P1: INSERT INTO users (id, email, name) VALUES (?, ?, ?)
[2m2026-05-16T01:09:57.943953Z[0m [32m INFO[0m [2mdashboard_server[0m[2m:[0m Executing on peer L3:lr-27182:long_run:P2: UPDATE users SET name = ? WHERE id = ?
[2m2026-05-16T01:09:58.007933Z[0m [32m INFO[0m [2mdashboard_server[0m[2m:[0m Sync request: L3:lr-27182:long_run:P0 -> L3:lr-27182:long_run:P3
[2m2026-05-16T01:09:58.076594Z[0m [32m INFO[0m [2mdashboard_server[0m[2m:[0m Executing on peer L3:lr-27182:long_run:P1: INSERT INTO users (id, email, name) VALUES (?, ?, ?)
[2m2026-05-16T01:09:58.139925Z[0m [32m INFO[0m [2mdashboard_server[0m[2m:[0m Sync request: L3:lr-27182:long_run:P0 -> L3:lr-27182:long_run:P1
[2m2026-05-16T01:09:58.210631Z[0m [32m INFO[0m [2mdashboard_server[0m[2m:[0m Sync request: L3:lr-27182:long_run:P2 -> L3:lr-27182:long_run:P0
[2m2026-05-16T01:09:58.282409Z[0m [32m INFO[0m [2mdashboard_server[0m[2m:[0m Executing on peer L3:lr-27182:long_run:P0: UPDATE users SET name = ? WHERE id = ?
[2m2026-05-16T01:09:58.347544Z[0m [32m INFO[0m [2mdashboard_server[0m[2m:[0m Executing on peer L3:lr-27182:long_run:P0: DELETE FROM users WHERE id = ?
[2m2026-05-16T01:09:58.410719Z[0m [32m INFO[0m [2mdashboard_server[0m[2m:[0m Sync request: L3:lr-27182:long_run:P1 -> L3:lr-27182:long_run:P2
[2m2026-05-16T01:09:58.481447Z[0m [32m INFO[0m [2mdashboard_server[0m[2m:[0m Executing on peer L3:lr-27182:long_run:P0: INSERT INTO users (id, email, name) VALUES (?, ?, ?)
[2m2026-05-16T01:09:58.544499Z[0m [32m INFO[0m [2mdashboard_server[0m[2m:[0m Sync request: L3:lr-27182:long_run:P2 -> L3:lr-27182:long_run:P0
[2m2026-05-16T01:09:58.614936Z[0m [32m INFO[0m [2mdashboard_server[0m[2m:[0m Executing on peer L3:lr-27182:long_run:P3: INSERT INTO users (id, email, name) VALUES (?, ?, ?)
[2m2026-05-16T01:09:58.679189Z[0m [32m INFO[0m [2mdashboard_server[0m[2m:[0m Executing on peer L3:lr-27182:long_run:P3: INSERT INTO users (id, email, name) VALUES (?, ?, ?)
[2m2026-05-16T01:09:58.743111Z[0m [32m INFO[0m [2mdashboard_server[0m[2m:[0m Sync request: L3:lr-27182:long_run:P2 -> L3:lr-27182:long_run:P1
[2m2026-05-16T01:09:58.814001Z[0m [32m INFO[0m [2mdashboard_server[0m[2m:[0m Executing on peer L3:lr-27182:long_run:P1: UPDATE users SET name = ? WHERE id = ?
[2m2026-05-16T01:09:59.002354Z[0m [32m INFO[0m [2mdashboard_server[0m[2m:[0m Executing on peer L3:lr-27182:long_run:P1: INSERT INTO users (id, email, name) VALUES (?, ?, ?)
[2m2026-05-16T01:09:59.066808Z[0m [32m INFO[0m [2mdashboard_server[0m[2m:[0m Sync request: L3:lr-27182:long_run:P3 -> L3:lr-27182:long_run:P0
[2m2026-05-16T01:09:59.138323Z[0m [32m INFO[0m [2mdashboard_server[0m[2m:[0m Executing on peer L3:lr-27182:long_run:P2: INSERT INTO users (id, email, name) VALUES (?, ?, ?)
[2m2026-05-16T01:09:59.202548Z[0m [32m INFO[0m [2mdashboard_server[0m[2m:[0m Executing on peer L3:lr-27182:long_run:P0: INSERT INTO users (id, email, name) VALUES (?, ?, ?)
[2m2026-05-16T01:09:59.266567Z[0m [32m INFO[0m [2mdashboard_server[0m[2m:[0m Executing on peer L3:lr-27182:long_run:P2: INSERT INTO users (id, email, name) VALUES (?, ?, ?)
[2m2026-05-16T01:09:59.331600Z[0m [32m INFO[0m [2mdashboard_server[0m[2m:[0m Sync request: L3:lr-27182:long_run:P0 -> L3:lr-27182:long_run:P3
[2m2026-05-16T01:09:59.403301Z[0m [32m INFO[0m [2mdashboard_server[0m[2m:[0m Executing on peer L3:lr-27182:long_run:P1: UPDATE users SET name = ? WHERE id = ?
[2m2026-05-16T01:09:59.468265Z[0m [32m INFO[0m [2mdashboard_server[0m[2m:[0m Sync request: L3:lr-27182:long_run:P1 -> L3:lr-27182:long_run:P2
[2m2026-05-16T01:09:59.539463Z[0m [32m INFO[0m [2mdashboard_server[0m[2m:[0m Sync request: L3:lr-27182:long_run:P1 -> L3:lr-27182:long_run:P3
[2m2026-05-16T01:09:59.610924Z[0m [32m INFO[0m [2mdashboard_server[0m[2m:[0m Executing on peer L3:lr-27182:long_run:P1: INSERT INTO users (id, email, name) VALUES (?, ?, ?)
[2m2026-05-16T01:09:59.675741Z[0m [32m INFO[0m [2mdashboard_server[0m[2m:[0m Executing on peer L3:lr-27182:long_run:P2: INSERT INTO users (id, email, name) VALUES (?, ?, ?)
[2m2026-05-16T01:09:59.740730Z[0m [32m INFO[0m [2mdashboard_server[0m[2m:[0m Executing on peer L3:lr-27182:long_run:P1: INSERT INTO users (id, email, name) VALUES (?, ?, ?)
[2m2026-05-16T01:09:59.805653Z[0m [32m INFO[0m [2mdashboard_server[0m[2m:[0m Executing on peer L3:lr-27182:long_run:P2: INSERT INTO users (id, email, name) VALUES (?, ?, ?)
[2m2026-05-16T01:09:59.870622Z[0m [32m INFO[0m [2mdashboard_server[0m[2m:[0m Executing on peer L3:lr-27182:long_run:P3: DELETE FROM users WHERE id = ?
[2m2026-05-16T01:09:59.934997Z[0m [32m INFO[0m [2mdashboard_server[0m[2m:[0m Executing on peer L3:lr-27182:long_run:P0: INSERT INTO users (id, email, name) VALUES (?, ?, ?)
[2m2026-05-16T01:09:59.999598Z[0m [32m INFO[0m [2mdashboard_server[0m[2m:[0m Executing on peer L3:lr-27182:long_run:P0: INSERT INTO users (id, email, name) VALUES (?, ?, ?)
[2m2026-05-16T01:10:00.063496Z[0m [32m INFO[0m [2mdashboard_server[0m[2m:[0m Sync request: L3:lr-27182:long_run:P0 -> L3:lr-27182:long_run:P2
[2m2026-05-16T01:10:00.135476Z[0m [32m INFO[0m [2mdashboard_server[0m[2m:[0m Sync request: L3:lr-27182:long_run:P1 -> L3:lr-27182:long_run:P2
[2m2026-05-16T01:10:00.208134Z[0m [32m INFO[0m [2mdashboard_server[0m[2m:[0m Executing on peer L3:lr-27182:long_run:P1: UPDATE users SET email = ? WHERE id = ?
[2m2026-05-16T01:10:00.273433Z[0m [32m INFO[0m [2mdashboard_server[0m[2m:[0m Executing on peer L3:lr-27182:long_run:P1: UPDATE users SET email = ? WHERE id = ?
[2m2026-05-16T01:10:00.339205Z[0m [32m INFO[0m [2mdashboard_server[0m[2m:[0m Executing on peer L3:lr-27182:long_run:P3: INSERT INTO users (id, email, name) VALUES (?, ?, ?)
[2m2026-05-16T01:10:00.404085Z[0m [32m INFO[0m [2mdashboard_server[0m[2m:[0m Sync request: L3:lr-27182:long_run:P0 -> L3:lr-27182:long_run:P1
[2m2026-05-16T01:10:00.476103Z[0m [32m INFO[0m [2mdashboard_server[0m[2m:[0m Executing on peer L3:lr-27182:long_run:P1: DELETE FROM users WHERE id = ?
[2m2026-05-16T01:10:00.541078Z[0m [32m INFO[0m [2mdashboard_server[0m[2m:[0m Executing on peer L3:lr-27182:long_run:P0: INSERT INTO users (id, email, name) VALUES (?, ?, ?)
[2m2026-05-16T01:10:00.605751Z[0m [32m INFO[0m [2mdashboard_server[0m[2m:[0m Sync request: L3:lr-27182:long_run:P2 -> L3:lr-27182:long_run:P3
[2m2026-05-16T01:10:00.677980Z[0m [32m INFO[0m [2mdashboard_server[0m[2m:[0m Executing on peer L3:lr-27182:long_run:P2: DELETE FROM users WHERE id = ?
[2m2026-05-16T01:10:00.743446Z[0m [32m INFO[0m [2mdashboard_server[0m[2m:[0m Executing on peer L3:lr-27182:long_run:P1: INSERT INTO users (id, email, name) VALUES (?, ?, ?)
[2m2026-05-16T01:10:00.809189Z[0m [32m INFO[0m [2mdashboard_server[0m[2m:[0m Executing on peer L3:lr-27182:long_run:P0: UPDATE users SET name = ? WHERE id = ?
[2m2026-05-16T01:10:00.999573Z[0m [32m INFO[0m [2mdashboard_server[0m[2m:[0m Sync request: L3:lr-27182:long_run:P0 -> L3:lr-27182:long_run:P2
[2m2026-05-16T01:10:01.071906Z[0m [32m INFO[0m [2mdashboard_server[0m[2m:[0m Executing on peer L3:lr-27182:long_run:P3: UPDATE users SET name = ? WHERE id = ?
[2m2026-05-16T01:10:01.140238Z[0m [32m INFO[0m [2mdashboard_server[0m[2m:[0m Executing on peer L3:lr-27182:long_run:P0: INSERT INTO users (id, email, name) VALUES (?, ?, ?)
[2m2026-05-16T01:10:01.205815Z[0m [32m INFO[0m [2mdashboard_server[0m[2m:[0m Executing on peer L3:lr-27182:long_run:P1: UPDATE users SET name = ? WHERE id = ?
[2m2026-05-16T01:10:01.270918Z[0m [32m INFO[0m [2mdashboard_server[0m[2m:[0m Executing on peer L3:lr-27182:long_run:P1: UPDATE users SET email = ? WHERE id = ?
[2m2026-05-16T01:10:01.336453Z[0m [32m INFO[0m [2mdashboard_server[0m[2m:[0m Sync request: L3:lr-27182:long_run:P3 -> L3:lr-27182:long_run:P0
[2m2026-05-16T01:10:01.409961Z[0m [32m INFO[0m [2mdashboard_server[0m[2m:[0m Executing on peer L3:lr-27182:long_run:P1: INSERT INTO users (id, email, name) VALUES (?, ?, ?)
[2m2026-05-16T01:10:01.475707Z[0m [32m INFO[0m [2mdashboard_server[0m[2m:[0m Executing on peer L3:lr-27182:long_run:P3: INSERT INTO users (id, email, name) VALUES (?, ?, ?)
[2m2026-05-16T01:10:01.540932Z[0m [32m INFO[0m [2mdashboard_server[0m[2m:[0m Executing on peer L3:lr-27182:long_run:P3: UPDATE users SET name = ? WHERE id = ?
[2m2026-05-16T01:10:01.606009Z[0m [32m INFO[0m [2mdashboard_server[0m[2m:[0m Executing on peer L3:lr-27182:long_run:P2: UPDATE users SET name = ? WHERE id = ?
[2m2026-05-16T01:10:01.671228Z[0m [32m INFO[0m [2mdashboard_server[0m[2m:[0m Executing on peer L3:lr-27182:long_run:P2: INSERT INTO users (id, email, name) VALUES (?, ?, ?)
[2m2026-05-16T01:10:01.736256Z[0m [32m INFO[0m [2mdashboard_server[0m[2m:[0m Executing on peer L3:lr-27182:long_run:P3: INSERT INTO users (id, email, name) VALUES (?, ?, ?)
[2m2026-05-16T01:10:01.801329Z[0m [32m INFO[0m [2mdashboard_server[0m[2m:[0m Executing on peer L3:lr-27182:long_run:P2: UPDATE users SET email = ? WHERE id = ?
[2m2026-05-16T01:10:01.866421Z[0m [32m INFO[0m [2mdashboard_server[0m[2m:[0m Executing on peer L3:lr-27182:long_run:P3: INSERT INTO users (id, email, name) VALUES (?, ?, ?)
[2m2026-05-16T01:10:01.931468Z[0m [32m INFO[0m [2mdashboard_server[0m[2m:[0m Executing on peer L3:lr-27182:long_run:P0: INSERT INTO users (id, email, name) VALUES (?, ?, ?)
[2m2026-05-16T01:10:01.996563Z[0m [32m INFO[0m [2mdashboard_server[0m[2m:[0m Executing on peer L3:lr-27182:long_run:P0: UPDATE users SET email = ? WHERE id = ?
[2m2026-05-16T01:10:02.061941Z[0m [32m INFO[0m [2mdashboard_server[0m[2m:[0m Sync request: L3:lr-27182:long_run:P0 -> L3:lr-27182:long_run:P3
[2m2026-05-16T01:10:02.135099Z[0m [32m INFO[0m [2mdashboard_server[0m[2m:[0m Executing on peer L3:lr-27182:long_run:P3: INSERT INTO users (id, email, name) VALUES (?, ?, ?)
[2m2026-05-16T01:10:02.200399Z[0m [32m INFO[0m [2mdashboard_server[0m[2m:[0m Executing on peer L3:lr-27182:long_run:P3: INSERT INTO users (id, email, name) VALUES (?, ?, ?)
[2m2026-05-16T01:10:02.265841Z[0m [32m INFO[0m [2mdashboard_server[0m[2m:[0m Executing on peer L3:lr-27182:long_run:P3: INSERT INTO users (id, email, name) VALUES (?, ?, ?)
[2m2026-05-16T01:10:02.331571Z[0m [32m INFO[0m [2mdashboard_server[0m[2m:[0m Executing on peer L3:lr-27182:long_run:P1: UPDATE users SET name = ? WHERE id = ?
[2m2026-05-16T01:10:02.397005Z[0m [32m INFO[0m [2mdashboard_server[0m[2m:[0m Sync request: L3:lr-27182:long_run:P2 -> L3:lr-27182:long_run:P3
[2m2026-05-16T01:10:02.470225Z[0m [32m INFO[0m [2mdashboard_server[0m[2m:[0m Executing on peer L3:lr-27182:long_run:P3: UPDATE users SET name = ? WHERE id = ?
[2m2026-05-16T01:10:02.536087Z[0m [32m INFO[0m [2mdashboard_server[0m[2m:[0m Executing on peer L3:lr-27182:long_run:P3: UPDATE users SET name = ? WHERE id = ?
[2m2026-05-16T01:10:02.601530Z[0m [32m INFO[0m [2mdashboard_server[0m[2m:[0m Executing on peer L3:lr-27182:long_run:P2: INSERT INTO users (id, email, name) VALUES (?, ?, ?)
[2m2026-05-16T01:10:02.666835Z[0m [32m INFO[0m [2mdashboard_server[0m[2m:[0m Executing on peer L3:lr-27182:long_run:P2: UPDATE users SET email = ? WHERE id = ?
[2m2026-05-16T01:10:02.732383Z[0m [32m INFO[0m [2mdashboard_server[0m[2m:[0m Sync request: L3:lr-27182:long_run:P0 -> L3:lr-27182:long_run:P3
[2m2026-05-16T01:10:02.805981Z[0m [32m INFO[0m [2mdashboard_server[0m[2m:[0m Sync request: L3:lr-27182:long_run:P1 -> L3:lr-27182:long_run:P2
[2m2026-05-16T01:10:03.006799Z[0m [32m INFO[0m [2mdashboard_server[0m[2m:[0m Executing on peer L3:lr-27182:long_run:P2: UPDATE users SET name = ? WHERE id = ?
[2m2026-05-16T01:10:03.072976Z[0m [32m INFO[0m [2mdashboard_server[0m[2m:[0m Executing on peer L3:lr-27182:long_run:P1: INSERT INTO users (id, email, name) VALUES (?, ?, ?)
[2m2026-05-16T01:10:03.138763Z[0m [32m INFO[0m [2mdashboard_server[0m[2m:[0m Executing on peer L3:lr-27182:long_run:P3: INSERT INTO users (id, email, name) VALUES (?, ?, ?)
[2m2026-05-16T01:10:03.204532Z[0m [32m INFO[0m [2mdashboard_server[0m[2m:[0m Sync request: L3:lr-27182:long_run:P3 -> L3:lr-27182:long_run:P2
[2m2026-05-16T01:10:03.430841Z[0m [32m INFO[0m [2mdashboard_server[0m[2m:[0m Executing on peer L3:lr-27182:long_run:P0: UPDATE users SET name = ? WHERE id = ?
[2m2026-05-16T01:10:03.507692Z[0m [32m INFO[0m [2mdashboard_server[0m[2m:[0m Executing on peer L3:lr-27182:long_run:P3: UPDATE users SET name = ? WHERE id = ?
[2m2026-05-16T01:10:03.574750Z[0m [32m INFO[0m [2mdashboard_server[0m[2m:[0m Executing on peer L3:lr-27182:long_run:P0: INSERT INTO users (id, email, name) VALUES (?, ?, ?)
[2m2026-05-16T01:10:03.640882Z[0m [32m INFO[0m [2mdashboard_server[0m[2m:[0m Executing on peer L3:lr-27182:long_run:P3: UPDATE users SET email = ? WHERE id = ?
[2m2026-05-16T01:10:03.707641Z[0m [32m INFO[0m [2mdashboard_server[0m[2m:[0m Executing on peer L3:lr-27182:long_run:P3: UPDATE users SET name = ? WHERE id = ?
[2m2026-05-16T01:10:03.773655Z[0m [32m INFO[0m [2mdashboard_server[0m[2m:[0m Executing on peer L3:lr-27182:long_run:P3: INSERT INTO users (id, email, name) VALUES (?, ?, ?)
[2m2026-05-16T01:10:03.839878Z[0m [32m INFO[0m [2mdashboard_server[0m[2m:[0m Executing on peer L3:lr-27182:long_run:P1: UPDATE users SET name = ? WHERE id = ?
[2m2026-05-16T01:10:03.905862Z[0m [32m INFO[0m [2mdashboard_server[0m[2m:[0m Executing on peer L3:lr-27182:long_run:P2: INSERT INTO users (id, email, name) VALUES (?, ?, ?)
[2m2026-05-16T01:10:03.971326Z[0m [32m INFO[0m [2mdashboard_server[0m[2m:[0m Executing on peer L3:lr-27182:long_run:P3: INSERT INTO users (id, email, name) VALUES (?, ?, ?)
[2m2026-05-16T01:10:04.037690Z[0m [32m INFO[0m [2mdashboard_server[0m[2m:[0m Executing on peer L3:lr-27182:long_run:P2: UPDATE users SET name = ? WHERE id = ?
[2m2026-05-16T01:10:04.103633Z[0m [32m INFO[0m [2mdashboard_server[0m[2m:[0m Executing on peer L3:lr-27182:long_run:P0: UPDATE users SET name = ? WHERE id = ?
[2m2026-05-16T01:10:04.170157Z[0m [32m INFO[0m [2mdashboard_server[0m[2m:[0m Sync request: L3:lr-27182:long_run:P2 -> L3:lr-27182:long_run:P0
[2m2026-05-16T01:10:04.243361Z[0m [32m INFO[0m [2mdashboard_server[0m[2m:[0m Executing on peer L3:lr-27182:long_run:P0: INSERT INTO users (id, email, name) VALUES (?, ?, ?)
[2m2026-05-16T01:10:04.309166Z[0m [32m INFO[0m [2mdashboard_server[0m[2m:[0m Executing on peer L3:lr-27182:long_run:P3: INSERT INTO users (id, email, name) VALUES (?, ?, ?)
[2m2026-05-16T01:10:04.376028Z[0m [32m INFO[0m [2mdashboard_server[0m[2m:[0m Sync request: L3:lr-27182:long_run:P1 -> L3:lr-27182:long_run:P3
[2m2026-05-16T01:10:04.450005Z[0m [32m INFO[0m [2mdashboard_server[0m[2m:[0m Executing on peer L3:lr-27182:long_run:P2: INSERT INTO users (id, email, name) VALUES (?, ?, ?)
[2m2026-05-16T01:10:04.516289Z[0m [32m INFO[0m [2mdashboard_server[0m[2m:[0m Executing on peer L3:lr-27182:long_run:P0: INSERT INTO users (id, email, name) VALUES (?, ?, ?)
[2m2026-05-16T01:10:04.582681Z[0m [32m INFO[0m [2mdashboard_server[0m[2m:[0m Executing on peer L3:lr-27182:long_run:P0: UPDATE users SET name = ? WHERE id = ?
[2m2026-05-16T01:10:04.649342Z[0m [32m INFO[0m [2mdashboard_server[0m[2m:[0m Executing on peer L3:lr-27182:long_run:P1: UPDATE users SET email = ? WHERE id = ?
[2m2026-05-16T01:10:04.716005Z[0m [32m INFO[0m [2mdashboard_server[0m[2m:[0m Sync request: L3:lr-27182:long_run:P2 -> L3:lr-27182:long_run:P1
[2m2026-05-16T01:10:04.790269Z[0m [32m INFO[0m [2mdashboard_server[0m[2m:[0m Executing on peer L3:lr-27182:long_run:P1: INSERT INTO users (id, email, name) VALUES (?, ?, ?)
[2m2026-05-16T01:10:04.983838Z[0m [32m INFO[0m [2mdashboard_server[0m[2m:[0m Executing on peer L3:lr-27182:long_run:P2: INSERT INTO users (id, email, name) VALUES (?, ?, ?)
[2m2026-05-16T01:10:05.050317Z[0m [32m INFO[0m [2mdashboard_server[0m[2m:[0m Executing on peer L3:lr-27182:long_run:P3: INSERT INTO users (id, email, name) VALUES (?, ?, ?)
[2m2026-05-16T01:10:05.116764Z[0m [32m INFO[0m [2mdashboard_server[0m[2m:[0m Executing on peer L3:lr-27182:long_run:P0: INSERT INTO users (id, email, name) VALUES (?, ?, ?)
[2m2026-05-16T01:10:05.187462Z[0m [32m INFO[0m [2mdashboard_server[0m[2m:[0m Executing on peer L3:lr-27182:long_run:P3: INSERT INTO users (id, email, name) VALUES (?, ?, ?)
[2m2026-05-16T01:10:05.254818Z[0m [32m INFO[0m [2mdashboard_server[0m[2m:[0m Executing on peer L3:lr-27182:long_run:P1: INSERT INTO users (id, email, name) VALUES (?, ?, ?)
[2m2026-05-16T01:10:05.321845Z[0m [32m INFO[0m [2mdashboard_server[0m[2m:[0m Sync request: L3:lr-27182:long_run:P0 -> L3:lr-27182:long_run:P3
[2m2026-05-16T01:10:05.396654Z[0m [32m INFO[0m [2mdashboard_server[0m[2m:[0m Executing on peer L3:lr-27182:long_run:P3: INSERT INTO users (id, email, name) VALUES (?, ?, ?)
[2m2026-05-16T01:10:05.462837Z[0m [32m INFO[0m [2mdashboard_server[0m[2m:[0m Executing on peer L3:lr-27182:long_run:P1: INSERT INTO users (id, email, name) VALUES (?, ?, ?)
[2m2026-05-16T01:10:05.529076Z[0m [32m INFO[0m [2mdashboard_server[0m[2m:[0m Executing on peer L3:lr-27182:long_run:P0: DELETE FROM users WHERE id = ?
[2m2026-05-16T01:10:05.595681Z[0m [32m INFO[0m [2mdashboard_server[0m[2m:[0m Executing on peer L3:lr-27182:long_run:P2: INSERT INTO users (id, email, name) VALUES (?, ?, ?)
[2m2026-05-16T01:10:05.662211Z[0m [32m INFO[0m [2mdashboard_server[0m[2m:[0m Executing on peer L3:lr-27182:long_run:P2: INSERT INTO users (id, email, name) VALUES (?, ?, ?)
[2m2026-05-16T01:10:05.729609Z[0m [32m INFO[0m [2mdashboard_server[0m[2m:[0m Executing on peer L3:lr-27182:long_run:P3: INSERT INTO users (id, email, name) VALUES (?, ?, ?)
[2m2026-05-16T01:10:05.796029Z[0m [32m INFO[0m [2mdashboard_server[0m[2m:[0m Executing on peer L3:lr-27182:long_run:P1: INSERT INTO users (id, email, name) VALUES (?, ?, ?)
[2m2026-05-16T01:10:05.861694Z[0m [32m INFO[0m [2mdashboard_server[0m[2m:[0m Executing on peer L3:lr-27182:long_run:P2: UPDATE users SET email = ? WHERE id = ?
[2m2026-05-16T01:10:05.927630Z[0m [32m INFO[0m [2mdashboard_server[0m[2m:[0m Executing on peer L3:lr-27182:long_run:P1: UPDATE users SET email = ? WHERE id = ?
[2m2026-05-16T01:10:05.993992Z[0m [32m INFO[0m [2mdashboard_server[0m[2m:[0m Executing on peer L3:lr-27182:long_run:P2: INSERT INTO users (id, email, name) VALUES (?, ?, ?)
[2m2026-05-16T01:10:06.060621Z[0m [32m INFO[0m [2mdashboard_server[0m[2m:[0m Executing on peer L3:lr-27182:long_run:P3: UPDATE users SET name = ? WHERE id = ?
[2m2026-05-16T01:10:06.128662Z[0m [32m INFO[0m [2mdashboard_server[0m[2m:[0m Executing on peer L3:lr-27182:long_run:P2: DELETE FROM users WHERE id = ?
[2m2026-05-16T01:10:06.194801Z[0m [32m INFO[0m [2mdashboard_server[0m[2m:[0m Executing on peer L3:lr-27182:long_run:P0: DELETE FROM users WHERE id = ?
[2m2026-05-16T01:10:06.260480Z[0m [32m INFO[0m [2mdashboard_server[0m[2m:[0m Executing on peer L3:lr-27182:long_run:P3: INSERT INTO users (id, email, name) VALUES (?, ?, ?)
[2m2026-05-16T01:10:06.329314Z[0m [32m INFO[0m [2mdashboard_server[0m[2m:[0m Executing on peer L3:lr-27182:long_run:P3: INSERT INTO users (id, email, name) VALUES (?, ?, ?)
[2m2026-05-16T01:10:06.396163Z[0m [32m INFO[0m [2mdashboard_server[0m[2m:[0m Executing on peer L3:lr-27182:long_run:P2: UPDATE users SET email = ? WHERE id = ?
[2m2026-05-16T01:10:06.462377Z[0m [32m INFO[0m [2mdashboard_server[0m[2m:[0m Executing on peer L3:lr-27182:long_run:P3: INSERT INTO users (id, email, name) VALUES (?, ?, ?)
[2m2026-05-16T01:10:06.528257Z[0m [32m INFO[0m [2mdashboard_server[0m[2m:[0m Executing on peer L3:lr-27182:long_run:P0: UPDATE users SET name = ? WHERE id = ?
[2m2026-05-16T01:10:06.595999Z[0m [32m INFO[0m [2mdashboard_server[0m[2m:[0m Executing on peer L3:lr-27182:long_run:P0: INSERT INTO users (id, email, name) VALUES (?, ?, ?)
[2m2026-05-16T01:10:06.662233Z[0m [32m INFO[0m [2mdashboard_server[0m[2m:[0m Sync request: L3:lr-27182:long_run:P2 -> L3:lr-27182:long_run:P3
[2m2026-05-16T01:10:06.738756Z[0m [32m INFO[0m [2mdashboard_server[0m[2m:[0m Executing on peer L3:lr-27182:long_run:P0: UPDATE users SET email = ? WHERE id = ?
[2m2026-05-16T01:10:06.805973Z[0m [32m INFO[0m [2mdashboard_server[0m[2m:[0m Executing on peer L3:lr-27182:long_run:P1: INSERT INTO users (id, email, name) VALUES (?, ?, ?)
[2m2026-05-16T01:10:07.000868Z[0m [32m INFO[0m [2mdashboard_server[0m[2m:[0m Executing on peer L3:lr-27182:long_run:P2: UPDATE users SET name = ? WHERE id = ?
[2m2026-05-16T01:10:07.067853Z[0m [32m INFO[0m [2mdashboard_server[0m[2m:[0m Executing on peer L3:lr-27182:long_run:P0: INSERT INTO users (id, email, name) VALUES (?, ?, ?)
[2m2026-05-16T01:10:07.134675Z[0m [32m INFO[0m [2mdashboard_server[0m[2m:[0m Executing on peer L3:lr-27182:long_run:P3: INSERT INTO users (id, email, name) VALUES (?, ?, ?)
[2m2026-05-16T01:10:07.201763Z[0m [32m INFO[0m [2mdashboard_server[0m[2m:[0m Executing on peer L3:lr-27182:long_run:P0: INSERT INTO users (id, email, name) VALUES (?, ?, ?)
[2m2026-05-16T01:10:07.268489Z[0m [32m INFO[0m [2mdashboard_server[0m[2m:[0m Sync request: L3:lr-27182:long_run:P1 -> L3:lr-27182:long_run:P3
[2m2026-05-16T01:10:07.346637Z[0m [32m INFO[0m [2mdashboard_server[0m[2m:[0m Sync request: L3:lr-27182:long_run:P3 -> L3:lr-27182:long_run:P1
[2m2026-05-16T01:10:07.426057Z[0m [32m INFO[0m [2mdashboard_server[0m[2m:[0m Executing on peer L3:lr-27182:long_run:P0: INSERT INTO users (id, email, name) VALUES (?, ?, ?)
[2m2026-05-16T01:10:07.497573Z[0m [32m INFO[0m [2mdashboard_server[0m[2m:[0m Sync request: L3:lr-27182:long_run:P1 -> L3:lr-27182:long_run:P0
[2m2026-05-16T01:10:07.576172Z[0m [32m INFO[0m [2mdashboard_server[0m[2m:[0m Executing on peer L3:lr-27182:long_run:P3: INSERT INTO users (id, email, name) VALUES (?, ?, ?)
[2m2026-05-16T01:10:07.643556Z[0m [32m INFO[0m [2mdashboard_server[0m[2m:[0m Executing on peer L3:lr-27182:long_run:P0: UPDATE users SET email = ? WHERE id = ?
[2m2026-05-16T01:10:07.710947Z[0m [32m INFO[0m [2mdashboard_server[0m[2m:[0m Executing on peer L3:lr-27182:long_run:P0: INSERT INTO users (id, email, name) VALUES (?, ?, ?)
[2m2026-05-16T01:10:07.778816Z[0m [32m INFO[0m [2mdashboard_server[0m[2m:[0m Executing on peer L3:lr-27182:long_run:P1: INSERT INTO users (id, email, name) VALUES (?, ?, ?)
[2m2026-05-16T01:10:07.845503Z[0m [32m INFO[0m [2mdashboard_server[0m[2m:[0m Sync request: L3:lr-27182:long_run:P3 -> L3:lr-27182:long_run:P0
[2m2026-05-16T01:10:07.922115Z[0m [32m INFO[0m [2mdashboard_server[0m[2m:[0m Sync request: L3:lr-27182:long_run:P1 -> L3:lr-27182:long_run:P2
[2m2026-05-16T01:10:07.998632Z[0m [32m INFO[0m [2mdashboard_server[0m[2m:[0m Executing on peer L3:lr-27182:long_run:P0: INSERT INTO users (id, email, name) VALUES (?, ?, ?)
[2m2026-05-16T01:10:08.066199Z[0m [32m INFO[0m [2mdashboard_server[0m[2m:[0m Executing on peer L3:lr-27182:long_run:P2: INSERT INTO users (id, email, name) VALUES (?, ?, ?)
[2m2026-05-16T01:10:08.133615Z[0m [32m INFO[0m [2mdashboard_server[0m[2m:[0m Executing on peer L3:lr-27182:long_run:P1: INSERT INTO users (id, email, name) VALUES (?, ?, ?)
[2m2026-05-16T01:10:08.201522Z[0m [32m INFO[0m [2mdashboard_server[0m[2m:[0m Executing on peer L3:lr-27182:long_run:P3: UPDATE users SET name = ? WHERE id = ?
[2m2026-05-16T01:10:08.269503Z[0m [32m INFO[0m [2mdashboard_server[0m[2m:[0m Executing on peer L3:lr-27182:long_run:P3: DELETE FROM users WHERE id = ?
[2m2026-05-16T01:10:08.338069Z[0m [32m INFO[0m [2mdashboard_server[0m[2m:[0m Sync request: L3:lr-27182:long_run:P1 -> L3:lr-27182:long_run:P2
[2m2026-05-16T01:10:08.415429Z[0m [32m INFO[0m [2mdashboard_server[0m[2m:[0m Sync request: L3:lr-27182:long_run:P2 -> L3:lr-27182:long_run:P3
[2m2026-05-16T01:10:08.492662Z[0m [32m INFO[0m [2mdashboard_server[0m[2m:[0m Sync request: L3:lr-27182:long_run:P2 -> L3:lr-27182:long_run:P0
[2m2026-05-16T01:10:08.569877Z[0m [32m INFO[0m [2mdashboard_server[0m[2m:[0m Executing on peer L3:lr-27182:long_run:P0: UPDATE users SET email = ? WHERE id = ?
[2m2026-05-16T01:10:08.637570Z[0m [32m INFO[0m [2mdashboard_server[0m[2m:[0m Executing on peer L3:lr-27182:long_run:P2: INSERT INTO users (id, email, name) VALUES (?, ?, ?)
[2m2026-05-16T01:10:08.706046Z[0m [32m INFO[0m [2mdashboard_server[0m[2m:[0m Executing on peer L3:lr-27182:long_run:P3: UPDATE users SET name = ? WHERE id = ?
[2m2026-05-16T01:10:08.774486Z[0m [32m INFO[0m [2mdashboard_server[0m[2m:[0m Executing on peer L3:lr-27182:long_run:P2: DELETE FROM users WHERE id = ?
[2m2026-05-16T01:10:08.972328Z[0m [32m INFO[0m [2mdashboard_server[0m[2m:[0m Sync request: L3:lr-27182:long_run:P2 -> L3:lr-27182:long_run:P0
[2m2026-05-16T01:10:09.049550Z[0m [32m INFO[0m [2mdashboard_server[0m[2m:[0m Executing on peer L3:lr-27182:long_run:P1: INSERT INTO users (id, email, name) VALUES (?, ?, ?)
[2m2026-05-16T01:10:09.116918Z[0m [32m INFO[0m [2mdashboard_server[0m[2m:[0m Executing on peer L3:lr-27182:long_run:P3: INSERT INTO users (id, email, name) VALUES (?, ?, ?)
[2m2026-05-16T01:10:09.185085Z[0m [32m INFO[0m [2mdashboard_server[0m[2m:[0m Executing on peer L3:lr-27182:long_run:P2: INSERT INTO users (id, email, name) VALUES (?, ?, ?)
[2m2026-05-16T01:10:09.252762Z[0m [32m INFO[0m [2mdashboard_server[0m[2m:[0m Executing on peer L3:lr-27182:long_run:P2: UPDATE users SET name = ? WHERE id = ?
[2m2026-05-16T01:10:09.321834Z[0m [32m INFO[0m [2mdashboard_server[0m[2m:[0m Executing on peer L3:lr-27182:long_run:P3: UPDATE users SET name = ? WHERE id = ?
[2m2026-05-16T01:10:09.488490Z[0m [32m INFO[0m [2mdashboard_server[0m[2m:[0m Executing on peer L3:lr-27182:long_run:P1: INSERT INTO users (id, email, name) VALUES (?, ?, ?)
[2m2026-05-16T01:10:09.557452Z[0m [32m INFO[0m [2mdashboard_server[0m[2m:[0m Executing on peer L3:lr-27182:long_run:P0: INSERT INTO users (id, email, name) VALUES (?, ?, ?)
[2m2026-05-16T01:10:09.625463Z[0m [32m INFO[0m [2mdashboard_server[0m[2m:[0m Executing on peer L3:lr-27182:long_run:P1: INSERT INTO users (id, email, name) VALUES (?, ?, ?)
[2m2026-05-16T01:10:09.693076Z[0m [32m INFO[0m [2mdashboard_server[0m[2m:[0m Executing on peer L3:lr-27182:long_run:P2: UPDATE users SET email = ? WHERE id = ?
[2m2026-05-16T01:10:09.762150Z[0m [32m INFO[0m [2mdashboard_server[0m[2m:[0m Executing on peer L3:lr-27182:long_run:P1: INSERT INTO users (id, email, name) VALUES (?, ?, ?)
[2m2026-05-16T01:10:09.829658Z[0m [32m INFO[0m [2mdashboard_server[0m[2m:[0m Executing on peer L3:lr-27182:long_run:P0: UPDATE users SET name = ? WHERE id = ?
[2m2026-05-16T01:10:09.898242Z[0m [32m INFO[0m [2mdashboard_server[0m[2m:[0m Executing on peer L3:lr-27182:long_run:P3: INSERT INTO users (id, email, name) VALUES (?, ?, ?)
[2m2026-05-16T01:10:09.966645Z[0m [32m INFO[0m [2mdashboard_server[0m[2m:[0m Executing on peer L3:lr-27182:long_run:P0: UPDATE users SET email = ? WHERE id = ?
[2m2026-05-16T01:10:10.034561Z[0m [32m INFO[0m [2mdashboard_server[0m[2m:[0m Sync request: L3:lr-27182:long_run:P2 -> L3:lr-27182:long_run:P0
[2m2026-05-16T01:10:10.112311Z[0m [32m INFO[0m [2mdashboard_server[0m[2m:[0m Sync request: L3:lr-27182:long_run:P1 -> L3:lr-27182:long_run:P2
[2m2026-05-16T01:10:10.190998Z[0m [32m INFO[0m [2mdashboard_server[0m[2m:[0m Executing on peer L3:lr-27182:long_run:P2: INSERT INTO users (id, email, name) VALUES (?, ?, ?)
[2m2026-05-16T01:10:10.259651Z[0m [32m INFO[0m [2mdashboard_server[0m[2m:[0m Executing on peer L3:lr-27182:long_run:P1: UPDATE users SET email = ? WHERE id = ?
[2m2026-05-16T01:10:10.328646Z[0m [32m INFO[0m [2mdashboard_server[0m[2m:[0m Executing on peer L3:lr-27182:long_run:P1: INSERT INTO users (id, email, name) VALUES (?, ?, ?)
[2m2026-05-16T01:10:10.397688Z[0m [32m INFO[0m [2mdashboard_server[0m[2m:[0m Executing on peer L3:lr-27182:long_run:P2: INSERT INTO users (id, email, name) VALUES (?, ?, ?)
[2m2026-05-16T01:10:10.466407Z[0m [32m INFO[0m [2mdashboard_server[0m[2m:[0m Executing on peer L3:lr-27182:long_run:P1: INSERT INTO users (id, email, name) VALUES (?, ?, ?)
[2m2026-05-16T01:10:10.534285Z[0m [32m INFO[0m [2mdashboard_server[0m[2m:[0m Sync request: L3:lr-27182:long_run:P1 -> L3:lr-27182:long_run:P0
[2m2026-05-16T01:10:10.612605Z[0m [32m INFO[0m [2mdashboard_server[0m[2m:[0m Executing on peer L3:lr-27182:long_run:P2: INSERT INTO users (id, email, name) VALUES (?, ?, ?)
[2m2026-05-16T01:10:10.681251Z[0m [32m INFO[0m [2mdashboard_server[0m[2m:[0m Executing on peer L3:lr-27182:long_run:P1: INSERT INTO users (id, email, name) VALUES (?, ?, ?)
[2m2026-05-16T01:10:10.749425Z[0m [32m INFO[0m [2mdashboard_server[0m[2m:[0m Executing on peer L3:lr-27182:long_run:P0: INSERT INTO users (id, email, name) VALUES (?, ?, ?)
[2m2026-05-16T01:10:10.817732Z[0m [32m INFO[0m [2mdashboard_server[0m[2m:[0m Executing on peer L3:lr-27182:long_run:P2: INSERT INTO users (id, email, name) VALUES (?, ?, ?)
[2m2026-05-16T01:10:11.016999Z[0m [32m INFO[0m [2mdashboard_server[0m[2m:[0m Executing on peer L3:lr-27182:long_run:P3: UPDATE users SET name = ? WHERE id = ?
[2m2026-05-16T01:10:11.085134Z[0m [32m INFO[0m [2mdashboard_server[0m[2m:[0m Executing on peer L3:lr-27182:long_run:P2: INSERT INTO users (id, email, name) VALUES (?, ?, ?)
[2m2026-05-16T01:10:11.155461Z[0m [32m INFO[0m [2mdashboard_server[0m[2m:[0m Executing on peer L3:lr-27182:long_run:P0: INSERT INTO users (id, email, name) VALUES (?, ?, ?)
[2m2026-05-16T01:10:11.224395Z[0m [32m INFO[0m [2mdashboard_server[0m[2m:[0m Executing on peer L3:lr-27182:long_run:P1: INSERT INTO users (id, email, name) VALUES (?, ?, ?)
[2m2026-05-16T01:10:11.292581Z[0m [32m INFO[0m [2mdashboard_server[0m[2m:[0m Executing on peer L3:lr-27182:long_run:P0: INSERT INTO users (id, email, name) VALUES (?, ?, ?)
[2m2026-05-16T01:10:11.361417Z[0m [32m INFO[0m [2mdashboard_server[0m[2m:[0m Executing on peer L3:lr-27182:long_run:P3: INSERT INTO users (id, email, name) VALUES (?, ?, ?)
[2m2026-05-16T01:10:11.429740Z[0m [32m INFO[0m [2mdashboard_server[0m[2m:[0m Executing on peer L3:lr-27182:long_run:P3: INSERT INTO users (id, email, name) VALUES (?, ?, ?)
[2m2026-05-16T01:10:11.498283Z[0m [32m INFO[0m [2mdashboard_server[0m[2m:[0m Executing on peer L3:lr-27182:long_run:P3: INSERT INTO users (id, email, name) VALUES (?, ?, ?)
[2m2026-05-16T01:10:11.566661Z[0m [32m INFO[0m [2mdashboard_server[0m[2m:[0m Executing on peer L3:lr-27182:long_run:P0: INSERT INTO users (id, email, name) VALUES (?, ?, ?)
[2m2026-05-16T01:10:11.635430Z[0m [32m INFO[0m [2mdashboard_server[0m[2m:[0m Executing on peer L3:lr-27182:long_run:P1: UPDATE users SET email = ? WHERE id = ?
[2m2026-05-16T01:10:11.704468Z[0m [32m INFO[0m [2mdashboard_server[0m[2m:[0m Executing on peer L3:lr-27182:long_run:P0: INSERT INTO users (id, email, name) VALUES (?, ?, ?)
[2m2026-05-16T01:10:11.772915Z[0m [32m INFO[0m [2mdashboard_server[0m[2m:[0m Executing on peer L3:lr-27182:long_run:P2: INSERT INTO users (id, email, name) VALUES (?, ?, ?)
[2m2026-05-16T01:10:11.841957Z[0m [32m INFO[0m [2mdashboard_server[0m[2m:[0m Executing on peer L3:lr-27182:long_run:P2: INSERT INTO users (id, email, name) VALUES (?, ?, ?)
[2m2026-05-16T01:10:11.910675Z[0m [32m INFO[0m [2mdashboard_server[0m[2m:[0m Executing on peer L3:lr-27182:long_run:P2: INSERT INTO users (id, email, name) VALUES (?, ?, ?)
[2m2026-05-16T01:10:11.978126Z[0m [32m INFO[0m [2mdashboard_server[0m[2m:[0m Executing on peer L3:lr-27182:long_run:P3: INSERT INTO users (id, email, name) VALUES (?, ?, ?)
[2m2026-05-16T01:10:12.046490Z[0m [32m INFO[0m [2mdashboard_server[0m[2m:[0m Executing on peer L3:lr-27182:long_run:P3: UPDATE users SET email = ? WHERE id = ?
[2m2026-05-16T01:10:12.115370Z[0m [32m INFO[0m [2mdashboard_server[0m[2m:[0m Executing on peer L3:lr-27182:long_run:P3: UPDATE users SET name = ? WHERE id = ?
[2m2026-05-16T01:10:12.183693Z[0m [32m INFO[0m [2mdashboard_server[0m[2m:[0m Executing on peer L3:lr-27182:long_run:P3: INSERT INTO users (id, email, name) VALUES (?, ?, ?)
[2m2026-05-16T01:10:12.252535Z[0m [32m INFO[0m [2mdashboard_server[0m[2m:[0m Executing on peer L3:lr-27182:long_run:P2: INSERT INTO users (id, email, name) VALUES (?, ?, ?)
[2m2026-05-16T01:10:12.321900Z[0m [32m INFO[0m [2mdashboard_server[0m[2m:[0m Executing on peer L3:lr-27182:long_run:P0: INSERT INTO users (id, email, name) VALUES (?, ?, ?)
[2m2026-05-16T01:10:12.391087Z[0m [32m INFO[0m [2mdashboard_server[0m[2m:[0m Executing on peer L3:lr-27182:long_run:P0: UPDATE users SET email = ? WHERE id = ?
[2m2026-05-16T01:10:12.460216Z[0m [32m INFO[0m [2mdashboard_server[0m[2m:[0m Executing on peer L3:lr-27182:long_run:P1: UPDATE users SET name = ? WHERE id = ?
[2m2026-05-16T01:10:12.528593Z[0m [32m INFO[0m [2mdashboard_server[0m[2m:[0m Executing on peer L3:lr-27182:long_run:P0: INSERT INTO users (id, email, name) VALUES (?, ?, ?)
[2m2026-05-16T01:10:12.597233Z[0m [32m INFO[0m [2mdashboard_server[0m[2m:[0m Executing on peer L3:lr-27182:long_run:P3: INSERT INTO users (id, email, name) VALUES (?, ?, ?)
[2m2026-05-16T01:10:12.666118Z[0m [32m INFO[0m [2mdashboard_server[0m[2m:[0m Executing on peer L3:lr-27182:long_run:P3: INSERT INTO users (id, email, name) VALUES (?, ?, ?)
[2m2026-05-16T01:10:12.735015Z[0m [32m INFO[0m [2mdashboard_server[0m[2m:[0m Executing on peer L3:lr-27182:long_run:P1: UPDATE users SET name = ? WHERE id = ?
[2m2026-05-16T01:10:12.804116Z[0m [32m INFO[0m [2mdashboard_server[0m[2m:[0m Sync request: L3:lr-27182:long_run:P3 -> L3:lr-27182:long_run:P0
[2m2026-05-16T01:10:13.016708Z[0m [32m INFO[0m [2mdashboard_server[0m[2m:[0m Executing on peer L3:lr-27182:long_run:P0: INSERT INTO users (id, email, name) VALUES (?, ?, ?)
[2m2026-05-16T01:10:13.086179Z[0m [32m INFO[0m [2mdashboard_server[0m[2m:[0m Executing on peer L3:lr-27182:long_run:P0: INSERT INTO users (id, email, name) VALUES (?, ?, ?)
[2m2026-05-16T01:10:13.155411Z[0m [32m INFO[0m [2mdashboard_server[0m[2m:[0m Executing on peer L3:lr-27182:long_run:P2: UPDATE users SET email = ? WHERE id = ?
[2m2026-05-16T01:10:13.224636Z[0m [32m INFO[0m [2mdashboard_server[0m[2m:[0m Executing on peer L3:lr-27182:long_run:P2: UPDATE users SET email = ? WHERE id = ?
[2m2026-05-16T01:10:13.293315Z[0m [32m INFO[0m [2mdashboard_server[0m[2m:[0m Executing on peer L3:lr-27182:long_run:P3: UPDATE users SET name = ? WHERE id = ?
[2m2026-05-16T01:10:13.362504Z[0m [32m INFO[0m [2mdashboard_server[0m[2m:[0m Sync request: L3:lr-27182:long_run:P0 -> L3:lr-27182:long_run:P1
[2m2026-05-16T01:10:13.442418Z[0m [32m INFO[0m [2mdashboard_server[0m[2m:[0m Executing on peer L3:lr-27182:long_run:P2: UPDATE users SET name = ? WHERE id = ?
[2m2026-05-16T01:10:13.512335Z[0m [32m INFO[0m [2mdashboard_server[0m[2m:[0m Executing on peer L3:lr-27182:long_run:P3: INSERT INTO users (id, email, name) VALUES (?, ?, ?)
[2m2026-05-16T01:10:13.581802Z[0m [32m INFO[0m [2mdashboard_server[0m[2m:[0m Executing on peer L3:lr-27182:long_run:P2: UPDATE users SET name = ? WHERE id = ?
[2m2026-05-16T01:10:13.650985Z[0m [32m INFO[0m [2mdashboard_server[0m[2m:[0m Executing on peer L3:lr-27182:long_run:P3: UPDATE users SET name = ? WHERE id = ?
[2m2026-05-16T01:10:13.720677Z[0m [32m INFO[0m [2mdashboard_server[0m[2m:[0m Executing on peer L3:lr-27182:long_run:P3: UPDATE users SET name = ? WHERE id = ?
[2m2026-05-16T01:10:13.790450Z[0m [32m INFO[0m [2mdashboard_server[0m[2m:[0m Sync request: L3:lr-27182:long_run:P0 -> L3:lr-27182:long_run:P2
[2m2026-05-16T01:10:13.873096Z[0m [32m INFO[0m [2mdashboard_server[0m[2m:[0m Executing on peer L3:lr-27182:long_run:P3: INSERT INTO users (id, email, name) VALUES (?, ?, ?)
[2m2026-05-16T01:10:13.942071Z[0m [32m INFO[0m [2mdashboard_server[0m[2m:[0m Executing on peer L3:lr-27182:long_run:P0: DELETE FROM users WHERE id = ?
[2m2026-05-16T01:10:14.011206Z[0m [32m INFO[0m [2mdashboard_server[0m[2m:[0m Executing on peer L3:lr-27182:long_run:P1: UPDATE users SET email = ? WHERE id = ?
[2m2026-05-16T01:10:14.080543Z[0m [32m INFO[0m [2mdashboard_server[0m[2m:[0m Sync request: L3:lr-27182:long_run:P2 -> L3:lr-27182:long_run:P3
[2m2026-05-16T01:10:14.161731Z[0m [32m INFO[0m [2mdashboard_server[0m[2m:[0m Executing on peer L3:lr-27182:long_run:P3: INSERT INTO users (id, email, name) VALUES (?, ?, ?)
[2m2026-05-16T01:10:14.231329Z[0m [32m INFO[0m [2mdashboard_server[0m[2m:[0m Sync request: L3:lr-27182:long_run:P2 -> L3:lr-27182:long_run:P3
[2m2026-05-16T01:10:14.312397Z[0m [32m INFO[0m [2mdashboard_server[0m[2m:[0m Executing on peer L3:lr-27182:long_run:P0: UPDATE users SET email = ? WHERE id = ?
[2m2026-05-16T01:10:14.383034Z[0m [32m INFO[0m [2mdashboard_server[0m[2m:[0m Sync request: L3:lr-27182:long_run:P3 -> L3:lr-27182:long_run:P2
[2m2026-05-16T01:10:14.464097Z[0m [32m INFO[0m [2mdashboard_server[0m[2m:[0m Executing on peer L3:lr-27182:long_run:P0: UPDATE users SET name = ? WHERE id = ?
[2m2026-05-16T01:10:14.534407Z[0m [32m INFO[0m [2mdashboard_server[0m[2m:[0m Executing on peer L3:lr-27182:long_run:P0: INSERT INTO users (id, email, name) VALUES (?, ?, ?)
[2m2026-05-16T01:10:14.604145Z[0m [32m INFO[0m [2mdashboard_server[0m[2m:[0m Executing on peer L3:lr-27182:long_run:P0: INSERT INTO users (id, email, name) VALUES (?, ?, ?)
[2m2026-05-16T01:10:14.674598Z[0m [32m INFO[0m [2mdashboard_server[0m[2m:[0m Executing on peer L3:lr-27182:long_run:P2: INSERT INTO users (id, email, name) VALUES (?, ?, ?)
[2m2026-05-16T01:10:14.744556Z[0m [32m INFO[0m [2mdashboard_server[0m[2m:[0m Executing on peer L3:lr-27182:long_run:P3: INSERT INTO users (id, email, name) VALUES (?, ?, ?)
[2m2026-05-16T01:10:14.815059Z[0m [32m INFO[0m [2mdashboard_server[0m[2m:[0m Executing on peer L3:lr-27182:long_run:P1: INSERT INTO users (id, email, name) VALUES (?, ?, ?)
[2m2026-05-16T01:10:15.018957Z[0m [32m INFO[0m [2mdashboard_server[0m[2m:[0m Executing on peer L3:lr-27182:long_run:P3: UPDATE users SET email = ? WHERE id = ?
[2m2026-05-16T01:10:15.089472Z[0m [32m INFO[0m [2mdashboard_server[0m[2m:[0m Executing on peer L3:lr-27182:long_run:P0: UPDATE users SET email = ? WHERE id = ?
[2m2026-05-16T01:10:15.160277Z[0m [32m INFO[0m [2mdashboard_server[0m[2m:[0m Executing on peer L3:lr-27182:long_run:P3: INSERT INTO users (id, email, name) VALUES (?, ?, ?)
[2m2026-05-16T01:10:15.230418Z[0m [32m INFO[0m [2mdashboard_server[0m[2m:[0m Sync request: L3:lr-27182:long_run:P3 -> L3:lr-27182:long_run:P1
[2m2026-05-16T01:10:15.312448Z[0m [32m INFO[0m [2mdashboard_server[0m[2m:[0m Executing on peer L3:lr-27182:long_run:P3: INSERT INTO users (id, email, name) VALUES (?, ?, ?)
[2m2026-05-16T01:10:15.383210Z[0m [32m INFO[0m [2mdashboard_server[0m[2m:[0m Executing on peer L3:lr-27182:long_run:P1: UPDATE users SET name = ? WHERE id = ?
[2m2026-05-16T01:10:15.454680Z[0m [32m INFO[0m [2mdashboard_server[0m[2m:[0m Executing on peer L3:lr-27182:long_run:P1: INSERT INTO users (id, email, name) VALUES (?, ?, ?)
[2m2026-05-16T01:10:15.525602Z[0m [32m INFO[0m [2mdashboard_server[0m[2m:[0m Executing on peer L3:lr-27182:long_run:P1: INSERT INTO users (id, email, name) VALUES (?, ?, ?)
[2m2026-05-16T01:10:15.595785Z[0m [32m INFO[0m [2mdashboard_server[0m[2m:[0m Executing on peer L3:lr-27182:long_run:P3: INSERT INTO users (id, email, name) VALUES (?, ?, ?)
[2m2026-05-16T01:10:15.666567Z[0m [32m INFO[0m [2mdashboard_server[0m[2m:[0m Sync request: L3:lr-27182:long_run:P2 -> L3:lr-27182:long_run:P0
[2m2026-05-16T01:10:15.748785Z[0m [32m INFO[0m [2mdashboard_server[0m[2m:[0m Executing on peer L3:lr-27182:long_run:P0: INSERT INTO users (id, email, name) VALUES (?, ?, ?)
[2m2026-05-16T01:10:15.818770Z[0m [32m INFO[0m [2mdashboard_server[0m[2m:[0m Executing on peer L3:lr-27182:long_run:P2: INSERT INTO users (id, email, name) VALUES (?, ?, ?)
[2m2026-05-16T01:10:15.889326Z[0m [32m INFO[0m [2mdashboard_server[0m[2m:[0m Executing on peer L3:lr-27182:long_run:P3: DELETE FROM users WHERE id = ?
[2m2026-05-16T01:10:15.960337Z[0m [32m INFO[0m [2mdashboard_server[0m[2m:[0m Executing on peer L3:lr-27182:long_run:P2: UPDATE users SET name = ? WHERE id = ?
[2m2026-05-16T01:10:16.030826Z[0m [32m INFO[0m [2mdashboard_server[0m[2m:[0m Executing on peer L3:lr-27182:long_run:P3: INSERT INTO users (id, email, name) VALUES (?, ?, ?)
[2m2026-05-16T01:10:16.101088Z[0m [32m INFO[0m [2mdashboard_server[0m[2m:[0m Sync request: L3:lr-27182:long_run:P1 -> L3:lr-27182:long_run:P0
[2m2026-05-16T01:10:16.185278Z[0m [32m INFO[0m [2mdashboard_server[0m[2m:[0m Executing on peer L3:lr-27182:long_run:P2: INSERT INTO users (id, email, name) VALUES (?, ?, ?)
[2m2026-05-16T01:10:16.255483Z[0m [32m INFO[0m [2mdashboard_server[0m[2m:[0m Sync request: L3:lr-27182:long_run:P0 -> L3:lr-27182:long_run:P3
[2m2026-05-16T01:10:16.338307Z[0m [32m INFO[0m [2mdashboard_server[0m[2m:[0m Sync request: L3:lr-27182:long_run:P3 -> L3:lr-27182:long_run:P2
[2m2026-05-16T01:10:16.422487Z[0m [32m INFO[0m [2mdashboard_server[0m[2m:[0m Executing on peer L3:lr-27182:long_run:P0: INSERT INTO users (id, email, name) VALUES (?, ?, ?)
[2m2026-05-16T01:10:16.492656Z[0m [32m INFO[0m [2mdashboard_server[0m[2m:[0m Executing on peer L3:lr-27182:long_run:P3: INSERT INTO users (id, email, name) VALUES (?, ?, ?)
[2m2026-05-16T01:10:16.563978Z[0m [32m INFO[0m [2mdashboard_server[0m[2m:[0m Executing on peer L3:lr-27182:long_run:P2: DELETE FROM users WHERE id = ?
[2m2026-05-16T01:10:16.634907Z[0m [32m INFO[0m [2mdashboard_server[0m[2m:[0m Executing on peer L3:lr-27182:long_run:P3: INSERT INTO users (id, email, name) VALUES (?, ?, ?)
[2m2026-05-16T01:10:16.706004Z[0m [32m INFO[0m [2mdashboard_server[0m[2m:[0m Sync request: L3:lr-27182:long_run:P2 -> L3:lr-27182:long_run:P0
[2m2026-05-16T01:10:16.789034Z[0m [32m INFO[0m [2mdashboard_server[0m[2m:[0m Sync request: L3:lr-27182:long_run:P2 -> L3:lr-27182:long_run:P3
[2m2026-05-16T01:10:17.007114Z[0m [32m INFO[0m [2mdashboard_server[0m[2m:[0m Executing on peer L3:lr-27182:long_run:P3: INSERT INTO users (id, email, name) VALUES (?, ?, ?)
[2m2026-05-16T01:10:17.077437Z[0m [32m INFO[0m [2mdashboard_server[0m[2m:[0m Executing on peer L3:lr-27182:long_run:P3: INSERT INTO users (id, email, name) VALUES (?, ?, ?)
[2m2026-05-16T01:10:17.148194Z[0m [32m INFO[0m [2mdashboard_server[0m[2m:[0m Executing on peer L3:lr-27182:long_run:P3: INSERT INTO users (id, email, name) VALUES (?, ?, ?)
[2m2026-05-16T01:10:17.219591Z[0m [32m INFO[0m [2mdashboard_server[0m[2m:[0m Executing on peer L3:lr-27182:long_run:P2: UPDATE users SET email = ? WHERE id = ?
[2m2026-05-16T01:10:17.290970Z[0m [32m INFO[0m [2mdashboard_server[0m[2m:[0m Executing on peer L3:lr-27182:long_run:P0: UPDATE users SET email = ? WHERE id = ?
[2m2026-05-16T01:10:17.361997Z[0m [32m INFO[0m [2mdashboard_server[0m[2m:[0m Executing on peer L3:lr-27182:long_run:P1: INSERT INTO users (id, email, name) VALUES (?, ?, ?)
[2m2026-05-16T01:10:17.432760Z[0m [32m INFO[0m [2mdashboard_server[0m[2m:[0m Sync request: L3:lr-27182:long_run:P0 -> L3:lr-27182:long_run:P2
[2m2026-05-16T01:10:17.515937Z[0m [32m INFO[0m [2mdashboard_server[0m[2m:[0m Executing on peer L3:lr-27182:long_run:P0: INSERT INTO users (id, email, name) VALUES (?, ?, ?)
[2m2026-05-16T01:10:17.586722Z[0m [32m INFO[0m [2mdashboard_server[0m[2m:[0m Executing on peer L3:lr-27182:long_run:P1: DELETE FROM users WHERE id = ?
[2m2026-05-16T01:10:17.657952Z[0m [32m INFO[0m [2mdashboard_server[0m[2m:[0m Executing on peer L3:lr-27182:long_run:P0: INSERT INTO users (id, email, name) VALUES (?, ?, ?)
[2m2026-05-16T01:10:17.728576Z[0m [32m INFO[0m [2mdashboard_server[0m[2m:[0m Executing on peer L3:lr-27182:long_run:P2: INSERT INTO users (id, email, name) VALUES (?, ?, ?)
[2m2026-05-16T01:10:17.799786Z[0m [32m INFO[0m [2mdashboard_server[0m[2m:[0m Executing on peer L3:lr-27182:long_run:P0: INSERT INTO users (id, email, name) VALUES (?, ?, ?)
[2m2026-05-16T01:10:17.870694Z[0m [32m INFO[0m [2mdashboard_server[0m[2m:[0m Executing on peer L3:lr-27182:long_run:P0: INSERT INTO users (id, email, name) VALUES (?, ?, ?)
[2m2026-05-16T01:10:17.941981Z[0m [32m INFO[0m [2mdashboard_server[0m[2m:[0m Executing on peer L3:lr-27182:long_run:P1: UPDATE users SET email = ? WHERE id = ?
[2m2026-05-16T01:10:18.013902Z[0m [32m INFO[0m [2mdashboard_server[0m[2m:[0m Executing on peer L3:lr-27182:long_run:P1: INSERT INTO users (id, email, name) VALUES (?, ?, ?)
[2m2026-05-16T01:10:18.085030Z[0m [32m INFO[0m [2mdashboard_server[0m[2m:[0m Executing on peer L3:lr-27182:long_run:P3: INSERT INTO users (id, email, name) VALUES (?, ?, ?)
[2m2026-05-16T01:10:18.156227Z[0m [32m INFO[0m [2mdashboard_server[0m[2m:[0m Executing on peer L3:lr-27182:long_run:P1: INSERT INTO users (id, email, name) VALUES (?, ?, ?)
[2m2026-05-16T01:10:18.227552Z[0m [32m INFO[0m [2mdashboard_server[0m[2m:[0m Executing on peer L3:lr-27182:long_run:P1: INSERT INTO users (id, email, name) VALUES (?, ?, ?)
[2m2026-05-16T01:10:18.297909Z[0m [32m INFO[0m [2mdashboard_server[0m[2m:[0m Executing on peer L3:lr-27182:long_run:P3: INSERT INTO users (id, email, name) VALUES (?, ?, ?)
[2m2026-05-16T01:10:18.370405Z[0m [32m INFO[0m [2mdashboard_server[0m[2m:[0m Executing on peer L3:lr-27182:long_run:P2: DELETE FROM users WHERE id = ?
[2m2026-05-16T01:10:18.442258Z[0m [32m INFO[0m [2mdashboard_server[0m[2m:[0m Executing on peer L3:lr-27182:long_run:P0: INSERT INTO users (id, email, name) VALUES (?, ?, ?)
[2m2026-05-16T01:10:18.513976Z[0m [32m INFO[0m [2mdashboard_server[0m[2m:[0m Executing on peer L3:lr-27182:long_run:P3: INSERT INTO users (id, email, name) VALUES (?, ?, ?)
[2m2026-05-16T01:10:18.585719Z[0m [32m INFO[0m [2mdashboard_server[0m[2m:[0m Executing on peer L3:lr-27182:long_run:P2: INSERT INTO users (id, email, name) VALUES (?, ?, ?)
[2m2026-05-16T01:10:18.657113Z[0m [32m INFO[0m [2mdashboard_server[0m[2m:[0m Executing on peer L3:lr-27182:long_run:P3: INSERT INTO users (id, email, name) VALUES (?, ?, ?)
[2m2026-05-16T01:10:18.728387Z[0m [32m INFO[0m [2mdashboard_server[0m[2m:[0m Executing on peer L3:lr-27182:long_run:P1: INSERT INTO users (id, email, name) VALUES (?, ?, ?)
[2m2026-05-16T01:10:18.799556Z[0m [32m INFO[0m [2mdashboard_server[0m[2m:[0m Executing on peer L3:lr-27182:long_run:P2: UPDATE users SET email = ? WHERE id = ?
[2m2026-05-16T01:10:19.007013Z[0m [32m INFO[0m [2mdashboard_server[0m[2m:[0m Executing on peer L3:lr-27182:long_run:P0: INSERT INTO users (id, email, name) VALUES (?, ?, ?)
[2m2026-05-16T01:10:19.077800Z[0m [32m INFO[0m [2mdashboard_server[0m[2m:[0m Sync request: L3:lr-27182:long_run:P0 -> L3:lr-27182:long_run:P1
[2m2026-05-16T01:10:19.162652Z[0m [32m INFO[0m [2mdashboard_server[0m[2m:[0m Executing on peer L3:lr-27182:long_run:P2: INSERT INTO users (id, email, name) VALUES (?, ?, ?)
[2m2026-05-16T01:10:19.234063Z[0m [32m INFO[0m [2mdashboard_server[0m[2m:[0m Executing on peer L3:lr-27182:long_run:P1: UPDATE users SET email = ? WHERE id = ?
[2m2026-05-16T01:10:19.305656Z[0m [32m INFO[0m [2mdashboard_server[0m[2m:[0m Executing on peer L3:lr-27182:long_run:P2: INSERT INTO users (id, email, name) VALUES (?, ?, ?)
[2m2026-05-16T01:10:19.377136Z[0m [32m INFO[0m [2mdashboard_server[0m[2m:[0m Sync request: L3:lr-27182:long_run:P2 -> L3:lr-27182:long_run:P0
[2m2026-05-16T01:10:19.462617Z[0m [32m INFO[0m [2mdashboard_server[0m[2m:[0m Executing on peer L3:lr-27182:long_run:P3: INSERT INTO users (id, email, name) VALUES (?, ?, ?)
[2m2026-05-16T01:10:19.534574Z[0m [32m INFO[0m [2mdashboard_server[0m[2m:[0m Sync request: L3:lr-27182:long_run:P3 -> L3:lr-27182:long_run:P0
[2m2026-05-16T01:10:19.620923Z[0m [32m INFO[0m [2mdashboard_server[0m[2m:[0m Executing on peer L3:lr-27182:long_run:P3: INSERT INTO users (id, email, name) VALUES (?, ?, ?)
[2m2026-05-16T01:10:19.693494Z[0m [32m INFO[0m [2mdashboard_server[0m[2m:[0m Executing on peer L3:lr-27182:long_run:P0: UPDATE users SET name = ? WHERE id = ?
[2m2026-05-16T01:10:19.766572Z[0m [32m INFO[0m [2mdashboard_server[0m[2m:[0m Executing on peer L3:lr-27182:long_run:P1: UPDATE users SET name = ? WHERE id = ?
[2m2026-05-16T01:10:19.838552Z[0m [32m INFO[0m [2mdashboard_server[0m[2m:[0m Executing on peer L3:lr-27182:long_run:P1: INSERT INTO users (id, email, name) VALUES (?, ?, ?)
[2m2026-05-16T01:10:19.910160Z[0m [32m INFO[0m [2mdashboard_server[0m[2m:[0m Executing on peer L3:lr-27182:long_run:P1: INSERT INTO users (id, email, name) VALUES (?, ?, ?)
[2m2026-05-16T01:10:19.982230Z[0m [32m INFO[0m [2mdashboard_server[0m[2m:[0m Executing on peer L3:lr-27182:long_run:P2: INSERT INTO users (id, email, name) VALUES (?, ?, ?)
[2m2026-05-16T01:10:20.054388Z[0m [32m INFO[0m [2mdashboard_server[0m[2m:[0m Sync request: L3:lr-27182:long_run:P2 -> L3:lr-27182:long_run:P3
[2m2026-05-16T01:10:20.140757Z[0m [32m INFO[0m [2mdashboard_server[0m[2m:[0m Executing on peer L3:lr-27182:long_run:P0: UPDATE users SET name = ? WHERE id = ?
[2m2026-05-16T01:10:20.212940Z[0m [32m INFO[0m [2mdashboard_server[0m[2m:[0m Executing on peer L3:lr-27182:long_run:P1: UPDATE users SET name = ? WHERE id = ?
[2m2026-05-16T01:10:20.285141Z[0m [32m INFO[0m [2mdashboard_server[0m[2m:[0m Executing on peer L3:lr-27182:long_run:P0: INSERT INTO users (id, email, name) VALUES (?, ?, ?)
[2m2026-05-16T01:10:20.358187Z[0m [32m INFO[0m [2mdashboard_server[0m[2m:[0m Executing on peer L3:lr-27182:long_run:P0: INSERT INTO users (id, email, name) VALUES (?, ?, ?)
[2m2026-05-16T01:10:20.430873Z[0m [32m INFO[0m [2mdashboard_server[0m[2m:[0m Executing on peer L3:lr-27182:long_run:P1: INSERT INTO users (id, email, name) VALUES (?, ?, ?)
[2m2026-05-16T01:10:20.503392Z[0m [32m INFO[0m [2mdashboard_server[0m[2m:[0m Executing on peer L3:lr-27182:long_run:P0: INSERT INTO users (id, email, name) VALUES (?, ?, ?)
[2m2026-05-16T01:10:20.576463Z[0m [32m INFO[0m [2mdashboard_server[0m[2m:[0m Executing on peer L3:lr-27182:long_run:P1: INSERT INTO users (id, email, name) VALUES (?, ?, ?)
[2m2026-05-16T01:10:20.648900Z[0m [32m INFO[0m [2mdashboard_server[0m[2m:[0m Executing on peer L3:lr-27182:long_run:P1: INSERT INTO users (id, email, name) VALUES (?, ?, ?)
[2m2026-05-16T01:10:20.721287Z[0m [32m INFO[0m [2mdashboard_server[0m[2m:[0m Executing on peer L3:lr-27182:long_run:P1: INSERT INTO users (id, email, name) VALUES (?, ?, ?)
[2m2026-05-16T01:10:20.794132Z[0m [32m INFO[0m [2mdashboard_server[0m[2m:[0m Executing on peer L3:lr-27182:long_run:P1: UPDATE users SET name = ? WHERE id = ?
[2m2026-05-16T01:10:21.004618Z[0m [32m INFO[0m [2mdashboard_server[0m[2m:[0m Executing on peer L3:lr-27182:long_run:P0: INSERT INTO users (id, email, name) VALUES (?, ?, ?)
[2m2026-05-16T01:10:21.076854Z[0m [32m INFO[0m [2mdashboard_server[0m[2m:[0m Executing on peer L3:lr-27182:long_run:P1: INSERT INTO users (id, email, name) VALUES (?, ?, ?)
[2m2026-05-16T01:10:21.150412Z[0m [32m INFO[0m [2mdashboard_server[0m[2m:[0m Executing on peer L3:lr-27182:long_run:P1: INSERT INTO users (id, email, name) VALUES (?, ?, ?)
[2m2026-05-16T01:10:21.223173Z[0m [32m INFO[0m [2mdashboard_server[0m[2m:[0m Sync request: L3:lr-27182:long_run:P3 -> L3:lr-27182:long_run:P2
[2m2026-05-16T01:10:21.308129Z[0m [32m INFO[0m [2mdashboard_server[0m[2m:[0m Executing on peer L3:lr-27182:long_run:P1: INSERT INTO users (id, email, name) VALUES (?, ?, ?)
[2m2026-05-16T01:10:21.381024Z[0m [32m INFO[0m [2mdashboard_server[0m[2m:[0m Sync request: L3:lr-27182:long_run:P0 -> L3:lr-27182:long_run:P3
[2m2026-05-16T01:10:21.466772Z[0m [32m INFO[0m [2mdashboard_server[0m[2m:[0m Sync request: L3:lr-27182:long_run:P3 -> L3:lr-27182:long_run:P1
[2m2026-05-16T01:10:21.555076Z[0m [32m INFO[0m [2mdashboard_server[0m[2m:[0m Executing on peer L3:lr-27182:long_run:P1: UPDATE users SET email = ? WHERE id = ?
[2m2026-05-16T01:10:21.628189Z[0m [32m INFO[0m [2mdashboard_server[0m[2m:[0m Executing on peer L3:lr-27182:long_run:P1: INSERT INTO users (id, email, name) VALUES (?, ?, ?)
[2m2026-05-16T01:10:21.701202Z[0m [32m INFO[0m [2mdashboard_server[0m[2m:[0m Sync request: L3:lr-27182:long_run:P1 -> L3:lr-27182:long_run:P0
[2m2026-05-16T01:10:21.788648Z[0m [32m INFO[0m [2mdashboard_server[0m[2m:[0m Executing on peer L3:lr-27182:long_run:P3: INSERT INTO users (id, email, name) VALUES (?, ?, ?)
[2m2026-05-16T01:10:21.861381Z[0m [32m INFO[0m [2mdashboard_server[0m[2m:[0m Executing on peer L3:lr-27182:long_run:P2: UPDATE users SET name = ? WHERE id = ?
[2m2026-05-16T01:10:21.934262Z[0m [32m INFO[0m [2mdashboard_server[0m[2m:[0m Sync request: L3:lr-27182:long_run:P0 -> L3:lr-27182:long_run:P2
[2m2026-05-16T01:10:22.021598Z[0m [32m INFO[0m [2mdashboard_server[0m[2m:[0m Sync request: L3:lr-27182:long_run:P3 -> L3:lr-27182:long_run:P1
[2m2026-05-16T01:10:22.108774Z[0m [32m INFO[0m [2mdashboard_server[0m[2m:[0m Executing on peer L3:lr-27182:long_run:P3: INSERT INTO users (id, email, name) VALUES (?, ?, ?)
[2m2026-05-16T01:10:22.181911Z[0m [32m INFO[0m [2mdashboard_server[0m[2m:[0m Executing on peer L3:lr-27182:long_run:P2: INSERT INTO users (id, email, name) VALUES (?, ?, ?)
[2m2026-05-16T01:10:22.254974Z[0m [32m INFO[0m [2mdashboard_server[0m[2m:[0m Executing on peer L3:lr-27182:long_run:P2: INSERT INTO users (id, email, name) VALUES (?, ?, ?)
[2m2026-05-16T01:10:22.327989Z[0m [32m INFO[0m [2mdashboard_server[0m[2m:[0m Sync request: L3:lr-27182:long_run:P1 -> L3:lr-27182:long_run:P3
[2m2026-05-16T01:10:22.415850Z[0m [32m INFO[0m [2mdashboard_server[0m[2m:[0m Executing on peer L3:lr-27182:long_run:P2: DELETE FROM users WHERE id = ?
[2m2026-05-16T01:10:22.489235Z[0m [32m INFO[0m [2mdashboard_server[0m[2m:[0m Sync request: L3:lr-27182:long_run:P3 -> L3:lr-27182:long_run:P2
[2m2026-05-16T01:10:22.576388Z[0m [32m INFO[0m [2mdashboard_server[0m[2m:[0m Sync request: L3:lr-27182:long_run:P3 -> L3:lr-27182:long_run:P1
[2m2026-05-16T01:10:22.663799Z[0m [32m INFO[0m [2mdashboard_server[0m[2m:[0m Executing on peer L3:lr-27182:long_run:P0: UPDATE users SET name = ? WHERE id = ?
[2m2026-05-16T01:10:22.740022Z[0m [32m INFO[0m [2mdashboard_server[0m[2m:[0m Executing on peer L3:lr-27182:long_run:P3: INSERT INTO users (id, email, name) VALUES (?, ?, ?)
[2m2026-05-16T01:10:22.814136Z[0m [32m INFO[0m [2mdashboard_server[0m[2m:[0m Executing on peer L3:lr-27182:long_run:P2: INSERT INTO users (id, email, name) VALUES (?, ?, ?)
[2m2026-05-16T01:10:23.026837Z[0m [32m INFO[0m [2mdashboard_server[0m[2m:[0m Sync request: L3:lr-27182:long_run:P3 -> L3:lr-27182:long_run:P0
[2m2026-05-16T01:10:23.113511Z[0m [32m INFO[0m [2mdashboard_server[0m[2m:[0m Sync request: L3:lr-27182:long_run:P3 -> L3:lr-27182:long_run:P1
[2m2026-05-16T01:10:23.200930Z[0m [32m INFO[0m [2mdashboard_server[0m[2m:[0m Executing on peer L3:lr-27182:long_run:P2: UPDATE users SET email = ? WHERE id = ?
[2m2026-05-16T01:10:23.274703Z[0m [32m INFO[0m [2mdashboard_server[0m[2m:[0m Executing on peer L3:lr-27182:long_run:P0: INSERT INTO users (id, email, name) VALUES (?, ?, ?)
[2m2026-05-16T01:10:23.349112Z[0m [32m INFO[0m [2mdashboard_server[0m[2m:[0m Executing on peer L3:lr-27182:long_run:P1: UPDATE users SET email = ? WHERE id = ?
[2m2026-05-16T01:10:23.423040Z[0m [32m INFO[0m [2mdashboard_server[0m[2m:[0m Executing on peer L3:lr-27182:long_run:P2: INSERT INTO users (id, email, name) VALUES (?, ?, ?)
[2m2026-05-16T01:10:23.496345Z[0m [32m INFO[0m [2mdashboard_server[0m[2m:[0m Executing on peer L3:lr-27182:long_run:P2: UPDATE users SET name = ? WHERE id = ?
[2m2026-05-16T01:10:23.570154Z[0m [32m INFO[0m [2mdashboard_server[0m[2m:[0m Sync request: L3:lr-27182:long_run:P3 -> L3:lr-27182:long_run:P1
[2m2026-05-16T01:10:23.658219Z[0m [32m INFO[0m [2mdashboard_server[0m[2m:[0m Executing on peer L3:lr-27182:long_run:P0: INSERT INTO users (id, email, name) VALUES (?, ?, ?)
[2m2026-05-16T01:10:23.731748Z[0m [32m INFO[0m [2mdashboard_server[0m[2m:[0m Executing on peer L3:lr-27182:long_run:P2: INSERT INTO users (id, email, name) VALUES (?, ?, ?)
[2m2026-05-16T01:10:23.805072Z[0m [32m INFO[0m [2mdashboard_server[0m[2m:[0m Executing on peer L3:lr-27182:long_run:P3: INSERT INTO users (id, email, name) VALUES (?, ?, ?)
[2m2026-05-16T01:10:23.877841Z[0m [32m INFO[0m [2mdashboard_server[0m[2m:[0m Executing on peer L3:lr-27182:long_run:P2: INSERT INTO users (id, email, name) VALUES (?, ?, ?)
[2m2026-05-16T01:10:23.951701Z[0m [32m INFO[0m [2mdashboard_server[0m[2m:[0m Executing on peer L3:lr-27182:long_run:P3: UPDATE users SET email = ? WHERE id = ?
[2m2026-05-16T01:10:24.025903Z[0m [32m INFO[0m [2mdashboard_server[0m[2m:[0m Executing on peer L3:lr-27182:long_run:P3: UPDATE users SET name = ? WHERE id = ?
[2m2026-05-16T01:10:24.101679Z[0m [32m INFO[0m [2mdashboard_server[0m[2m:[0m Executing on peer L3:lr-27182:long_run:P0: INSERT INTO users (id, email, name) VALUES (?, ?, ?)
[2m2026-05-16T01:10:24.175717Z[0m [32m INFO[0m [2mdashboard_server[0m[2m:[0m Executing on peer L3:lr-27182:long_run:P3: UPDATE users SET name = ? WHERE id = ?
[2m2026-05-16T01:10:24.249668Z[0m [32m INFO[0m [2mdashboard_server[0m[2m:[0m Executing on peer L3:lr-27182:long_run:P1: INSERT INTO users (id, email, name) VALUES (?, ?, ?)
[2m2026-05-16T01:10:24.325574Z[0m [32m INFO[0m [2mdashboard_server[0m[2m:[0m Executing on peer L3:lr-27182:long_run:P0: UPDATE users SET email = ? WHERE id = ?
[2m2026-05-16T01:10:24.399337Z[0m [32m INFO[0m [2mdashboard_server[0m[2m:[0m Sync request: L3:lr-27182:long_run:P0 -> L3:lr-27182:long_run:P2
[2m2026-05-16T01:10:24.487830Z[0m [32m INFO[0m [2mdashboard_server[0m[2m:[0m Executing on peer L3:lr-27182:long_run:P1: INSERT INTO users (id, email, name) VALUES (?, ?, ?)
[2m2026-05-16T01:10:24.560865Z[0m [32m INFO[0m [2mdashboard_server[0m[2m:[0m Sync request: L3:lr-27182:long_run:P3 -> L3:lr-27182:long_run:P0
[2m2026-05-16T01:10:24.649459Z[0m [32m INFO[0m [2mdashboard_server[0m[2m:[0m Executing on peer L3:lr-27182:long_run:P1: INSERT INTO users (id, email, name) VALUES (?, ?, ?)
[2m2026-05-16T01:10:24.724174Z[0m [32m INFO[0m [2mdashboard_server[0m[2m:[0m Executing on peer L3:lr-27182:long_run:P0: INSERT INTO users (id, email, name) VALUES (?, ?, ?)
[2m2026-05-16T01:10:24.799068Z[0m [32m INFO[0m [2mdashboard_server[0m[2m:[0m Executing on peer L3:lr-27182:long_run:P3: UPDATE users SET email = ? WHERE id = ?
[2m2026-05-16T01:10:25.013447Z[0m [32m INFO[0m [2mdashboard_server[0m[2m:[0m Executing on peer L3:lr-27182:long_run:P3: INSERT INTO users (id, email, name) VALUES (?, ?, ?)
[2m2026-05-16T01:10:25.087347Z[0m [32m INFO[0m [2mdashboard_server[0m[2m:[0m Executing on peer L3:lr-27182:long_run:P1: UPDATE users SET name = ? WHERE id = ?
[2m2026-05-16T01:10:25.161215Z[0m [32m INFO[0m [2mdashboard_server[0m[2m:[0m Executing on peer L3:lr-27182:long_run:P1: INSERT INTO users (id, email, name) VALUES (?, ?, ?)
[2m2026-05-16T01:10:25.235039Z[0m [32m INFO[0m [2mdashboard_server[0m[2m:[0m Executing on peer L3:lr-27182:long_run:P0: INSERT INTO users (id, email, name) VALUES (?, ?, ?)
[2m2026-05-16T01:10:25.307800Z[0m [32m INFO[0m [2mdashboard_server[0m[2m:[0m Sync request: L3:lr-27182:long_run:P0 -> L3:lr-27182:long_run:P2
[2m2026-05-16T01:10:25.396653Z[0m [32m INFO[0m [2mdashboard_server[0m[2m:[0m Executing on peer L3:lr-27182:long_run:P3: INSERT INTO users (id, email, name) VALUES (?, ?, ?)
[2m2026-05-16T01:10:25.470984Z[0m [32m INFO[0m [2mdashboard_server[0m[2m:[0m Executing on peer L3:lr-27182:long_run:P2: INSERT INTO users (id, email, name) VALUES (?, ?, ?)
[2m2026-05-16T01:10:25.544589Z[0m [32m INFO[0m [2mdashboard_server[0m[2m:[0m Sync request: L3:lr-27182:long_run:P2 -> L3:lr-27182:long_run:P3
[2m2026-05-16T01:10:25.633711Z[0m [32m INFO[0m [2mdashboard_server[0m[2m:[0m Executing on peer L3:lr-27182:long_run:P0: INSERT INTO users (id, email, name) VALUES (?, ?, ?)
[2m2026-05-16T01:10:25.708154Z[0m [32m INFO[0m [2mdashboard_server[0m[2m:[0m Executing on peer L3:lr-27182:long_run:P1: UPDATE users SET name = ? WHERE id = ?
[2m2026-05-16T01:10:25.783304Z[0m [32m INFO[0m [2mdashboard_server[0m[2m:[0m Sync request: L3:lr-27182:long_run:P2 -> L3:lr-27182:long_run:P3
[2m2026-05-16T01:10:25.872024Z[0m [32m INFO[0m [2mdashboard_server[0m[2m:[0m Executing on peer L3:lr-27182:long_run:P2: INSERT INTO users (id, email, name) VALUES (?, ?, ?)
[2m2026-05-16T01:10:25.945934Z[0m [32m INFO[0m [2mdashboard_server[0m[2m:[0m Sync request: L3:lr-27182:long_run:P0 -> L3:lr-27182:long_run:P3
[2m2026-05-16T01:10:26.034824Z[0m [32m INFO[0m [2mdashboard_server[0m[2m:[0m Executing on peer L3:lr-27182:long_run:P2: UPDATE users SET name = ? WHERE id = ?
[2m2026-05-16T01:10:26.109971Z[0m [32m INFO[0m [2mdashboard_server[0m[2m:[0m Executing on peer L3:lr-27182:long_run:P1: INSERT INTO users (id, email, name) VALUES (?, ?, ?)
[2m2026-05-16T01:10:26.185288Z[0m [32m INFO[0m [2mdashboard_server[0m[2m:[0m Executing on peer L3:lr-27182:long_run:P2: INSERT INTO users (id, email, name) VALUES (?, ?, ?)
[2m2026-05-16T01:10:26.259941Z[0m [32m INFO[0m [2mdashboard_server[0m[2m:[0m Sync request: L3:lr-27182:long_run:P3 -> L3:lr-27182:long_run:P1
[2m2026-05-16T01:10:26.400404Z[0m [32m INFO[0m [2mdashboard_server[0m[2m:[0m Executing on peer L3:lr-27182:long_run:P2: DELETE FROM users WHERE id = ?
[2m2026-05-16T01:10:26.476018Z[0m [32m INFO[0m [2mdashboard_server[0m[2m:[0m Executing on peer L3:lr-27182:long_run:P3: INSERT INTO users (id, email, name) VALUES (?, ?, ?)
[2m2026-05-16T01:10:26.550872Z[0m [32m INFO[0m [2mdashboard_server[0m[2m:[0m Executing on peer L3:lr-27182:long_run:P1: UPDATE users SET name = ? WHERE id = ?
[2m2026-05-16T01:10:26.625976Z[0m [32m INFO[0m [2mdashboard_server[0m[2m:[0m Sync request: L3:lr-27182:long_run:P2 -> L3:lr-27182:long_run:P3
[2m2026-05-16T01:10:26.716584Z[0m [32m INFO[0m [2mdashboard_server[0m[2m:[0m Executing on peer L3:lr-27182:long_run:P1: DELETE FROM users WHERE id = ?
[2m2026-05-16T01:10:26.982323Z[0m [32m INFO[0m [2mdashboard_server[0m[2m:[0m Executing on peer L3:lr-27182:long_run:P1: INSERT INTO users (id, email, name) VALUES (?, ?, ?)
[2m2026-05-16T01:10:27.056850Z[0m [32m INFO[0m [2mdashboard_server[0m[2m:[0m Executing on peer L3:lr-27182:long_run:P0: INSERT INTO users (id, email, name) VALUES (?, ?, ?)
[2m2026-05-16T01:10:27.131314Z[0m [32m INFO[0m [2mdashboard_server[0m[2m:[0m Executing on peer L3:lr-27182:long_run:P3: INSERT INTO users (id, email, name) VALUES (?, ?, ?)
[2m2026-05-16T01:10:27.206271Z[0m [32m INFO[0m [2mdashboard_server[0m[2m:[0m Executing on peer L3:lr-27182:long_run:P0: INSERT INTO users (id, email, name) VALUES (?, ?, ?)
[2m2026-05-16T01:10:27.279884Z[0m [32m INFO[0m [2mdashboard_server[0m[2m:[0m Executing on peer L3:lr-27182:long_run:P3: INSERT INTO users (id, email, name) VALUES (?, ?, ?)
[2m2026-05-16T01:10:27.355015Z[0m [32m INFO[0m [2mdashboard_server[0m[2m:[0m Executing on peer L3:lr-27182:long_run:P0: UPDATE users SET name = ? WHERE id = ?
[2m2026-05-16T01:10:27.429949Z[0m [32m INFO[0m [2mdashboard_server[0m[2m:[0m Executing on peer L3:lr-27182:long_run:P0: UPDATE users SET email = ? WHERE id = ?
[2m2026-05-16T01:10:27.504893Z[0m [32m INFO[0m [2mdashboard_server[0m[2m:[0m Executing on peer L3:lr-27182:long_run:P1: INSERT INTO users (id, email, name) VALUES (?, ?, ?)
[2m2026-05-16T01:10:27.579180Z[0m [32m INFO[0m [2mdashboard_server[0m[2m:[0m Executing on peer L3:lr-27182:long_run:P1: INSERT INTO users (id, email, name) VALUES (?, ?, ?)
[2m2026-05-16T01:10:27.654163Z[0m [32m INFO[0m [2mdashboard_server[0m[2m:[0m Sync request: L3:lr-27182:long_run:P3 -> L3:lr-27182:long_run:P2
[2m2026-05-16T01:10:27.744603Z[0m [32m INFO[0m [2mdashboard_server[0m[2m:[0m Executing on peer L3:lr-27182:long_run:P2: INSERT INTO users (id, email, name) VALUES (?, ?, ?)
[2m2026-05-16T01:10:27.819136Z[0m [32m INFO[0m [2mdashboard_server[0m[2m:[0m Executing on peer L3:lr-27182:long_run:P3: UPDATE users SET email = ? WHERE id = ?
[2m2026-05-16T01:10:27.894193Z[0m [32m INFO[0m [2mdashboard_server[0m[2m:[0m Executing on peer L3:lr-27182:long_run:P1: UPDATE users SET email = ? WHERE id = ?
[2m2026-05-16T01:10:27.969798Z[0m [32m INFO[0m [2mdashboard_server[0m[2m:[0m Executing on peer L3:lr-27182:long_run:P1: INSERT INTO users (id, email, name) VALUES (?, ?, ?)
[2m2026-05-16T01:10:28.044478Z[0m [32m INFO[0m [2mdashboard_server[0m[2m:[0m Executing on peer L3:lr-27182:long_run:P0: INSERT INTO users (id, email, name) VALUES (?, ?, ?)
[2m2026-05-16T01:10:28.119333Z[0m [32m INFO[0m [2mdashboard_server[0m[2m:[0m Executing on peer L3:lr-27182:long_run:P1: INSERT INTO users (id, email, name) VALUES (?, ?, ?)
[2m2026-05-16T01:10:28.193821Z[0m [32m INFO[0m [2mdashboard_server[0m[2m:[0m Executing on peer L3:lr-27182:long_run:P1: INSERT INTO users (id, email, name) VALUES (?, ?, ?)
[2m2026-05-16T01:10:28.268682Z[0m [32m INFO[0m [2mdashboard_server[0m[2m:[0m Executing on peer L3:lr-27182:long_run:P2: UPDATE users SET name = ? WHERE id = ?
[2m2026-05-16T01:10:28.343362Z[0m [32m INFO[0m [2mdashboard_server[0m[2m:[0m Executing on peer L3:lr-27182:long_run:P0: INSERT INTO users (id, email, name) VALUES (?, ?, ?)
[2m2026-05-16T01:10:28.418837Z[0m [32m INFO[0m [2mdashboard_server[0m[2m:[0m Executing on peer L3:lr-27182:long_run:P0: INSERT INTO users (id, email, name) VALUES (?, ?, ?)
[2m2026-05-16T01:10:28.493344Z[0m [32m INFO[0m [2mdashboard_server[0m[2m:[0m Executing on peer L3:lr-27182:long_run:P2: UPDATE users SET email = ? WHERE id = ?
[2m2026-05-16T01:10:28.568750Z[0m [32m INFO[0m [2mdashboard_server[0m[2m:[0m Executing on peer L3:lr-27182:long_run:P3: INSERT INTO users (id, email, name) VALUES (?, ?, ?)
[2m2026-05-16T01:10:28.643826Z[0m [32m INFO[0m [2mdashboard_server[0m[2m:[0m Executing on peer L3:lr-27182:long_run:P3: INSERT INTO users (id, email, name) VALUES (?, ?, ?)
[2m2026-05-16T01:10:28.718626Z[0m [32m INFO[0m [2mdashboard_server[0m[2m:[0m Sync request: L3:lr-27182:long_run:P0 -> L3:lr-27182:long_run:P2
[2m2026-05-16T01:10:28.809851Z[0m [32m INFO[0m [2mdashboard_server[0m[2m:[0m Executing on peer L3:lr-27182:long_run:P2: UPDATE users SET email = ? WHERE id = ?
[2m2026-05-16T01:10:29.027642Z[0m [32m INFO[0m [2mdashboard_server[0m[2m:[0m Executing on peer L3:lr-27182:long_run:P2: INSERT INTO users (id, email, name) VALUES (?, ?, ?)
[2m2026-05-16T01:10:29.102737Z[0m [32m INFO[0m [2mdashboard_server[0m[2m:[0m Executing on peer L3:lr-27182:long_run:P0: UPDATE users SET name = ? WHERE id = ?
[2m2026-05-16T01:10:29.178338Z[0m [32m INFO[0m [2mdashboard_server[0m[2m:[0m Sync request: L3:lr-27182:long_run:P1 -> L3:lr-27182:long_run:P3
[2m2026-05-16T01:10:29.269619Z[0m [32m INFO[0m [2mdashboard_server[0m[2m:[0m Executing on peer L3:lr-27182:long_run:P0: DELETE FROM users WHERE id = ?
[2m2026-05-16T01:10:29.344966Z[0m [32m INFO[0m [2mdashboard_server[0m[2m:[0m Executing on peer L3:lr-27182:long_run:P2: INSERT INTO users (id, email, name) VALUES (?, ?, ?)
[2m2026-05-16T01:10:29.420823Z[0m [32m INFO[0m [2mdashboard_server[0m[2m:[0m Sync request: L3:lr-27182:long_run:P0 -> L3:lr-27182:long_run:P2
[2m2026-05-16T01:10:29.512114Z[0m [32m INFO[0m [2mdashboard_server[0m[2m:[0m Executing on peer L3:lr-27182:long_run:P0: INSERT INTO users (id, email, name) VALUES (?, ?, ?)
[2m2026-05-16T01:10:29.587364Z[0m [32m INFO[0m [2mdashboard_server[0m[2m:[0m Sync request: L3:lr-27182:long_run:P1 -> L3:lr-27182:long_run:P3
[2m2026-05-16T01:10:29.678098Z[0m [32m INFO[0m [2mdashboard_server[0m[2m:[0m Executing on peer L3:lr-27182:long_run:P1: INSERT INTO users (id, email, name) VALUES (?, ?, ?)
[2m2026-05-16T01:10:29.754035Z[0m [32m INFO[0m [2mdashboard_server[0m[2m:[0m Sync request: L3:lr-27182:long_run:P0 -> L3:lr-27182:long_run:P2
[2m2026-05-16T01:10:29.844837Z[0m [32m INFO[0m [2mdashboard_server[0m[2m:[0m Sync request: L3:lr-27182:long_run:P1 -> L3:lr-27182:long_run:P3
[2m2026-05-16T01:10:29.935825Z[0m [32m INFO[0m [2mdashboard_server[0m[2m:[0m Executing on peer L3:lr-27182:long_run:P0: INSERT INTO users (id, email, name) VALUES (?, ?, ?)
[2m2026-05-16T01:10:30.010703Z[0m [32m INFO[0m [2mdashboard_server[0m[2m:[0m Sync request: L3:lr-27182:long_run:P3 -> L3:lr-27182:long_run:P1
[2m2026-05-16T01:10:30.102028Z[0m [32m INFO[0m [2mdashboard_server[0m[2m:[0m Executing on peer L3:lr-27182:long_run:P2: INSERT INTO users (id, email, name) VALUES (?, ?, ?)
[2m2026-05-16T01:10:30.177152Z[0m [32m INFO[0m [2mdashboard_server[0m[2m:[0m Executing on peer L3:lr-27182:long_run:P1: INSERT INTO users (id, email, name) VALUES (?, ?, ?)
[2m2026-05-16T01:10:30.253057Z[0m [32m INFO[0m [2mdashboard_server[0m[2m:[0m Executing on peer L3:lr-27182:long_run:P0: INSERT INTO users (id, email, name) VALUES (?, ?, ?)
[2m2026-05-16T01:10:30.328112Z[0m [32m INFO[0m [2mdashboard_server[0m[2m:[0m Executing on peer L3:lr-27182:long_run:P1: UPDATE users SET name = ? WHERE id = ?
[2m2026-05-16T01:10:30.404000Z[0m [32m INFO[0m [2mdashboard_server[0m[2m:[0m Executing on peer L3:lr-27182:long_run:P0: INSERT INTO users (id, email, name) VALUES (?, ?, ?)
[2m2026-05-16T01:10:30.478850Z[0m [32m INFO[0m [2mdashboard_server[0m[2m:[0m Executing on peer L3:lr-27182:long_run:P0: INSERT INTO users (id, email, name) VALUES (?, ?, ?)
[2m2026-05-16T01:10:30.553879Z[0m [32m INFO[0m [2mdashboard_server[0m[2m:[0m Executing on peer L3:lr-27182:long_run:P3: INSERT INTO users (id, email, name) VALUES (?, ?, ?)
[2m2026-05-16T01:10:30.629167Z[0m [32m INFO[0m [2mdashboard_server[0m[2m:[0m Executing on peer L3:lr-27182:long_run:P0: INSERT INTO users (id, email, name) VALUES (?, ?, ?)
[2m2026-05-16T01:10:30.705160Z[0m [32m INFO[0m [2mdashboard_server[0m[2m:[0m Executing on peer L3:lr-27182:long_run:P0: INSERT INTO users (id, email, name) VALUES (?, ?, ?)
[2m2026-05-16T01:10:30.780937Z[0m [32m INFO[0m [2mdashboard_server[0m[2m:[0m Executing on peer L3:lr-27182:long_run:P0: INSERT INTO users (id, email, name) VALUES (?, ?, ?)
[2m2026-05-16T01:10:30.999438Z[0m [32m INFO[0m [2mdashboard_server[0m[2m:[0m Executing on peer L3:lr-27182:long_run:P3: INSERT INTO users (id, email, name) VALUES (?, ?, ?)
[2m2026-05-16T01:10:31.075067Z[0m [32m INFO[0m [2mdashboard_server[0m[2m:[0m Executing on peer L3:lr-27182:long_run:P1: INSERT INTO users (id, email, name) VALUES (?, ?, ?)
[2m2026-05-16T01:10:31.152000Z[0m [32m INFO[0m [2mdashboard_server[0m[2m:[0m Executing on peer L3:lr-27182:long_run:P3: UPDATE users SET email = ? WHERE id = ?
[2m2026-05-16T01:10:31.227426Z[0m [32m INFO[0m [2mdashboard_server[0m[2m:[0m Executing on peer L3:lr-27182:long_run:P1: INSERT INTO users (id, email, name) VALUES (?, ?, ?)
[2m2026-05-16T01:10:31.301979Z[0m [32m INFO[0m [2mdashboard_server[0m[2m:[0m Executing on peer L3:lr-27182:long_run:P1: INSERT INTO users (id, email, name) VALUES (?, ?, ?)
[2m2026-05-16T01:10:31.378412Z[0m [32m INFO[0m [2mdashboard_server[0m[2m:[0m Executing on peer L3:lr-27182:long_run:P3: INSERT INTO users (id, email, name) VALUES (?, ?, ?)
[2m2026-05-16T01:10:31.454643Z[0m [32m INFO[0m [2mdashboard_server[0m[2m:[0m Executing on peer L3:lr-27182:long_run:P3: INSERT INTO users (id, email, name) VALUES (?, ?, ?)
[2m2026-05-16T01:10:31.529844Z[0m [32m INFO[0m [2mdashboard_server[0m[2m:[0m Executing on peer L3:lr-27182:long_run:P3: INSERT INTO users (id, email, name) VALUES (?, ?, ?)
[2m2026-05-16T01:10:31.605426Z[0m [32m INFO[0m [2mdashboard_server[0m[2m:[0m Executing on peer L3:lr-27182:long_run:P0: INSERT INTO users (id, email, name) VALUES (?, ?, ?)
[2m2026-05-16T01:10:31.681637Z[0m [32m INFO[0m [2mdashboard_server[0m[2m:[0m Executing on peer L3:lr-27182:long_run:P3: INSERT INTO users (id, email, name) VALUES (?, ?, ?)
[2m2026-05-16T01:10:31.757567Z[0m [32m INFO[0m [2mdashboard_server[0m[2m:[0m Sync request: L3:lr-27182:long_run:P1 -> L3:lr-27182:long_run:P0
[2m2026-05-16T01:10:31.851984Z[0m [32m INFO[0m [2mdashboard_server[0m[2m:[0m Sync request: L3:lr-27182:long_run:P3 -> L3:lr-27182:long_run:P2
[2m2026-05-16T01:10:31.946492Z[0m [32m INFO[0m [2mdashboard_server[0m[2m:[0m Executing on peer L3:lr-27182:long_run:P0: UPDATE users SET email = ? WHERE id = ?
[2m2026-05-16T01:10:32.023858Z[0m [32m INFO[0m [2mdashboard_server[0m[2m:[0m Executing on peer L3:lr-27182:long_run:P3: INSERT INTO users (id, email, name) VALUES (?, ?, ?)
[2m2026-05-16T01:10:32.100066Z[0m [32m INFO[0m [2mdashboard_server[0m[2m:[0m Sync request: L3:lr-27182:long_run:P1 -> L3:lr-27182:long_run:P3
[2m2026-05-16T01:10:32.194291Z[0m [32m INFO[0m [2mdashboard_server[0m[2m:[0m Executing on peer L3:lr-27182:long_run:P2: UPDATE users SET name = ? WHERE id = ?
[2m2026-05-16T01:10:32.271788Z[0m [32m INFO[0m [2mdashboard_server[0m[2m:[0m Sync request: L3:lr-27182:long_run:P0 -> L3:lr-27182:long_run:P3
[2m2026-05-16T01:10:32.366790Z[0m [32m INFO[0m [2mdashboard_server[0m[2m:[0m Executing on peer L3:lr-27182:long_run:P1: INSERT INTO users (id, email, name) VALUES (?, ?, ?)
[2m2026-05-16T01:10:32.443481Z[0m [32m INFO[0m [2mdashboard_server[0m[2m:[0m Sync request: L3:lr-27182:long_run:P3 -> L3:lr-27182:long_run:P2
[2m2026-05-16T01:10:32.538213Z[0m [32m INFO[0m [2mdashboard_server[0m[2m:[0m Executing on peer L3:lr-27182:long_run:P3: UPDATE users SET name = ? WHERE id = ?
[2m2026-05-16T01:10:32.615171Z[0m [32m INFO[0m [2mdashboard_server[0m[2m:[0m Executing on peer L3:lr-27182:long_run:P3: UPDATE users SET email = ? WHERE id = ?
[2m2026-05-16T01:10:32.692496Z[0m [32m INFO[0m [2mdashboard_server[0m[2m:[0m Executing on peer L3:lr-27182:long_run:P1: INSERT INTO users (id, email, name) VALUES (?, ?, ?)
[2m2026-05-16T01:10:32.769942Z[0m [32m INFO[0m [2mdashboard_server[0m[2m:[0m Executing on peer L3:lr-27182:long_run:P1: INSERT INTO users (id, email, name) VALUES (?, ?, ?)
[2m2026-05-16T01:10:32.992640Z[0m [32m INFO[0m [2mdashboard_server[0m[2m:[0m Executing on peer L3:lr-27182:long_run:P1: DELETE FROM users WHERE id = ?
[2m2026-05-16T01:10:33.069817Z[0m [32m INFO[0m [2mdashboard_server[0m[2m:[0m Executing on peer L3:lr-27182:long_run:P3: INSERT INTO users (id, email, name) VALUES (?, ?, ?)
[2m2026-05-16T01:10:33.146747Z[0m [32m INFO[0m [2mdashboard_server[0m[2m:[0m Executing on peer L3:lr-27182:long_run:P0: INSERT INTO users (id, email, name) VALUES (?, ?, ?)
[2m2026-05-16T01:10:33.224137Z[0m [32m INFO[0m [2mdashboard_server[0m[2m:[0m Executing on peer L3:lr-27182:long_run:P0: INSERT INTO users (id, email, name) VALUES (?, ?, ?)
[2m2026-05-16T01:10:33.300107Z[0m [32m INFO[0m [2mdashboard_server[0m[2m:[0m Sync request: L3:lr-27182:long_run:P2 -> L3:lr-27182:long_run:P3
[2m2026-05-16T01:10:33.394824Z[0m [32m INFO[0m [2mdashboard_server[0m[2m:[0m Sync request: L3:lr-27182:long_run:P1 -> L3:lr-27182:long_run:P0
[2m2026-05-16T01:10:33.490099Z[0m [32m INFO[0m [2mdashboard_server[0m[2m:[0m Executing on peer L3:lr-27182:long_run:P0: UPDATE users SET email = ? WHERE id = ?
[2m2026-05-16T01:10:33.567713Z[0m [32m INFO[0m [2mdashboard_server[0m[2m:[0m Executing on peer L3:lr-27182:long_run:P1: INSERT INTO users (id, email, name) VALUES (?, ?, ?)
[2m2026-05-16T01:10:33.644908Z[0m [32m INFO[0m [2mdashboard_server[0m[2m:[0m Executing on peer L3:lr-27182:long_run:P3: UPDATE users SET name = ? WHERE id = ?
[2m2026-05-16T01:10:33.722170Z[0m [32m INFO[0m [2mdashboard_server[0m[2m:[0m Executing on peer L3:lr-27182:long_run:P1: INSERT INTO users (id, email, name) VALUES (?, ?, ?)
[2m2026-05-16T01:10:33.799061Z[0m [32m INFO[0m [2mdashboard_server[0m[2m:[0m Executing on peer L3:lr-27182:long_run:P3: DELETE FROM users WHERE id = ?
[2m2026-05-16T01:10:33.876113Z[0m [32m INFO[0m [2mdashboard_server[0m[2m:[0m Sync request: L3:lr-27182:long_run:P0 -> L3:lr-27182:long_run:P2
[2m2026-05-16T01:10:33.970663Z[0m [32m INFO[0m [2mdashboard_server[0m[2m:[0m Executing on peer L3:lr-27182:long_run:P3: UPDATE users SET email = ? WHERE id = ?
[2m2026-05-16T01:10:34.048210Z[0m [32m INFO[0m [2mdashboard_server[0m[2m:[0m Executing on peer L3:lr-27182:long_run:P1: INSERT INTO users (id, email, name) VALUES (?, ?, ?)
[2m2026-05-16T01:10:34.125880Z[0m [32m INFO[0m [2mdashboard_server[0m[2m:[0m Executing on peer L3:lr-27182:long_run:P1: INSERT INTO users (id, email, name) VALUES (?, ?, ?)
[2m2026-05-16T01:10:34.203070Z[0m [32m INFO[0m [2mdashboard_server[0m[2m:[0m Executing on peer L3:lr-27182:long_run:P1: UPDATE users SET name = ? WHERE id = ?
[2m2026-05-16T01:10:34.280374Z[0m [32m INFO[0m [2mdashboard_server[0m[2m:[0m Executing on peer L3:lr-27182:long_run:P0: INSERT INTO users (id, email, name) VALUES (?, ?, ?)
[2m2026-05-16T01:10:34.358729Z[0m [32m INFO[0m [2mdashboard_server[0m[2m:[0m Executing on peer L3:lr-27182:long_run:P0: INSERT INTO users (id, email, name) VALUES (?, ?, ?)
[2m2026-05-16T01:10:34.436495Z[0m [32m INFO[0m [2mdashboard_server[0m[2m:[0m Executing on peer L3:lr-27182:long_run:P3: INSERT INTO users (id, email, name) VALUES (?, ?, ?)
[2m2026-05-16T01:10:34.513595Z[0m [32m INFO[0m [2mdashboard_server[0m[2m:[0m Sync request: L3:lr-27182:long_run:P0 -> L3:lr-27182:long_run:P1
[2m2026-05-16T01:10:34.609847Z[0m [32m INFO[0m [2mdashboard_server[0m[2m:[0m Executing on peer L3:lr-27182:long_run:P2: INSERT INTO users (id, email, name) VALUES (?, ?, ?)
[2m2026-05-16T01:10:34.687378Z[0m [32m INFO[0m [2mdashboard_server[0m[2m:[0m Executing on peer L3:lr-27182:long_run:P2: DELETE FROM users WHERE id = ?
[2m2026-05-16T01:10:34.765375Z[0m [32m INFO[0m [2mdashboard_server[0m[2m:[0m Executing on peer L3:lr-27182:long_run:P0: INSERT INTO users (id, email, name) VALUES (?, ?, ?)
[2m2026-05-16T01:10:34.989739Z[0m [32m INFO[0m [2mdashboard_server[0m[2m:[0m Executing on peer L3:lr-27182:long_run:P0: INSERT INTO users (id, email, name) VALUES (?, ?, ?)
[2m2026-05-16T01:10:35.067326Z[0m [32m INFO[0m [2mdashboard_server[0m[2m:[0m Sync request: L3:lr-27182:long_run:P0 -> L3:lr-27182:long_run:P2
[2m2026-05-16T01:10:35.162846Z[0m [32m INFO[0m [2mdashboard_server[0m[2m:[0m Executing on peer L3:lr-27182:long_run:P3: UPDATE users SET name = ? WHERE id = ?
[2m2026-05-16T01:10:35.240834Z[0m [32m INFO[0m [2mdashboard_server[0m[2m:[0m Executing on peer L3:lr-27182:long_run:P1: INSERT INTO users (id, email, name) VALUES (?, ?, ?)
[2m2026-05-16T01:10:35.318776Z[0m [32m INFO[0m [2mdashboard_server[0m[2m:[0m Executing on peer L3:lr-27182:long_run:P3: INSERT INTO users (id, email, name) VALUES (?, ?, ?)
[2m2026-05-16T01:10:35.395995Z[0m [32m INFO[0m [2mdashboard_server[0m[2m:[0m Executing on peer L3:lr-27182:long_run:P2: UPDATE users SET email = ? WHERE id = ?
[2m2026-05-16T01:10:35.475125Z[0m [32m INFO[0m [2mdashboard_server[0m[2m:[0m Executing on peer L3:lr-27182:long_run:P0: INSERT INTO users (id, email, name) VALUES (?, ?, ?)
[2m2026-05-16T01:10:35.553181Z[0m [32m INFO[0m [2mdashboard_server[0m[2m:[0m Executing on peer L3:lr-27182:long_run:P2: UPDATE users SET email = ? WHERE id = ?
[2m2026-05-16T01:10:35.631014Z[0m [32m INFO[0m [2mdashboard_server[0m[2m:[0m Executing on peer L3:lr-27182:long_run:P3: INSERT INTO users (id, email, name) VALUES (?, ?, ?)
[2m2026-05-16T01:10:35.709203Z[0m [32m INFO[0m [2mdashboard_server[0m[2m:[0m Executing on peer L3:lr-27182:long_run:P2: INSERT INTO users (id, email, name) VALUES (?, ?, ?)
[2m2026-05-16T01:10:35.786614Z[0m [32m INFO[0m [2mdashboard_server[0m[2m:[0m Executing on peer L3:lr-27182:long_run:P2: INSERT INTO users (id, email, name) VALUES (?, ?, ?)
[2m2026-05-16T01:10:35.864747Z[0m [32m INFO[0m [2mdashboard_server[0m[2m:[0m Executing on peer L3:lr-27182:long_run:P0: INSERT INTO users (id, email, name) VALUES (?, ?, ?)
[2m2026-05-16T01:10:35.942560Z[0m [32m INFO[0m [2mdashboard_server[0m[2m:[0m Executing on peer L3:lr-27182:long_run:P0: INSERT INTO users (id, email, name) VALUES (?, ?, ?)
[2m2026-05-16T01:10:36.020843Z[0m [32m INFO[0m [2mdashboard_server[0m[2m:[0m Executing on peer L3:lr-27182:long_run:P1: INSERT INTO users (id, email, name) VALUES (?, ?, ?)
[2m2026-05-16T01:10:36.098306Z[0m [32m INFO[0m [2mdashboard_server[0m[2m:[0m Executing on peer L3:lr-27182:long_run:P2: INSERT INTO users (id, email, name) VALUES (?, ?, ?)
[2m2026-05-16T01:10:36.176906Z[0m [32m INFO[0m [2mdashboard_server[0m[2m:[0m Sync request: L3:lr-27182:long_run:P3 -> L3:lr-27182:long_run:P1
[2m2026-05-16T01:10:36.273940Z[0m [32m INFO[0m [2mdashboard_server[0m[2m:[0m Executing on peer L3:lr-27182:long_run:P0: INSERT INTO users (id, email, name) VALUES (?, ?, ?)
[2m2026-05-16T01:10:36.352229Z[0m [32m INFO[0m [2mdashboard_server[0m[2m:[0m Executing on peer L3:lr-27182:long_run:P3: INSERT INTO users (id, email, name) VALUES (?, ?, ?)
[2m2026-05-16T01:10:36.429617Z[0m [32m INFO[0m [2mdashboard_server[0m[2m:[0m Executing on peer L3:lr-27182:long_run:P1: UPDATE users SET email = ? WHERE id = ?
[2m2026-05-16T01:10:36.508505Z[0m [32m INFO[0m [2mdashboard_server[0m[2m:[0m Executing on peer L3:lr-27182:long_run:P0: INSERT INTO users (id, email, name) VALUES (?, ?, ?)
[2m2026-05-16T01:10:36.586467Z[0m [32m INFO[0m [2mdashboard_server[0m[2m:[0m Executing on peer L3:lr-27182:long_run:P1: UPDATE users SET name = ? WHERE id = ?
[2m2026-05-16T01:10:36.664940Z[0m [32m INFO[0m [2mdashboard_server[0m[2m:[0m Executing on peer L3:lr-27182:long_run:P3: UPDATE users SET name = ? WHERE id = ?
[2m2026-05-16T01:10:36.743592Z[0m [32m INFO[0m [2mdashboard_server[0m[2m:[0m Executing on peer L3:lr-27182:long_run:P1: INSERT INTO users (id, email, name) VALUES (?, ?, ?)
[2m2026-05-16T01:10:36.821551Z[0m [32m INFO[0m [2mdashboard_server[0m[2m:[0m Executing on peer L3:lr-27182:long_run:P2: INSERT INTO users (id, email, name) VALUES (?, ?, ?)
[2m2026-05-16T01:10:37.047300Z[0m [32m INFO[0m [2mdashboard_server[0m[2m:[0m Executing on peer L3:lr-27182:long_run:P2: UPDATE users SET email = ? WHERE id = ?
[2m2026-05-16T01:10:37.125745Z[0m [32m INFO[0m [2mdashboard_server[0m[2m:[0m Executing on peer L3:lr-27182:long_run:P1: DELETE FROM users WHERE id = ?
[2m2026-05-16T01:10:37.204352Z[0m [32m INFO[0m [2mdashboard_server[0m[2m:[0m Executing on peer L3:lr-27182:long_run:P3: INSERT INTO users (id, email, name) VALUES (?, ?, ?)
[2m2026-05-16T01:10:37.282681Z[0m [32m INFO[0m [2mdashboard_server[0m[2m:[0m Executing on peer L3:lr-27182:long_run:P2: UPDATE users SET name = ? WHERE id = ?
[2m2026-05-16T01:10:37.360916Z[0m [32m INFO[0m [2mdashboard_server[0m[2m:[0m Sync request: L3:lr-27182:long_run:P3 -> L3:lr-27182:long_run:P2
[2m2026-05-16T01:10:37.458806Z[0m [32m INFO[0m [2mdashboard_server[0m[2m:[0m Executing on peer L3:lr-27182:long_run:P0: INSERT INTO users (id, email, name) VALUES (?, ?, ?)
[2m2026-05-16T01:10:37.537215Z[0m [32m INFO[0m [2mdashboard_server[0m[2m:[0m Executing on peer L3:lr-27182:long_run:P1: UPDATE users SET name = ? WHERE id = ?
[2m2026-05-16T01:10:37.615905Z[0m [32m INFO[0m [2mdashboard_server[0m[2m:[0m Executing on peer L3:lr-27182:long_run:P3: UPDATE users SET email = ? WHERE id = ?
[2m2026-05-16T01:10:37.694860Z[0m [32m INFO[0m [2mdashboard_server[0m[2m:[0m Executing on peer L3:lr-27182:long_run:P0: INSERT INTO users (id, email, name) VALUES (?, ?, ?)
[2m2026-05-16T01:10:37.773020Z[0m [32m INFO[0m [2mdashboard_server[0m[2m:[0m Executing on peer L3:lr-27182:long_run:P1: UPDATE users SET name = ? WHERE id = ?
[2m2026-05-16T01:10:37.851645Z[0m [32m INFO[0m [2mdashboard_server[0m[2m:[0m Executing on peer L3:lr-27182:long_run:P1: INSERT INTO users (id, email, name) VALUES (?, ?, ?)
[2m2026-05-16T01:10:37.929708Z[0m [32m INFO[0m [2mdashboard_server[0m[2m:[0m Sync request: L3:lr-27182:long_run:P0 -> L3:lr-27182:long_run:P2
[2m2026-05-16T01:10:38.027829Z[0m [32m INFO[0m [2mdashboard_server[0m[2m:[0m Executing on peer L3:lr-27182:long_run:P1: INSERT INTO users (id, email, name) VALUES (?, ?, ?)
[2m2026-05-16T01:10:38.106011Z[0m [32m INFO[0m [2mdashboard_server[0m[2m:[0m Executing on peer L3:lr-27182:long_run:P2: INSERT INTO users (id, email, name) VALUES (?, ?, ?)
[2m2026-05-16T01:10:38.184768Z[0m [32m INFO[0m [2mdashboard_server[0m[2m:[0m Executing on peer L3:lr-27182:long_run:P2: INSERT INTO users (id, email, name) VALUES (?, ?, ?)
[2m2026-05-16T01:10:38.263715Z[0m [32m INFO[0m [2mdashboard_server[0m[2m:[0m Executing on peer L3:lr-27182:long_run:P3: UPDATE users SET name = ? WHERE id = ?
[2m2026-05-16T01:10:38.341915Z[0m [32m INFO[0m [2mdashboard_server[0m[2m:[0m Executing on peer L3:lr-27182:long_run:P2: UPDATE users SET name = ? WHERE id = ?
[2m2026-05-16T01:10:38.421006Z[0m [32m INFO[0m [2mdashboard_server[0m[2m:[0m Sync request: L3:lr-27182:long_run:P1 -> L3:lr-27182:long_run:P2
[2m2026-05-16T01:10:38.520140Z[0m [32m INFO[0m [2mdashboard_server[0m[2m:[0m Executing on peer L3:lr-27182:long_run:P0: INSERT INTO users (id, email, name) VALUES (?, ?, ?)
[2m2026-05-16T01:10:38.598707Z[0m [32m INFO[0m [2mdashboard_server[0m[2m:[0m Sync request: L3:lr-27182:long_run:P3 -> L3:lr-27182:long_run:P0
[2m2026-05-16T01:10:38.696809Z[0m [32m INFO[0m [2mdashboard_server[0m[2m:[0m Executing on peer L3:lr-27182:long_run:P2: UPDATE users SET name = ? WHERE id = ?
[2m2026-05-16T01:10:38.776244Z[0m [32m INFO[0m [2mdashboard_server[0m[2m:[0m Executing on peer L3:lr-27182:long_run:P2: INSERT INTO users (id, email, name) VALUES (?, ?, ?)
[2m2026-05-16T01:10:39.004265Z[0m [32m INFO[0m [2mdashboard_server[0m[2m:[0m Executing on peer L3:lr-27182:long_run:P1: UPDATE users SET name = ? WHERE id = ?
[2m2026-05-16T01:10:39.087734Z[0m [32m INFO[0m [2mdashboard_server[0m[2m:[0m Executing on peer L3:lr-27182:long_run:P2: INSERT INTO users (id, email, name) VALUES (?, ?, ?)
[2m2026-05-16T01:10:39.168069Z[0m [32m INFO[0m [2mdashboard_server[0m[2m:[0m Executing on peer L3:lr-27182:long_run:P2: INSERT INTO users (id, email, name) VALUES (?, ?, ?)
[2m2026-05-16T01:10:39.247706Z[0m [32m INFO[0m [2mdashboard_server[0m[2m:[0m Executing on peer L3:lr-27182:long_run:P3: UPDATE users SET email = ? WHERE id = ?
[2m2026-05-16T01:10:39.327521Z[0m [32m INFO[0m [2mdashboard_server[0m[2m:[0m Executing on peer L3:lr-27182:long_run:P3: INSERT INTO users (id, email, name) VALUES (?, ?, ?)
[2m2026-05-16T01:10:39.406471Z[0m [32m INFO[0m [2mdashboard_server[0m[2m:[0m Executing on peer L3:lr-27182:long_run:P0: INSERT INTO users (id, email, name) VALUES (?, ?, ?)
[2m2026-05-16T01:10:39.486233Z[0m [32m INFO[0m [2mdashboard_server[0m[2m:[0m Executing on peer L3:lr-27182:long_run:P3: UPDATE users SET email = ? WHERE id = ?
[2m2026-05-16T01:10:39.566059Z[0m [32m INFO[0m [2mdashboard_server[0m[2m:[0m Executing on peer L3:lr-27182:long_run:P1: INSERT INTO users (id, email, name) VALUES (?, ?, ?)
[2m2026-05-16T01:10:39.645028Z[0m [32m INFO[0m [2mdashboard_server[0m[2m:[0m Executing on peer L3:lr-27182:long_run:P0: INSERT INTO users (id, email, name) VALUES (?, ?, ?)
[2m2026-05-16T01:10:39.724176Z[0m [32m INFO[0m [2mdashboard_server[0m[2m:[0m Executing on peer L3:lr-27182:long_run:P2: INSERT INTO users (id, email, name) VALUES (?, ?, ?)
[2m2026-05-16T01:10:39.804359Z[0m [32m INFO[0m [2mdashboard_server[0m[2m:[0m Executing on peer L3:lr-27182:long_run:P3: INSERT INTO users (id, email, name) VALUES (?, ?, ?)
[2m2026-05-16T01:10:39.884714Z[0m [32m INFO[0m [2mdashboard_server[0m[2m:[0m Executing on peer L3:lr-27182:long_run:P0: INSERT INTO users (id, email, name) VALUES (?, ?, ?)
[2m2026-05-16T01:10:39.963587Z[0m [32m INFO[0m [2mdashboard_server[0m[2m:[0m Executing on peer L3:lr-27182:long_run:P3: UPDATE users SET email = ? WHERE id = ?
[2m2026-05-16T01:10:40.043039Z[0m [32m INFO[0m [2mdashboard_server[0m[2m:[0m Executing on peer L3:lr-27182:long_run:P3: INSERT INTO users (id, email, name) VALUES (?, ?, ?)
[2m2026-05-16T01:10:40.122786Z[0m [32m INFO[0m [2mdashboard_server[0m[2m:[0m Executing on peer L3:lr-27182:long_run:P1: INSERT INTO users (id, email, name) VALUES (?, ?, ?)
[2m2026-05-16T01:10:40.202513Z[0m [32m INFO[0m [2mdashboard_server[0m[2m:[0m Executing on peer L3:lr-27182:long_run:P2: UPDATE users SET email = ? WHERE id = ?
[2m2026-05-16T01:10:40.282683Z[0m [32m INFO[0m [2mdashboard_server[0m[2m:[0m Executing on peer L3:lr-27182:long_run:P1: INSERT INTO users (id, email, name) VALUES (?, ?, ?)
[2m2026-05-16T01:10:40.362385Z[0m [32m INFO[0m [2mdashboard_server[0m[2m:[0m Executing on peer L3:lr-27182:long_run:P3: INSERT INTO users (id, email, name) VALUES (?, ?, ?)
[2m2026-05-16T01:10:40.441751Z[0m [32m INFO[0m [2mdashboard_server[0m[2m:[0m Sync request: L3:lr-27182:long_run:P1 -> L3:lr-27182:long_run:P2
[2m2026-05-16T01:10:40.541089Z[0m [32m INFO[0m [2mdashboard_server[0m[2m:[0m Executing on peer L3:lr-27182:long_run:P0: INSERT INTO users (id, email, name) VALUES (?, ?, ?)
[2m2026-05-16T01:10:40.620267Z[0m [32m INFO[0m [2mdashboard_server[0m[2m:[0m Executing on peer L3:lr-27182:long_run:P3: INSERT INTO users (id, email, name) VALUES (?, ?, ?)
[2m2026-05-16T01:10:40.699946Z[0m [32m INFO[0m [2mdashboard_server[0m[2m:[0m Executing on peer L3:lr-27182:long_run:P3: INSERT INTO users (id, email, name) VALUES (?, ?, ?)
[2m2026-05-16T01:10:40.779271Z[0m [32m INFO[0m [2mdashboard_server[0m[2m:[0m Executing on peer L3:lr-27182:long_run:P1: UPDATE users SET email = ? WHERE id = ?
[2m2026-05-16T01:10:41.008497Z[0m [32m INFO[0m [2mdashboard_server[0m[2m:[0m Executing on peer L3:lr-27182:long_run:P1: DELETE FROM users WHERE id = ?
[2m2026-05-16T01:10:41.089833Z[0m [32m INFO[0m [2mdashboard_server[0m[2m:[0m Executing on peer L3:lr-27182:long_run:P0: UPDATE users SET name = ? WHERE id = ?
[2m2026-05-16T01:10:41.170737Z[0m [32m INFO[0m [2mdashboard_server[0m[2m:[0m Sync request: L3:lr-27182:long_run:P1 -> L3:lr-27182:long_run:P2
[2m2026-05-16T01:10:41.269377Z[0m [32m INFO[0m [2mdashboard_server[0m[2m:[0m Executing on peer L3:lr-27182:long_run:P3: INSERT INTO users (id, email, name) VALUES (?, ?, ?)
[2m2026-05-16T01:10:41.349471Z[0m [32m INFO[0m [2mdashboard_server[0m[2m:[0m Executing on peer L3:lr-27182:long_run:P2: INSERT INTO users (id, email, name) VALUES (?, ?, ?)
[2m2026-05-16T01:10:41.429409Z[0m [32m INFO[0m [2mdashboard_server[0m[2m:[0m Executing on peer L3:lr-27182:long_run:P2: INSERT INTO users (id, email, name) VALUES (?, ?, ?)
[2m2026-05-16T01:10:41.509469Z[0m [32m INFO[0m [2mdashboard_server[0m[2m:[0m Executing on peer L3:lr-27182:long_run:P1: INSERT INTO users (id, email, name) VALUES (?, ?, ?)
[2m2026-05-16T01:10:41.588726Z[0m [32m INFO[0m [2mdashboard_server[0m[2m:[0m Executing on peer L3:lr-27182:long_run:P3: INSERT INTO users (id, email, name) VALUES (?, ?, ?)
[2m2026-05-16T01:10:41.668023Z[0m [32m INFO[0m [2mdashboard_server[0m[2m:[0m Executing on peer L3:lr-27182:long_run:P1: INSERT INTO users (id, email, name) VALUES (?, ?, ?)
[2m2026-05-16T01:10:41.748246Z[0m [32m INFO[0m [2mdashboard_server[0m[2m:[0m Sync request: L3:lr-27182:long_run:P2 -> L3:lr-27182:long_run:P1
[2m2026-05-16T01:10:41.847382Z[0m [32m INFO[0m [2mdashboard_server[0m[2m:[0m Sync request: L3:lr-27182:long_run:P2 -> L3:lr-27182:long_run:P3
[2m2026-05-16T01:10:41.948255Z[0m [32m INFO[0m [2mdashboard_server[0m[2m:[0m Sync request: L3:lr-27182:long_run:P0 -> L3:lr-27182:long_run:P2
[2m2026-05-16T01:10:42.050250Z[0m [32m INFO[0m [2mdashboard_server[0m[2m:[0m Executing on peer L3:lr-27182:long_run:P0: INSERT INTO users (id, email, name) VALUES (?, ?, ?)
[2m2026-05-16T01:10:42.130033Z[0m [32m INFO[0m [2mdashboard_server[0m[2m:[0m Executing on peer L3:lr-27182:long_run:P2: INSERT INTO users (id, email, name) VALUES (?, ?, ?)
[2m2026-05-16T01:10:42.210842Z[0m [32m INFO[0m [2mdashboard_server[0m[2m:[0m Executing on peer L3:lr-27182:long_run:P2: INSERT INTO users (id, email, name) VALUES (?, ?, ?)
[2m2026-05-16T01:10:42.291262Z[0m [32m INFO[0m [2mdashboard_server[0m[2m:[0m Executing on peer L3:lr-27182:long_run:P3: INSERT INTO users (id, email, name) VALUES (?, ?, ?)
[2m2026-05-16T01:10:42.372150Z[0m [32m INFO[0m [2mdashboard_server[0m[2m:[0m Executing on peer L3:lr-27182:long_run:P3: INSERT INTO users (id, email, name) VALUES (?, ?, ?)
[2m2026-05-16T01:10:42.453049Z[0m [32m INFO[0m [2mdashboard_server[0m[2m:[0m Executing on peer L3:lr-27182:long_run:P3: INSERT INTO users (id, email, name) VALUES (?, ?, ?)
[2m2026-05-16T01:10:42.533280Z[0m [32m INFO[0m [2mdashboard_server[0m[2m:[0m Executing on peer L3:lr-27182:long_run:P3: INSERT INTO users (id, email, name) VALUES (?, ?, ?)
[2m2026-05-16T01:10:42.613664Z[0m [32m INFO[0m [2mdashboard_server[0m[2m:[0m Executing on peer L3:lr-27182:long_run:P1: INSERT INTO users (id, email, name) VALUES (?, ?, ?)
[2m2026-05-16T01:10:42.694270Z[0m [32m INFO[0m [2mdashboard_server[0m[2m:[0m Executing on peer L3:lr-27182:long_run:P1: INSERT INTO users (id, email, name) VALUES (?, ?, ?)
[2m2026-05-16T01:10:42.774470Z[0m [32m INFO[0m [2mdashboard_server[0m[2m:[0m Sync request: L3:lr-27182:long_run:P2 -> L3:lr-27182:long_run:P1
[2m2026-05-16T01:10:43.028034Z[0m [32m INFO[0m [2mdashboard_server[0m[2m:[0m Executing on peer L3:lr-27182:long_run:P3: INSERT INTO users (id, email, name) VALUES (?, ?, ?)
[2m2026-05-16T01:10:43.109374Z[0m [32m INFO[0m [2mdashboard_server[0m[2m:[0m Executing on peer L3:lr-27182:long_run:P0: INSERT INTO users (id, email, name) VALUES (?, ?, ?)
[2m2026-05-16T01:10:43.190102Z[0m [32m INFO[0m [2mdashboard_server[0m[2m:[0m Executing on peer L3:lr-27182:long_run:P1: INSERT INTO users (id, email, name) VALUES (?, ?, ?)
[2m2026-05-16T01:10:43.271110Z[0m [32m INFO[0m [2mdashboard_server[0m[2m:[0m Executing on peer L3:lr-27182:long_run:P2: INSERT INTO users (id, email, name) VALUES (?, ?, ?)
[2m2026-05-16T01:10:43.352124Z[0m [32m INFO[0m [2mdashboard_server[0m[2m:[0m Sync request: L3:lr-27182:long_run:P3 -> L3:lr-27182:long_run:P0
[2m2026-05-16T01:10:43.454493Z[0m [32m INFO[0m [2mdashboard_server[0m[2m:[0m Sync request: L3:lr-27182:long_run:P0 -> L3:lr-27182:long_run:P3
[2m2026-05-16T01:10:43.555079Z[0m [32m INFO[0m [2mdashboard_server[0m[2m:[0m Executing on peer L3:lr-27182:long_run:P0: INSERT INTO users (id, email, name) VALUES (?, ?, ?)
[2m2026-05-16T01:10:43.635775Z[0m [32m INFO[0m [2mdashboard_server[0m[2m:[0m Executing on peer L3:lr-27182:long_run:P1: INSERT INTO users (id, email, name) VALUES (?, ?, ?)
[2m2026-05-16T01:10:43.716472Z[0m [32m INFO[0m [2mdashboard_server[0m[2m:[0m Sync request: L3:lr-27182:long_run:P2 -> L3:lr-27182:long_run:P0
[2m2026-05-16T01:10:43.818935Z[0m [32m INFO[0m [2mdashboard_server[0m[2m:[0m Executing on peer L3:lr-27182:long_run:P3: UPDATE users SET name = ? WHERE id = ?
[2m2026-05-16T01:10:43.900345Z[0m [32m INFO[0m [2mdashboard_server[0m[2m:[0m Executing on peer L3:lr-27182:long_run:P3: INSERT INTO users (id, email, name) VALUES (?, ?, ?)
[2m2026-05-16T01:10:43.981332Z[0m [32m INFO[0m [2mdashboard_server[0m[2m:[0m Executing on peer L3:lr-27182:long_run:P1: INSERT INTO users (id, email, name) VALUES (?, ?, ?)
[2m2026-05-16T01:10:44.062577Z[0m [32m INFO[0m [2mdashboard_server[0m[2m:[0m Executing on peer L3:lr-27182:long_run:P2: DELETE FROM users WHERE id = ?
[2m2026-05-16T01:10:44.143672Z[0m [32m INFO[0m [2mdashboard_server[0m[2m:[0m Executing on peer L3:lr-27182:long_run:P0: INSERT INTO users (id, email, name) VALUES (?, ?, ?)
[2m2026-05-16T01:10:44.225460Z[0m [32m INFO[0m [2mdashboard_server[0m[2m:[0m Executing on peer L3:lr-27182:long_run:P0: UPDATE users SET name = ? WHERE id = ?
[2m2026-05-16T01:10:44.305927Z[0m [32m INFO[0m [2mdashboard_server[0m[2m:[0m Executing on peer L3:lr-27182:long_run:P3: INSERT INTO users (id, email, name) VALUES (?, ?, ?)
[2m2026-05-16T01:10:44.387331Z[0m [32m INFO[0m [2mdashboard_server[0m[2m:[0m Executing on peer L3:lr-27182:long_run:P0: INSERT INTO users (id, email, name) VALUES (?, ?, ?)
[2m2026-05-16T01:10:44.468498Z[0m [32m INFO[0m [2mdashboard_server[0m[2m:[0m Executing on peer L3:lr-27182:long_run:P0: UPDATE users SET name = ? WHERE id = ?
[2m2026-05-16T01:10:44.549984Z[0m [32m INFO[0m [2mdashboard_server[0m[2m:[0m Executing on peer L3:lr-27182:long_run:P0: INSERT INTO users (id, email, name) VALUES (?, ?, ?)
[2m2026-05-16T01:10:44.631356Z[0m [32m INFO[0m [2mdashboard_server[0m[2m:[0m Executing on peer L3:lr-27182:long_run:P2: INSERT INTO users (id, email, name) VALUES (?, ?, ?)
[2m2026-05-16T01:10:44.712687Z[0m [32m INFO[0m [2mdashboard_server[0m[2m:[0m Executing on peer L3:lr-27182:long_run:P3: DELETE FROM users WHERE id = ?
[2m2026-05-16T01:10:44.794816Z[0m [32m INFO[0m [2mdashboard_server[0m[2m:[0m Sync request: L3:lr-27182:long_run:P1 -> L3:lr-27182:long_run:P2
[2m2026-05-16T01:10:45.051410Z[0m [32m INFO[0m [2mdashboard_server[0m[2m:[0m Executing on peer L3:lr-27182:long_run:P3: INSERT INTO users (id, email, name) VALUES (?, ?, ?)
[2m2026-05-16T01:10:45.132565Z[0m [32m INFO[0m [2mdashboard_server[0m[2m:[0m Executing on peer L3:lr-27182:long_run:P0: INSERT INTO users (id, email, name) VALUES (?, ?, ?)
[2m2026-05-16T01:10:45.213624Z[0m [32m INFO[0m [2mdashboard_server[0m[2m:[0m Executing on peer L3:lr-27182:long_run:P2: DELETE FROM users WHERE id = ?
[2m2026-05-16T01:10:45.294478Z[0m [32m INFO[0m [2mdashboard_server[0m[2m:[0m Executing on peer L3:lr-27182:long_run:P0: UPDATE users SET email = ? WHERE id = ?
[2m2026-05-16T01:10:45.377233Z[0m [32m INFO[0m [2mdashboard_server[0m[2m:[0m Executing on peer L3:lr-27182:long_run:P2: INSERT INTO users (id, email, name) VALUES (?, ?, ?)
[2m2026-05-16T01:10:45.458736Z[0m [32m INFO[0m [2mdashboard_server[0m[2m:[0m Executing on peer L3:lr-27182:long_run:P2: UPDATE users SET email = ? WHERE id = ?
[2m2026-05-16T01:10:45.541426Z[0m [32m INFO[0m [2mdashboard_server[0m[2m:[0m Executing on peer L3:lr-27182:long_run:P0: INSERT INTO users (id, email, name) VALUES (?, ?, ?)
[2m2026-05-16T01:10:45.622471Z[0m [32m INFO[0m [2mdashboard_server[0m[2m:[0m Executing on peer L3:lr-27182:long_run:P0: INSERT INTO users (id, email, name) VALUES (?, ?, ?)
[2m2026-05-16T01:10:45.704239Z[0m [32m INFO[0m [2mdashboard_server[0m[2m:[0m Executing on peer L3:lr-27182:long_run:P3: INSERT INTO users (id, email, name) VALUES (?, ?, ?)
[2m2026-05-16T01:10:45.785466Z[0m [32m INFO[0m [2mdashboard_server[0m[2m:[0m Executing on peer L3:lr-27182:long_run:P3: UPDATE users SET email = ? WHERE id = ?
[2m2026-05-16T01:10:45.866953Z[0m [32m INFO[0m [2mdashboard_server[0m[2m:[0m Executing on peer L3:lr-27182:long_run:P2: UPDATE users SET email = ? WHERE id = ?
[2m2026-05-16T01:10:45.948448Z[0m [32m INFO[0m [2mdashboard_server[0m[2m:[0m Executing on peer L3:lr-27182:long_run:P3: UPDATE users SET email = ? WHERE id = ?
[2m2026-05-16T01:10:46.030059Z[0m [32m INFO[0m [2mdashboard_server[0m[2m:[0m Executing on peer L3:lr-27182:long_run:P2: INSERT INTO users (id, email, name) VALUES (?, ?, ?)
[2m2026-05-16T01:10:46.111413Z[0m [32m INFO[0m [2mdashboard_server[0m[2m:[0m Executing on peer L3:lr-27182:long_run:P3: INSERT INTO users (id, email, name) VALUES (?, ?, ?)
[2m2026-05-16T01:10:46.194364Z[0m [32m INFO[0m [2mdashboard_server[0m[2m:[0m Executing on peer L3:lr-27182:long_run:P3: INSERT INTO users (id, email, name) VALUES (?, ?, ?)
[2m2026-05-16T01:10:46.275901Z[0m [32m INFO[0m [2mdashboard_server[0m[2m:[0m Executing on peer L3:lr-27182:long_run:P2: INSERT INTO users (id, email, name) VALUES (?, ?, ?)
[2m2026-05-16T01:10:46.358569Z[0m [32m INFO[0m [2mdashboard_server[0m[2m:[0m Sync request: L3:lr-27182:long_run:P3 -> L3:lr-27182:long_run:P2
[2m2026-05-16T01:10:46.518977Z[0m [32m INFO[0m [2mdashboard_server[0m[2m:[0m Executing on peer L3:lr-27182:long_run:P2: INSERT INTO users (id, email, name) VALUES (?, ?, ?)
[2m2026-05-16T01:10:46.601560Z[0m [32m INFO[0m [2mdashboard_server[0m[2m:[0m Executing on peer L3:lr-27182:long_run:P1: INSERT INTO users (id, email, name) VALUES (?, ?, ?)
[2m2026-05-16T01:10:46.683397Z[0m [32m INFO[0m [2mdashboard_server[0m[2m:[0m Executing on peer L3:lr-27182:long_run:P0: INSERT INTO users (id, email, name) VALUES (?, ?, ?)
[2m2026-05-16T01:10:46.765580Z[0m [32m INFO[0m [2mdashboard_server[0m[2m:[0m Executing on peer L3:lr-27182:long_run:P3: INSERT INTO users (id, email, name) VALUES (?, ?, ?)
[2m2026-05-16T01:10:47.001189Z[0m [32m INFO[0m [2mdashboard_server[0m[2m:[0m Executing on peer L3:lr-27182:long_run:P3: INSERT INTO users (id, email, name) VALUES (?, ?, ?)
[2m2026-05-16T01:10:47.082906Z[0m [32m INFO[0m [2mdashboard_server[0m[2m:[0m Executing on peer L3:lr-27182:long_run:P3: UPDATE users SET name = ? WHERE id = ?
[2m2026-05-16T01:10:47.165097Z[0m [32m INFO[0m [2mdashboard_server[0m[2m:[0m Executing on peer L3:lr-27182:long_run:P2: INSERT INTO users (id, email, name) VALUES (?, ?, ?)
[2m2026-05-16T01:10:47.247135Z[0m [32m INFO[0m [2mdashboard_server[0m[2m:[0m Sync request: L3:lr-27182:long_run:P2 -> L3:lr-27182:long_run:P0
[2m2026-05-16T01:10:47.353563Z[0m [32m INFO[0m [2mdashboard_server[0m[2m:[0m Executing on peer L3:lr-27182:long_run:P3: UPDATE users SET email = ? WHERE id = ?
[2m2026-05-16T01:10:47.435887Z[0m [32m INFO[0m [2mdashboard_server[0m[2m:[0m Executing on peer L3:lr-27182:long_run:P2: INSERT INTO users (id, email, name) VALUES (?, ?, ?)
[2m2026-05-16T01:10:47.518518Z[0m [32m INFO[0m [2mdashboard_server[0m[2m:[0m Executing on peer L3:lr-27182:long_run:P1: INSERT INTO users (id, email, name) VALUES (?, ?, ?)
[2m2026-05-16T01:10:47.600863Z[0m [32m INFO[0m [2mdashboard_server[0m[2m:[0m Sync request: L3:lr-27182:long_run:P0 -> L3:lr-27182:long_run:P2
[2m2026-05-16T01:10:47.705465Z[0m [32m INFO[0m [2mdashboard_server[0m[2m:[0m Executing on peer L3:lr-27182:long_run:P0: INSERT INTO users (id, email, name) VALUES (?, ?, ?)
[2m2026-05-16T01:10:47.787441Z[0m [32m INFO[0m [2mdashboard_server[0m[2m:[0m Sync request: L3:lr-27182:long_run:P0 -> L3:lr-27182:long_run:P2
[2m2026-05-16T01:10:47.891979Z[0m [32m INFO[0m [2mdashboard_server[0m[2m:[0m Sync request: L3:lr-27182:long_run:P0 -> L3:lr-27182:long_run:P1
[2m2026-05-16T01:10:47.997626Z[0m [32m INFO[0m [2mdashboard_server[0m[2m:[0m Executing on peer L3:lr-27182:long_run:P3: INSERT INTO users (id, email, name) VALUES (?, ?, ?)
[2m2026-05-16T01:10:48.080116Z[0m [32m INFO[0m [2mdashboard_server[0m[2m:[0m Executing on peer L3:lr-27182:long_run:P1: UPDATE users SET email = ? WHERE id = ?
[2m2026-05-16T01:10:48.162913Z[0m [32m INFO[0m [2mdashboard_server[0m[2m:[0m Executing on peer L3:lr-27182:long_run:P3: INSERT INTO users (id, email, name) VALUES (?, ?, ?)
[2m2026-05-16T01:10:48.245260Z[0m [32m INFO[0m [2mdashboard_server[0m[2m:[0m Executing on peer L3:lr-27182:long_run:P2: INSERT INTO users (id, email, name) VALUES (?, ?, ?)
[2m2026-05-16T01:10:48.327446Z[0m [32m INFO[0m [2mdashboard_server[0m[2m:[0m Executing on peer L3:lr-27182:long_run:P2: UPDATE users SET name = ? WHERE id = ?
[2m2026-05-16T01:10:48.410122Z[0m [32m INFO[0m [2mdashboard_server[0m[2m:[0m Executing on peer L3:lr-27182:long_run:P0: INSERT INTO users (id, email, name) VALUES (?, ?, ?)
[2m2026-05-16T01:10:48.492952Z[0m [32m INFO[0m [2mdashboard_server[0m[2m:[0m Executing on peer L3:lr-27182:long_run:P3: INSERT INTO users (id, email, name) VALUES (?, ?, ?)
[2m2026-05-16T01:10:48.576387Z[0m [32m INFO[0m [2mdashboard_server[0m[2m:[0m Executing on peer L3:lr-27182:long_run:P2: INSERT INTO users (id, email, name) VALUES (?, ?, ?)
[2m2026-05-16T01:10:48.659223Z[0m [32m INFO[0m [2mdashboard_server[0m[2m:[0m Sync request: L3:lr-27182:long_run:P2 -> L3:lr-27182:long_run:P1
[2m2026-05-16T01:10:48.764331Z[0m [32m INFO[0m [2mdashboard_server[0m[2m:[0m Executing on peer L3:lr-27182:long_run:P0: INSERT INTO users (id, email, name) VALUES (?, ?, ?)
[2m2026-05-16T01:10:49.002163Z[0m [32m INFO[0m [2mdashboard_server[0m[2m:[0m Executing on peer L3:lr-27182:long_run:P2: INSERT INTO users (id, email, name) VALUES (?, ?, ?)
[2m2026-05-16T01:10:49.085373Z[0m [32m INFO[0m [2mdashboard_server[0m[2m:[0m Executing on peer L3:lr-27182:long_run:P1: INSERT INTO users (id, email, name) VALUES (?, ?, ?)
[2m2026-05-16T01:10:49.168335Z[0m [32m INFO[0m [2mdashboard_server[0m[2m:[0m Executing on peer L3:lr-27182:long_run:P3: INSERT INTO users (id, email, name) VALUES (?, ?, ?)
[2m2026-05-16T01:10:49.251601Z[0m [32m INFO[0m [2mdashboard_server[0m[2m:[0m Executing on peer L3:lr-27182:long_run:P1: INSERT INTO users (id, email, name) VALUES (?, ?, ?)
[2m2026-05-16T01:10:49.334795Z[0m [32m INFO[0m [2mdashboard_server[0m[2m:[0m Executing on peer L3:lr-27182:long_run:P1: INSERT INTO users (id, email, name) VALUES (?, ?, ?)
[2m2026-05-16T01:10:49.417741Z[0m [32m INFO[0m [2mdashboard_server[0m[2m:[0m Executing on peer L3:lr-27182:long_run:P2: UPDATE users SET email = ? WHERE id = ?
[2m2026-05-16T01:10:49.501039Z[0m [32m INFO[0m [2mdashboard_server[0m[2m:[0m Executing on peer L3:lr-27182:long_run:P2: INSERT INTO users (id, email, name) VALUES (?, ?, ?)
[2m2026-05-16T01:10:49.583717Z[0m [32m INFO[0m [2mdashboard_server[0m[2m:[0m Executing on peer L3:lr-27182:long_run:P1: INSERT INTO users (id, email, name) VALUES (?, ?, ?)
[2m2026-05-16T01:10:49.666428Z[0m [32m INFO[0m [2mdashboard_server[0m[2m:[0m Executing on peer L3:lr-27182:long_run:P0: UPDATE users SET name = ? WHERE id = ?
[2m2026-05-16T01:10:49.749350Z[0m [32m INFO[0m [2mdashboard_server[0m[2m:[0m Executing on peer L3:lr-27182:long_run:P3: INSERT INTO users (id, email, name) VALUES (?, ?, ?)
[2m2026-05-16T01:10:49.832411Z[0m [32m INFO[0m [2mdashboard_server[0m[2m:[0m Executing on peer L3:lr-27182:long_run:P0: INSERT INTO users (id, email, name) VALUES (?, ?, ?)
[2m2026-05-16T01:10:49.914860Z[0m [32m INFO[0m [2mdashboard_server[0m[2m:[0m Executing on peer L3:lr-27182:long_run:P1: UPDATE users SET email = ? WHERE id = ?
[2m2026-05-16T01:10:49.998306Z[0m [32m INFO[0m [2mdashboard_server[0m[2m:[0m Executing on peer L3:lr-27182:long_run:P0: UPDATE users SET name = ? WHERE id = ?
[2m2026-05-16T01:10:50.081699Z[0m [32m INFO[0m [2mdashboard_server[0m[2m:[0m Executing on peer L3:lr-27182:long_run:P2: INSERT INTO users (id, email, name) VALUES (?, ?, ?)
[2m2026-05-16T01:10:50.165068Z[0m [32m INFO[0m [2mdashboard_server[0m[2m:[0m Executing on peer L3:lr-27182:long_run:P0: INSERT INTO users (id, email, name) VALUES (?, ?, ?)
[2m2026-05-16T01:10:50.248132Z[0m [32m INFO[0m [2mdashboard_server[0m[2m:[0m Executing on peer L3:lr-27182:long_run:P1: INSERT INTO users (id, email, name) VALUES (?, ?, ?)
[2m2026-05-16T01:10:50.331216Z[0m [32m INFO[0m [2mdashboard_server[0m[2m:[0m Executing on peer L3:lr-27182:long_run:P3: UPDATE users SET email = ? WHERE id = ?
[2m2026-05-16T01:10:50.414956Z[0m [32m INFO[0m [2mdashboard_server[0m[2m:[0m Executing on peer L3:lr-27182:long_run:P3: INSERT INTO users (id, email, name) VALUES (?, ?, ?)
[2m2026-05-16T01:10:50.498434Z[0m [32m INFO[0m [2mdashboard_server[0m[2m:[0m Executing on peer L3:lr-27182:long_run:P2: INSERT INTO users (id, email, name) VALUES (?, ?, ?)
[2m2026-05-16T01:10:50.581576Z[0m [32m INFO[0m [2mdashboard_server[0m[2m:[0m Executing on peer L3:lr-27182:long_run:P3: INSERT INTO users (id, email, name) VALUES (?, ?, ?)
[2m2026-05-16T01:10:50.664703Z[0m [32m INFO[0m [2mdashboard_server[0m[2m:[0m Executing on peer L3:lr-27182:long_run:P0: INSERT INTO users (id, email, name) VALUES (?, ?, ?)
[2m2026-05-16T01:10:50.747782Z[0m [32m INFO[0m [2mdashboard_server[0m[2m:[0m Sync request: L3:lr-27182:long_run:P2 -> L3:lr-27182:long_run:P1
[2m2026-05-16T01:10:51.010838Z[0m [32m INFO[0m [2mdashboard_server[0m[2m:[0m Executing on peer L3:lr-27182:long_run:P0: INSERT INTO users (id, email, name) VALUES (?, ?, ?)
[2m2026-05-16T01:10:51.093393Z[0m [32m INFO[0m [2mdashboard_server[0m[2m:[0m Executing on peer L3:lr-27182:long_run:P2: UPDATE users SET email = ? WHERE id = ?
[2m2026-05-16T01:10:51.178091Z[0m [32m INFO[0m [2mdashboard_server[0m[2m:[0m Executing on peer L3:lr-27182:long_run:P3: INSERT INTO users (id, email, name) VALUES (?, ?, ?)
[2m2026-05-16T01:10:51.261251Z[0m [32m INFO[0m [2mdashboard_server[0m[2m:[0m Executing on peer L3:lr-27182:long_run:P2: INSERT INTO users (id, email, name) VALUES (?, ?, ?)
[2m2026-05-16T01:10:51.345178Z[0m [32m INFO[0m [2mdashboard_server[0m[2m:[0m Sync request: L3:lr-27182:long_run:P1 -> L3:lr-27182:long_run:P2
[2m2026-05-16T01:10:51.451545Z[0m [32m INFO[0m [2mdashboard_server[0m[2m:[0m Executing on peer L3:lr-27182:long_run:P3: INSERT INTO users (id, email, name) VALUES (?, ?, ?)
[2m2026-05-16T01:10:51.534964Z[0m [32m INFO[0m [2mdashboard_server[0m[2m:[0m Executing on peer L3:lr-27182:long_run:P1: INSERT INTO users (id, email, name) VALUES (?, ?, ?)
[2m2026-05-16T01:10:51.618238Z[0m [32m INFO[0m [2mdashboard_server[0m[2m:[0m Executing on peer L3:lr-27182:long_run:P3: INSERT INTO users (id, email, name) VALUES (?, ?, ?)
[2m2026-05-16T01:10:51.701176Z[0m [32m INFO[0m [2mdashboard_server[0m[2m:[0m Executing on peer L3:lr-27182:long_run:P3: DELETE FROM users WHERE id = ?
[2m2026-05-16T01:10:51.785050Z[0m [32m INFO[0m [2mdashboard_server[0m[2m:[0m Executing on peer L3:lr-27182:long_run:P0: INSERT INTO users (id, email, name) VALUES (?, ?, ?)
[2m2026-05-16T01:10:51.868087Z[0m [32m INFO[0m [2mdashboard_server[0m[2m:[0m Sync request: L3:lr-27182:long_run:P0 -> L3:lr-27182:long_run:P2
[2m2026-05-16T01:10:51.975342Z[0m [32m INFO[0m [2mdashboard_server[0m[2m:[0m Sync request: L3:lr-27182:long_run:P0 -> L3:lr-27182:long_run:P1
[2m2026-05-16T01:10:52.082476Z[0m [32m INFO[0m [2mdashboard_server[0m[2m:[0m Executing on peer L3:lr-27182:long_run:P1: INSERT INTO users (id, email, name) VALUES (?, ?, ?)
[2m2026-05-16T01:10:52.165879Z[0m [32m INFO[0m [2mdashboard_server[0m[2m:[0m Executing on peer L3:lr-27182:long_run:P2: INSERT INTO users (id, email, name) VALUES (?, ?, ?)
[2m2026-05-16T01:10:52.249849Z[0m [32m INFO[0m [2mdashboard_server[0m[2m:[0m Executing on peer L3:lr-27182:long_run:P3: INSERT INTO users (id, email, name) VALUES (?, ?, ?)
[2m2026-05-16T01:10:52.333389Z[0m [32m INFO[0m [2mdashboard_server[0m[2m:[0m Sync request: L3:lr-27182:long_run:P2 -> L3:lr-27182:long_run:P3
[2m2026-05-16T01:10:52.444181Z[0m [32m INFO[0m [2mdashboard_server[0m[2m:[0m Sync request: L3:lr-27182:long_run:P2 -> L3:lr-27182:long_run:P1
[2m2026-05-16T01:10:52.553867Z[0m [32m INFO[0m [2mdashboard_server[0m[2m:[0m Executing on peer L3:lr-27182:long_run:P3: INSERT INTO users (id, email, name) VALUES (?, ?, ?)
[2m2026-05-16T01:10:52.638514Z[0m [32m INFO[0m [2mdashboard_server[0m[2m:[0m Executing on peer L3:lr-27182:long_run:P2: INSERT INTO users (id, email, name) VALUES (?, ?, ?)
[2m2026-05-16T01:10:52.723138Z[0m [32m INFO[0m [2mdashboard_server[0m[2m:[0m Executing on peer L3:lr-27182:long_run:P0: DELETE FROM users WHERE id = ?
[2m2026-05-16T01:10:52.808113Z[0m [32m INFO[0m [2mdashboard_server[0m[2m:[0m Executing on peer L3:lr-27182:long_run:P2: INSERT INTO users (id, email, name) VALUES (?, ?, ?)
[2m2026-05-16T01:10:53.050496Z[0m [32m INFO[0m [2mdashboard_server[0m[2m:[0m Executing on peer L3:lr-27182:long_run:P2: UPDATE users SET email = ? WHERE id = ?
[2m2026-05-16T01:10:53.135127Z[0m [32m INFO[0m [2mdashboard_server[0m[2m:[0m Sync request: L3:lr-27182:long_run:P0 -> L3:lr-27182:long_run:P1
[2m2026-05-16T01:10:53.244481Z[0m [32m INFO[0m [2mdashboard_server[0m[2m:[0m Sync request: L3:lr-27182:long_run:P0 -> L3:lr-27182:long_run:P1
[2m2026-05-16T01:10:53.352946Z[0m [32m INFO[0m [2mdashboard_server[0m[2m:[0m Executing on peer L3:lr-27182:long_run:P2: INSERT INTO users (id, email, name) VALUES (?, ?, ?)
[2m2026-05-16T01:10:53.437694Z[0m [32m INFO[0m [2mdashboard_server[0m[2m:[0m Executing on peer L3:lr-27182:long_run:P1: INSERT INTO users (id, email, name) VALUES (?, ?, ?)
[2m2026-05-16T01:10:53.522664Z[0m [32m INFO[0m [2mdashboard_server[0m[2m:[0m Executing on peer L3:lr-27182:long_run:P0: INSERT INTO users (id, email, name) VALUES (?, ?, ?)
[2m2026-05-16T01:10:53.607466Z[0m [32m INFO[0m [2mdashboard_server[0m[2m:[0m Sync request: L3:lr-27182:long_run:P1 -> L3:lr-27182:long_run:P0
[2m2026-05-16T01:10:53.716247Z[0m [32m INFO[0m [2mdashboard_server[0m[2m:[0m Executing on peer L3:lr-27182:long_run:P3: UPDATE users SET name = ? WHERE id = ?
[2m2026-05-16T01:10:53.801326Z[0m [32m INFO[0m [2mdashboard_server[0m[2m:[0m Executing on peer L3:lr-27182:long_run:P2: UPDATE users SET name = ? WHERE id = ?
[2m2026-05-16T01:10:53.886274Z[0m [32m INFO[0m [2mdashboard_server[0m[2m:[0m Executing on peer L3:lr-27182:long_run:P3: UPDATE users SET name = ? WHERE id = ?
[2m2026-05-16T01:10:53.971233Z[0m [32m INFO[0m [2mdashboard_server[0m[2m:[0m Executing on peer L3:lr-27182:long_run:P0: INSERT INTO users (id, email, name) VALUES (?, ?, ?)
[2m2026-05-16T01:10:54.056032Z[0m [32m INFO[0m [2mdashboard_server[0m[2m:[0m Executing on peer L3:lr-27182:long_run:P2: INSERT INTO users (id, email, name) VALUES (?, ?, ?)
[2m2026-05-16T01:10:54.141014Z[0m [32m INFO[0m [2mdashboard_server[0m[2m:[0m Sync request: L3:lr-27182:long_run:P3 -> L3:lr-27182:long_run:P2
[2m2026-05-16T01:10:54.250336Z[0m [32m INFO[0m [2mdashboard_server[0m[2m:[0m Executing on peer L3:lr-27182:long_run:P0: UPDATE users SET email = ? WHERE id = ?
[2m2026-05-16T01:10:54.336148Z[0m [32m INFO[0m [2mdashboard_server[0m[2m:[0m Executing on peer L3:lr-27182:long_run:P2: UPDATE users SET name = ? WHERE id = ?
[2m2026-05-16T01:10:54.421485Z[0m [32m INFO[0m [2mdashboard_server[0m[2m:[0m Executing on peer L3:lr-27182:long_run:P1: INSERT INTO users (id, email, name) VALUES (?, ?, ?)
[2m2026-05-16T01:10:54.506342Z[0m [32m INFO[0m [2mdashboard_server[0m[2m:[0m Executing on peer L3:lr-27182:long_run:P1: DELETE FROM users WHERE id = ?
[2m2026-05-16T01:10:54.591581Z[0m [32m INFO[0m [2mdashboard_server[0m[2m:[0m Sync request: L3:lr-27182:long_run:P3 -> L3:lr-27182:long_run:P2
[2m2026-05-16T01:10:54.701531Z[0m [32m INFO[0m [2mdashboard_server[0m[2m:[0m Executing on peer L3:lr-27182:long_run:P3: INSERT INTO users (id, email, name) VALUES (?, ?, ?)
[2m2026-05-16T01:10:54.788860Z[0m [32m INFO[0m [2mdashboard_server[0m[2m:[0m Sync request: L3:lr-27182:long_run:P0 -> L3:lr-27182:long_run:P2
[2m2026-05-16T01:10:55.057812Z[0m [32m INFO[0m [2mdashboard_server[0m[2m:[0m Executing on peer L3:lr-27182:long_run:P2: INSERT INTO users (id, email, name) VALUES (?, ?, ?)
[2m2026-05-16T01:10:55.142582Z[0m [32m INFO[0m [2mdashboard_server[0m[2m:[0m Executing on peer L3:lr-27182:long_run:P2: INSERT INTO users (id, email, name) VALUES (?, ?, ?)
[2m2026-05-16T01:10:55.227601Z[0m [32m INFO[0m [2mdashboard_server[0m[2m:[0m Executing on peer L3:lr-27182:long_run:P0: UPDATE users SET name = ? WHERE id = ?
[2m2026-05-16T01:10:55.312751Z[0m [32m INFO[0m [2mdashboard_server[0m[2m:[0m Executing on peer L3:lr-27182:long_run:P0: INSERT INTO users (id, email, name) VALUES (?, ?, ?)
[2m2026-05-16T01:10:55.397523Z[0m [32m INFO[0m [2mdashboard_server[0m[2m:[0m Executing on peer L3:lr-27182:long_run:P2: INSERT INTO users (id, email, name) VALUES (?, ?, ?)
[2m2026-05-16T01:10:55.482713Z[0m [32m INFO[0m [2mdashboard_server[0m[2m:[0m Executing on peer L3:lr-27182:long_run:P3: DELETE FROM users WHERE id = ?
[2m2026-05-16T01:10:55.567979Z[0m [32m INFO[0m [2mdashboard_server[0m[2m:[0m Sync request: L3:lr-27182:long_run:P1 -> L3:lr-27182:long_run:P0
[2m2026-05-16T01:10:55.678366Z[0m [32m INFO[0m [2mdashboard_server[0m[2m:[0m Executing on peer L3:lr-27182:long_run:P0: INSERT INTO users (id, email, name) VALUES (?, ?, ?)
[2m2026-05-16T01:10:55.764060Z[0m [32m INFO[0m [2mdashboard_server[0m[2m:[0m Executing on peer L3:lr-27182:long_run:P0: UPDATE users SET email = ? WHERE id = ?
[2m2026-05-16T01:10:55.849956Z[0m [32m INFO[0m [2mdashboard_server[0m[2m:[0m Executing on peer L3:lr-27182:long_run:P1: INSERT INTO users (id, email, name) VALUES (?, ?, ?)
[2m2026-05-16T01:10:56.008486Z[0m [32m INFO[0m [2mdashboard_server[0m[2m:[0m Executing on peer L3:lr-27182:long_run:P0: INSERT INTO users (id, email, name) VALUES (?, ?, ?)
[2m2026-05-16T01:10:56.099589Z[0m [32m INFO[0m [2mdashboard_server[0m[2m:[0m Executing on peer L3:lr-27182:long_run:P2: UPDATE users SET name = ? WHERE id = ?
[2m2026-05-16T01:10:56.190702Z[0m [32m INFO[0m [2mdashboard_server[0m[2m:[0m Executing on peer L3:lr-27182:long_run:P0: DELETE FROM users WHERE id = ?
[2m2026-05-16T01:10:56.277447Z[0m [32m INFO[0m [2mdashboard_server[0m[2m:[0m Sync request: L3:lr-27182:long_run:P0 -> L3:lr-27182:long_run:P2
[2m2026-05-16T01:10:56.389086Z[0m [32m INFO[0m [2mdashboard_server[0m[2m:[0m Executing on peer L3:lr-27182:long_run:P2: UPDATE users SET name = ? WHERE id = ?
[2m2026-05-16T01:10:56.474656Z[0m [32m INFO[0m [2mdashboard_server[0m[2m:[0m Executing on peer L3:lr-27182:long_run:P0: INSERT INTO users (id, email, name) VALUES (?, ?, ?)
[2m2026-05-16T01:10:56.568801Z[0m [32m INFO[0m [2mdashboard_server[0m[2m:[0m Executing on peer L3:lr-27182:long_run:P3: INSERT INTO users (id, email, name) VALUES (?, ?, ?)
[2m2026-05-16T01:10:56.658901Z[0m [32m INFO[0m [2mdashboard_server[0m[2m:[0m Executing on peer L3:lr-27182:long_run:P0: INSERT INTO users (id, email, name) VALUES (?, ?, ?)
[2m2026-05-16T01:10:56.745947Z[0m [32m INFO[0m [2mdashboard_server[0m[2m:[0m Executing on peer L3:lr-27182:long_run:P3: INSERT INTO users (id, email, name) VALUES (?, ?, ?)
[2m2026-05-16T01:10:56.831661Z[0m [32m INFO[0m [2mdashboard_server[0m[2m:[0m Executing on peer L3:lr-27182:long_run:P3: INSERT INTO users (id, email, name) VALUES (?, ?, ?)
[2m2026-05-16T01:10:57.078047Z[0m [32m INFO[0m [2mdashboard_server[0m[2m:[0m Executing on peer L3:lr-27182:long_run:P3: INSERT INTO users (id, email, name) VALUES (?, ?, ?)
[2m2026-05-16T01:10:57.163426Z[0m [32m INFO[0m [2mdashboard_server[0m[2m:[0m Executing on peer L3:lr-27182:long_run:P1: INSERT INTO users (id, email, name) VALUES (?, ?, ?)
[2m2026-05-16T01:10:57.248508Z[0m [32m INFO[0m [2mdashboard_server[0m[2m:[0m Sync request: L3:lr-27182:long_run:P3 -> L3:lr-27182:long_run:P1
[2m2026-05-16T01:10:57.359505Z[0m [32m INFO[0m [2mdashboard_server[0m[2m:[0m Executing on peer L3:lr-27182:long_run:P1: INSERT INTO users (id, email, name) VALUES (?, ?, ?)
[2m2026-05-16T01:10:57.444275Z[0m [32m INFO[0m [2mdashboard_server[0m[2m:[0m Executing on peer L3:lr-27182:long_run:P1: UPDATE users SET email = ? WHERE id = ?
[2m2026-05-16T01:10:57.530730Z[0m [32m INFO[0m [2mdashboard_server[0m[2m:[0m Executing on peer L3:lr-27182:long_run:P0: INSERT INTO users (id, email, name) VALUES (?, ?, ?)
[2m2026-05-16T01:10:57.616115Z[0m [32m INFO[0m [2mdashboard_server[0m[2m:[0m Executing on peer L3:lr-27182:long_run:P0: INSERT INTO users (id, email, name) VALUES (?, ?, ?)
[2m2026-05-16T01:10:57.701902Z[0m [32m INFO[0m [2mdashboard_server[0m[2m:[0m Sync request: L3:lr-27182:long_run:P2 -> L3:lr-27182:long_run:P3
[2m2026-05-16T01:10:57.813691Z[0m [32m INFO[0m [2mdashboard_server[0m[2m:[0m Executing on peer L3:lr-27182:long_run:P0: UPDATE users SET email = ? WHERE id = ?
[2m2026-05-16T01:10:57.899563Z[0m [32m INFO[0m [2mdashboard_server[0m[2m:[0m Sync request: L3:lr-27182:long_run:P1 -> L3:lr-27182:long_run:P0
[2m2026-05-16T01:10:58.012576Z[0m [32m INFO[0m [2mdashboard_server[0m[2m:[0m Executing on peer L3:lr-27182:long_run:P0: INSERT INTO users (id, email, name) VALUES (?, ?, ?)
[2m2026-05-16T01:10:58.098653Z[0m [32m INFO[0m [2mdashboard_server[0m[2m:[0m Executing on peer L3:lr-27182:long_run:P1: INSERT INTO users (id, email, name) VALUES (?, ?, ?)
[2m2026-05-16T01:10:58.184322Z[0m [32m INFO[0m [2mdashboard_server[0m[2m:[0m Sync request: L3:lr-27182:long_run:P2 -> L3:lr-27182:long_run:P3
[2m2026-05-16T01:10:58.295578Z[0m [32m INFO[0m [2mdashboard_server[0m[2m:[0m Executing on peer L3:lr-27182:long_run:P2: INSERT INTO users (id, email, name) VALUES (?, ?, ?)
[2m2026-05-16T01:10:58.381129Z[0m [32m INFO[0m [2mdashboard_server[0m[2m:[0m Executing on peer L3:lr-27182:long_run:P0: INSERT INTO users (id, email, name) VALUES (?, ?, ?)
[2m2026-05-16T01:10:58.466945Z[0m [32m INFO[0m [2mdashboard_server[0m[2m:[0m Sync request: L3:lr-27182:long_run:P2 -> L3:lr-27182:long_run:P3
[2m2026-05-16T01:10:58.577664Z[0m [32m INFO[0m [2mdashboard_server[0m[2m:[0m Executing on peer L3:lr-27182:long_run:P2: UPDATE users SET email = ? WHERE id = ?
[2m2026-05-16T01:10:58.664205Z[0m [32m INFO[0m [2mdashboard_server[0m[2m:[0m Executing on peer L3:lr-27182:long_run:P3: INSERT INTO users (id, email, name) VALUES (?, ?, ?)
[2m2026-05-16T01:10:58.749833Z[0m [32m INFO[0m [2mdashboard_server[0m[2m:[0m Executing on peer L3:lr-27182:long_run:P1: INSERT INTO users (id, email, name) VALUES (?, ?, ?)
[2m2026-05-16T01:10:58.835997Z[0m [32m INFO[0m [2mdashboard_server[0m[2m:[0m Executing on peer L3:lr-27182:long_run:P3: INSERT INTO users (id, email, name) VALUES (?, ?, ?)
[2m2026-05-16T01:10:59.083493Z[0m [32m INFO[0m [2mdashboard_server[0m[2m:[0m Executing on peer L3:lr-27182:long_run:P0: INSERT INTO users (id, email, name) VALUES (?, ?, ?)
[2m2026-05-16T01:10:59.169643Z[0m [32m INFO[0m [2mdashboard_server[0m[2m:[0m Executing on peer L3:lr-27182:long_run:P2: INSERT INTO users (id, email, name) VALUES (?, ?, ?)
[2m2026-05-16T01:10:59.255290Z[0m [32m INFO[0m [2mdashboard_server[0m[2m:[0m Sync request: L3:lr-27182:long_run:P0 -> L3:lr-27182:long_run:P1
[2m2026-05-16T01:10:59.367281Z[0m [32m INFO[0m [2mdashboard_server[0m[2m:[0m Executing on peer L3:lr-27182:long_run:P3: INSERT INTO users (id, email, name) VALUES (?, ?, ?)
[2m2026-05-16T01:10:59.453670Z[0m [32m INFO[0m [2mdashboard_server[0m[2m:[0m Sync request: L3:lr-27182:long_run:P1 -> L3:lr-27182:long_run:P2
[2m2026-05-16T01:10:59.566707Z[0m [32m INFO[0m [2mdashboard_server[0m[2m:[0m Sync request: L3:lr-27182:long_run:P1 -> L3:lr-27182:long_run:P2
[2m2026-05-16T01:10:59.678561Z[0m [32m INFO[0m [2mdashboard_server[0m[2m:[0m Executing on peer L3:lr-27182:long_run:P2: INSERT INTO users (id, email, name) VALUES (?, ?, ?)
[2m2026-05-16T01:10:59.765243Z[0m [32m INFO[0m [2mdashboard_server[0m[2m:[0m Sync request: L3:lr-27182:long_run:P1 -> L3:lr-27182:long_run:P0
[2m2026-05-16T01:10:59.877077Z[0m [32m INFO[0m [2mdashboard_server[0m[2m:[0m Executing on peer L3:lr-27182:long_run:P0: INSERT INTO users (id, email, name) VALUES (?, ?, ?)
[2m2026-05-16T01:10:59.962458Z[0m [32m INFO[0m [2mdashboard_server[0m[2m:[0m Executing on peer L3:lr-27182:long_run:P1: INSERT INTO users (id, email, name) VALUES (?, ?, ?)
[2m2026-05-16T01:11:00.049394Z[0m [32m INFO[0m [2mdashboard_server[0m[2m:[0m Executing on peer L3:lr-27182:long_run:P3: INSERT INTO users (id, email, name) VALUES (?, ?, ?)
[2m2026-05-16T01:11:00.136410Z[0m [32m INFO[0m [2mdashboard_server[0m[2m:[0m Executing on peer L3:lr-27182:long_run:P0: INSERT INTO users (id, email, name) VALUES (?, ?, ?)
[2m2026-05-16T01:11:00.223377Z[0m [32m INFO[0m [2mdashboard_server[0m[2m:[0m Executing on peer L3:lr-27182:long_run:P0: INSERT INTO users (id, email, name) VALUES (?, ?, ?)
[2m2026-05-16T01:11:00.310372Z[0m [32m INFO[0m [2mdashboard_server[0m[2m:[0m Executing on peer L3:lr-27182:long_run:P2: INSERT INTO users (id, email, name) VALUES (?, ?, ?)
[2m2026-05-16T01:11:00.397110Z[0m [32m INFO[0m [2mdashboard_server[0m[2m:[0m Executing on peer L3:lr-27182:long_run:P1: INSERT INTO users (id, email, name) VALUES (?, ?, ?)
[2m2026-05-16T01:11:00.483763Z[0m [32m INFO[0m [2mdashboard_server[0m[2m:[0m Executing on peer L3:lr-27182:long_run:P1: INSERT INTO users (id, email, name) VALUES (?, ?, ?)
[2m2026-05-16T01:11:00.570618Z[0m [32m INFO[0m [2mdashboard_server[0m[2m:[0m Executing on peer L3:lr-27182:long_run:P2: INSERT INTO users (id, email, name) VALUES (?, ?, ?)
[2m2026-05-16T01:11:00.657484Z[0m [32m INFO[0m [2mdashboard_server[0m[2m:[0m Sync request: L3:lr-27182:long_run:P3 -> L3:lr-27182:long_run:P0
[2m2026-05-16T01:11:00.771630Z[0m [32m INFO[0m [2mdashboard_server[0m[2m:[0m Executing on peer L3:lr-27182:long_run:P1: UPDATE users SET email = ? WHERE id = ?
[2m2026-05-16T01:11:01.021988Z[0m [32m INFO[0m [2mdashboard_server[0m[2m:[0m Sync request: L3:lr-27182:long_run:P1 -> L3:lr-27182:long_run:P0
[2m2026-05-16T01:11:01.136868Z[0m [32m INFO[0m [2mdashboard_server[0m[2m:[0m Executing on peer L3:lr-27182:long_run:P1: INSERT INTO users (id, email, name) VALUES (?, ?, ?)
[2m2026-05-16T01:11:01.225032Z[0m [32m INFO[0m [2mdashboard_server[0m[2m:[0m Executing on peer L3:lr-27182:long_run:P0: INSERT INTO users (id, email, name) VALUES (?, ?, ?)
[2m2026-05-16T01:11:01.311621Z[0m [32m INFO[0m [2mdashboard_server[0m[2m:[0m Executing on peer L3:lr-27182:long_run:P0: DELETE FROM users WHERE id = ?
[2m2026-05-16T01:11:01.398427Z[0m [32m INFO[0m [2mdashboard_server[0m[2m:[0m Executing on peer L3:lr-27182:long_run:P0: UPDATE users SET name = ? WHERE id = ?
[2m2026-05-16T01:11:01.485477Z[0m [32m INFO[0m [2mdashboard_server[0m[2m:[0m Sync request: L3:lr-27182:long_run:P3 -> L3:lr-27182:long_run:P0
[2m2026-05-16T01:11:01.599227Z[0m [32m INFO[0m [2mdashboard_server[0m[2m:[0m Sync request: L3:lr-27182:long_run:P2 -> L3:lr-27182:long_run:P1
[2m2026-05-16T01:11:01.714033Z[0m [32m INFO[0m [2mdashboard_server[0m[2m:[0m Executing on peer L3:lr-27182:long_run:P2: UPDATE users SET name = ? WHERE id = ?
[2m2026-05-16T01:11:01.801359Z[0m [32m INFO[0m [2mdashboard_server[0m[2m:[0m Executing on peer L3:lr-27182:long_run:P0: DELETE FROM users WHERE id = ?
[2m2026-05-16T01:11:01.889111Z[0m [32m INFO[0m [2mdashboard_server[0m[2m:[0m Executing on peer L3:lr-27182:long_run:P2: INSERT INTO users (id, email, name) VALUES (?, ?, ?)
[2m2026-05-16T01:11:01.976005Z[0m [32m INFO[0m [2mdashboard_server[0m[2m:[0m Executing on peer L3:lr-27182:long_run:P0: INSERT INTO users (id, email, name) VALUES (?, ?, ?)
[2m2026-05-16T01:11:02.063330Z[0m [32m INFO[0m [2mdashboard_server[0m[2m:[0m Executing on peer L3:lr-27182:long_run:P0: DELETE FROM users WHERE id = ?
[2m2026-05-16T01:11:02.150579Z[0m [32m INFO[0m [2mdashboard_server[0m[2m:[0m Executing on peer L3:lr-27182:long_run:P2: INSERT INTO users (id, email, name) VALUES (?, ?, ?)
[2m2026-05-16T01:11:02.237676Z[0m [32m INFO[0m [2mdashboard_server[0m[2m:[0m Executing on peer L3:lr-27182:long_run:P1: INSERT INTO users (id, email, name) VALUES (?, ?, ?)
[2m2026-05-16T01:11:02.325801Z[0m [32m INFO[0m [2mdashboard_server[0m[2m:[0m Sync request: L3:lr-27182:long_run:P2 -> L3:lr-27182:long_run:P0
[2m2026-05-16T01:11:02.440719Z[0m [32m INFO[0m [2mdashboard_server[0m[2m:[0m Executing on peer L3:lr-27182:long_run:P0: INSERT INTO users (id, email, name) VALUES (?, ?, ?)
[2m2026-05-16T01:11:02.527114Z[0m [32m INFO[0m [2mdashboard_server[0m[2m:[0m Sync request: L3:lr-27182:long_run:P3 -> L3:lr-27182:long_run:P0
[2m2026-05-16T01:11:02.641685Z[0m [32m INFO[0m [2mdashboard_server[0m[2m:[0m Executing on peer L3:lr-27182:long_run:P3: INSERT INTO users (id, email, name) VALUES (?, ?, ?)
[2m2026-05-16T01:11:02.728992Z[0m [32m INFO[0m [2mdashboard_server[0m[2m:[0m Executing on peer L3:lr-27182:long_run:P1: INSERT INTO users (id, email, name) VALUES (?, ?, ?)
[2m2026-05-16T01:11:02.816347Z[0m [32m INFO[0m [2mdashboard_server[0m[2m:[0m Executing on peer L3:lr-27182:long_run:P0: UPDATE users SET name = ? WHERE id = ?
[2m2026-05-16T01:11:03.068101Z[0m [32m INFO[0m [2mdashboard_server[0m[2m:[0m Executing on peer L3:lr-27182:long_run:P2: INSERT INTO users (id, email, name) VALUES (?, ?, ?)
[2m2026-05-16T01:11:03.155495Z[0m [32m INFO[0m [2mdashboard_server[0m[2m:[0m Executing on peer L3:lr-27182:long_run:P0: INSERT INTO users (id, email, name) VALUES (?, ?, ?)
[2m2026-05-16T01:11:03.242904Z[0m [32m INFO[0m [2mdashboard_server[0m[2m:[0m Executing on peer L3:lr-27182:long_run:P1: INSERT INTO users (id, email, name) VALUES (?, ?, ?)
[2m2026-05-16T01:11:03.331011Z[0m [32m INFO[0m [2mdashboard_server[0m[2m:[0m Executing on peer L3:lr-27182:long_run:P3: INSERT INTO users (id, email, name) VALUES (?, ?, ?)
[2m2026-05-16T01:11:03.419309Z[0m [32m INFO[0m [2mdashboard_server[0m[2m:[0m Executing on peer L3:lr-27182:long_run:P2: INSERT INTO users (id, email, name) VALUES (?, ?, ?)
[2m2026-05-16T01:11:03.507005Z[0m [32m INFO[0m [2mdashboard_server[0m[2m:[0m Executing on peer L3:lr-27182:long_run:P3: INSERT INTO users (id, email, name) VALUES (?, ?, ?)
[2m2026-05-16T01:11:03.594558Z[0m [32m INFO[0m [2mdashboard_server[0m[2m:[0m Executing on peer L3:lr-27182:long_run:P2: DELETE FROM users WHERE id = ?
[2m2026-05-16T01:11:03.683305Z[0m [32m INFO[0m [2mdashboard_server[0m[2m:[0m Executing on peer L3:lr-27182:long_run:P3: INSERT INTO users (id, email, name) VALUES (?, ?, ?)
[2m2026-05-16T01:11:03.770928Z[0m [32m INFO[0m [2mdashboard_server[0m[2m:[0m Sync request: L3:lr-27182:long_run:P0 -> L3:lr-27182:long_run:P3
[2m2026-05-16T01:11:03.885686Z[0m [32m INFO[0m [2mdashboard_server[0m[2m:[0m Executing on peer L3:lr-27182:long_run:P0: INSERT INTO users (id, email, name) VALUES (?, ?, ?)
[2m2026-05-16T01:11:03.971846Z[0m [32m INFO[0m [2mdashboard_server[0m[2m:[0m Executing on peer L3:lr-27182:long_run:P2: INSERT INTO users (id, email, name) VALUES (?, ?, ?)
[2m2026-05-16T01:11:04.059720Z[0m [32m INFO[0m [2mdashboard_server[0m[2m:[0m Executing on peer L3:lr-27182:long_run:P0: INSERT INTO users (id, email, name) VALUES (?, ?, ?)
[2m2026-05-16T01:11:04.147771Z[0m [32m INFO[0m [2mdashboard_server[0m[2m:[0m Executing on peer L3:lr-27182:long_run:P1: INSERT INTO users (id, email, name) VALUES (?, ?, ?)
[2m2026-05-16T01:11:04.235653Z[0m [32m INFO[0m [2mdashboard_server[0m[2m:[0m Executing on peer L3:lr-27182:long_run:P2: INSERT INTO users (id, email, name) VALUES (?, ?, ?)
[2m2026-05-16T01:11:04.323509Z[0m [32m INFO[0m [2mdashboard_server[0m[2m:[0m Executing on peer L3:lr-27182:long_run:P3: UPDATE users SET email = ? WHERE id = ?
[2m2026-05-16T01:11:04.411280Z[0m [32m INFO[0m [2mdashboard_server[0m[2m:[0m Executing on peer L3:lr-27182:long_run:P1: INSERT INTO users (id, email, name) VALUES (?, ?, ?)
[2m2026-05-16T01:11:04.498887Z[0m [32m INFO[0m [2mdashboard_server[0m[2m:[0m Executing on peer L3:lr-27182:long_run:P3: UPDATE users SET email = ? WHERE id = ?
[2m2026-05-16T01:11:04.587686Z[0m [32m INFO[0m [2mdashboard_server[0m[2m:[0m Executing on peer L3:lr-27182:long_run:P0: UPDATE users SET email = ? WHERE id = ?
[2m2026-05-16T01:11:04.676422Z[0m [32m INFO[0m [2mdashboard_server[0m[2m:[0m Sync request: L3:lr-27182:long_run:P3 -> L3:lr-27182:long_run:P1
[2m2026-05-16T01:11:04.793550Z[0m [32m INFO[0m [2mdashboard_server[0m[2m:[0m Sync request: L3:lr-27182:long_run:P1 -> L3:lr-27182:long_run:P3
[2m2026-05-16T01:11:05.073585Z[0m [32m INFO[0m [2mdashboard_server[0m[2m:[0m Executing on peer L3:lr-27182:long_run:P0: UPDATE users SET email = ? WHERE id = ?
[2m2026-05-16T01:11:05.161159Z[0m [32m INFO[0m [2mdashboard_server[0m[2m:[0m Sync request: L3:lr-27182:long_run:P0 -> L3:lr-27182:long_run:P1
[2m2026-05-16T01:11:05.276499Z[0m [32m INFO[0m [2mdashboard_server[0m[2m:[0m Executing on peer L3:lr-27182:long_run:P1: INSERT INTO users (id, email, name) VALUES (?, ?, ?)
[2m2026-05-16T01:11:05.364616Z[0m [32m INFO[0m [2mdashboard_server[0m[2m:[0m Sync request: L3:lr-27182:long_run:P2 -> L3:lr-27182:long_run:P0
[2m2026-05-16T01:11:05.481462Z[0m [32m INFO[0m [2mdashboard_server[0m[2m:[0m Executing on peer L3:lr-27182:long_run:P3: UPDATE users SET name = ? WHERE id = ?
[2m2026-05-16T01:11:05.570126Z[0m [32m INFO[0m [2mdashboard_server[0m[2m:[0m Executing on peer L3:lr-27182:long_run:P1: INSERT INTO users (id, email, name) VALUES (?, ?, ?)
[2m2026-05-16T01:11:05.659192Z[0m [32m INFO[0m [2mdashboard_server[0m[2m:[0m Executing on peer L3:lr-27182:long_run:P1: UPDATE users SET name = ? WHERE id = ?
[2m2026-05-16T01:11:05.747959Z[0m [32m INFO[0m [2mdashboard_server[0m[2m:[0m Executing on peer L3:lr-27182:long_run:P1: INSERT INTO users (id, email, name) VALUES (?, ?, ?)
[2m2026-05-16T01:11:05.836845Z[0m [32m INFO[0m [2mdashboard_server[0m[2m:[0m Executing on peer L3:lr-27182:long_run:P1: INSERT INTO users (id, email, name) VALUES (?, ?, ?)
[2m2026-05-16T01:11:05.925687Z[0m [32m INFO[0m [2mdashboard_server[0m[2m:[0m Executing on peer L3:lr-27182:long_run:P2: INSERT INTO users (id, email, name) VALUES (?, ?, ?)
[2m2026-05-16T01:11:06.015201Z[0m [32m INFO[0m [2mdashboard_server[0m[2m:[0m Executing on peer L3:lr-27182:long_run:P2: UPDATE users SET email = ? WHERE id = ?
[2m2026-05-16T01:11:06.104453Z[0m [32m INFO[0m [2mdashboard_server[0m[2m:[0m Executing on peer L3:lr-27182:long_run:P3: INSERT INTO users (id, email, name) VALUES (?, ?, ?)
[2m2026-05-16T01:11:06.193907Z[0m [32m INFO[0m [2mdashboard_server[0m[2m:[0m Executing on peer L3:lr-27182:long_run:P0: UPDATE users SET email = ? WHERE id = ?
[2m2026-05-16T01:11:06.283149Z[0m [32m INFO[0m [2mdashboard_server[0m[2m:[0m Sync request: L3:lr-27182:long_run:P3 -> L3:lr-27182:long_run:P2
[2m2026-05-16T01:11:06.400205Z[0m [32m INFO[0m [2mdashboard_server[0m[2m:[0m Executing on peer L3:lr-27182:long_run:P3: INSERT INTO users (id, email, name) VALUES (?, ?, ?)
[2m2026-05-16T01:11:06.488598Z[0m [32m INFO[0m [2mdashboard_server[0m[2m:[0m Executing on peer L3:lr-27182:long_run:P0: INSERT INTO users (id, email, name) VALUES (?, ?, ?)
[2m2026-05-16T01:11:06.576868Z[0m [32m INFO[0m [2mdashboard_server[0m[2m:[0m Sync request: L3:lr-27182:long_run:P2 -> L3:lr-27182:long_run:P3
[2m2026-05-16T01:11:06.693776Z[0m [32m INFO[0m [2mdashboard_server[0m[2m:[0m Executing on peer L3:lr-27182:long_run:P1: UPDATE users SET email = ? WHERE id = ?
[2m2026-05-16T01:11:06.783049Z[0m [32m INFO[0m [2mdashboard_server[0m[2m:[0m Executing on peer L3:lr-27182:long_run:P3: INSERT INTO users (id, email, name) VALUES (?, ?, ?)
[2m2026-05-16T01:11:07.037527Z[0m [32m INFO[0m [2mdashboard_server[0m[2m:[0m Executing on peer L3:lr-27182:long_run:P0: INSERT INTO users (id, email, name) VALUES (?, ?, ?)
[2m2026-05-16T01:11:07.126805Z[0m [32m INFO[0m [2mdashboard_server[0m[2m:[0m Executing on peer L3:lr-27182:long_run:P0: INSERT INTO users (id, email, name) VALUES (?, ?, ?)
[2m2026-05-16T01:11:07.215528Z[0m [32m INFO[0m [2mdashboard_server[0m[2m:[0m Executing on peer L3:lr-27182:long_run:P1: INSERT INTO users (id, email, name) VALUES (?, ?, ?)
[2m2026-05-16T01:11:07.304294Z[0m [32m INFO[0m [2mdashboard_server[0m[2m:[0m Executing on peer L3:lr-27182:long_run:P3: DELETE FROM users WHERE id = ?
[2m2026-05-16T01:11:07.393339Z[0m [32m INFO[0m [2mdashboard_server[0m[2m:[0m Sync request: L3:lr-27182:long_run:P3 -> L3:lr-27182:long_run:P2
[2m2026-05-16T01:11:07.509689Z[0m [32m INFO[0m [2mdashboard_server[0m[2m:[0m Executing on peer L3:lr-27182:long_run:P3: INSERT INTO users (id, email, name) VALUES (?, ?, ?)
[2m2026-05-16T01:11:07.598438Z[0m [32m INFO[0m [2mdashboard_server[0m[2m:[0m Executing on peer L3:lr-27182:long_run:P1: DELETE FROM users WHERE id = ?
[2m2026-05-16T01:11:07.687543Z[0m [32m INFO[0m [2mdashboard_server[0m[2m:[0m Executing on peer L3:lr-27182:long_run:P0: INSERT INTO users (id, email, name) VALUES (?, ?, ?)
[2m2026-05-16T01:11:07.777237Z[0m [32m INFO[0m [2mdashboard_server[0m[2m:[0m Executing on peer L3:lr-27182:long_run:P0: INSERT INTO users (id, email, name) VALUES (?, ?, ?)
[2m2026-05-16T01:11:07.866385Z[0m [32m INFO[0m [2mdashboard_server[0m[2m:[0m Executing on peer L3:lr-27182:long_run:P2: UPDATE users SET email = ? WHERE id = ?
[2m2026-05-16T01:11:07.956211Z[0m [32m INFO[0m [2mdashboard_server[0m[2m:[0m Executing on peer L3:lr-27182:long_run:P3: INSERT INTO users (id, email, name) VALUES (?, ?, ?)
[2m2026-05-16T01:11:08.046022Z[0m [32m INFO[0m [2mdashboard_server[0m[2m:[0m Executing on peer L3:lr-27182:long_run:P0: INSERT INTO users (id, email, name) VALUES (?, ?, ?)
[2m2026-05-16T01:11:08.134854Z[0m [32m INFO[0m [2mdashboard_server[0m[2m:[0m Executing on peer L3:lr-27182:long_run:P2: INSERT INTO users (id, email, name) VALUES (?, ?, ?)
[2m2026-05-16T01:11:08.224146Z[0m [32m INFO[0m [2mdashboard_server[0m[2m:[0m Executing on peer L3:lr-27182:long_run:P2: INSERT INTO users (id, email, name) VALUES (?, ?, ?)
[2m2026-05-16T01:11:08.313267Z[0m [32m INFO[0m [2mdashboard_server[0m[2m:[0m Executing on peer L3:lr-27182:long_run:P0: INSERT INTO users (id, email, name) VALUES (?, ?, ?)
[2m2026-05-16T01:11:08.402603Z[0m [32m INFO[0m [2mdashboard_server[0m[2m:[0m Executing on peer L3:lr-27182:long_run:P0: DELETE FROM users WHERE id = ?
[2m2026-05-16T01:11:08.492224Z[0m [32m INFO[0m [2mdashboard_server[0m[2m:[0m Executing on peer L3:lr-27182:long_run:P2: INSERT INTO users (id, email, name) VALUES (?, ?, ?)
[2m2026-05-16T01:11:08.663744Z[0m [32m INFO[0m [2mdashboard_server[0m[2m:[0m Executing on peer L3:lr-27182:long_run:P0: UPDATE users SET email = ? WHERE id = ?
[2m2026-05-16T01:11:08.754153Z[0m [32m INFO[0m [2mdashboard_server[0m[2m:[0m Executing on peer L3:lr-27182:long_run:P3: INSERT INTO users (id, email, name) VALUES (?, ?, ?)
[2m2026-05-16T01:11:08.843331Z[0m [32m INFO[0m [2mdashboard_server[0m[2m:[0m Sync request: L3:lr-27182:long_run:P1 -> L3:lr-27182:long_run:P3
[2m2026-05-16T01:11:09.036710Z[0m [32m INFO[0m [2mdashboard_server[0m[2m:[0m Executing on peer L3:lr-27182:long_run:P3: INSERT INTO users (id, email, name) VALUES (?, ?, ?)
[2m2026-05-16T01:11:09.125991Z[0m [32m INFO[0m [2mdashboard_server[0m[2m:[0m Executing on peer L3:lr-27182:long_run:P2: INSERT INTO users (id, email, name) VALUES (?, ?, ?)
[2m2026-05-16T01:11:09.224082Z[0m [32m INFO[0m [2mdashboard_server[0m[2m:[0m Sync request: L3:lr-27182:long_run:P0 -> L3:lr-27182:long_run:P3
[2m2026-05-16T01:11:09.352205Z[0m [32m INFO[0m [2mdashboard_server[0m[2m:[0m Executing on peer L3:lr-27182:long_run:P3: INSERT INTO users (id, email, name) VALUES (?, ?, ?)
[2m2026-05-16T01:11:09.450228Z[0m [32m INFO[0m [2mdashboard_server[0m[2m:[0m Executing on peer L3:lr-27182:long_run:P3: INSERT INTO users (id, email, name) VALUES (?, ?, ?)
[2m2026-05-16T01:11:09.550843Z[0m [32m INFO[0m [2mdashboard_server[0m[2m:[0m Executing on peer L3:lr-27182:long_run:P2: INSERT INTO users (id, email, name) VALUES (?, ?, ?)
[2m2026-05-16T01:11:09.651769Z[0m [32m INFO[0m [2mdashboard_server[0m[2m:[0m Executing on peer L3:lr-27182:long_run:P1: INSERT INTO users (id, email, name) VALUES (?, ?, ?)
[2m2026-05-16T01:11:09.741808Z[0m [32m INFO[0m [2mdashboard_server[0m[2m:[0m Executing on peer L3:lr-27182:long_run:P0: UPDATE users SET email = ? WHERE id = ?
[2m2026-05-16T01:11:09.845599Z[0m [32m INFO[0m [2mdashboard_server[0m[2m:[0m Executing on peer L3:lr-27182:long_run:P1: INSERT INTO users (id, email, name) VALUES (?, ?, ?)
[2m2026-05-16T01:11:09.934937Z[0m [32m INFO[0m [2mdashboard_server[0m[2m:[0m Executing on peer L3:lr-27182:long_run:P0: UPDATE users SET name = ? WHERE id = ?
[2m2026-05-16T01:11:10.025291Z[0m [32m INFO[0m [2mdashboard_server[0m[2m:[0m Executing on peer L3:lr-27182:long_run:P1: INSERT INTO users (id, email, name) VALUES (?, ?, ?)
[2m2026-05-16T01:11:10.115428Z[0m [32m INFO[0m [2mdashboard_server[0m[2m:[0m Executing on peer L3:lr-27182:long_run:P2: UPDATE users SET email = ? WHERE id = ?
[2m2026-05-16T01:11:10.205995Z[0m [32m INFO[0m [2mdashboard_server[0m[2m:[0m Executing on peer L3:lr-27182:long_run:P3: INSERT INTO users (id, email, name) VALUES (?, ?, ?)
[2m2026-05-16T01:11:10.295758Z[0m [32m INFO[0m [2mdashboard_server[0m[2m:[0m Executing on peer L3:lr-27182:long_run:P0: UPDATE users SET email = ? WHERE id = ?
[2m2026-05-16T01:11:10.386123Z[0m [32m INFO[0m [2mdashboard_server[0m[2m:[0m Sync request: L3:lr-27182:long_run:P1 -> L3:lr-27182:long_run:P3
[2m2026-05-16T01:11:10.506785Z[0m [32m INFO[0m [2mdashboard_server[0m[2m:[0m Executing on peer L3:lr-27182:long_run:P3: INSERT INTO users (id, email, name) VALUES (?, ?, ?)
[2m2026-05-16T01:11:10.597253Z[0m [32m INFO[0m [2mdashboard_server[0m[2m:[0m Sync request: L3:lr-27182:long_run:P3 -> L3:lr-27182:long_run:P2
[2m2026-05-16T01:11:10.718903Z[0m [32m INFO[0m [2mdashboard_server[0m[2m:[0m Executing on peer L3:lr-27182:long_run:P3: INSERT INTO users (id, email, name) VALUES (?, ?, ?)
[2m2026-05-16T01:11:10.809290Z[0m [32m INFO[0m [2mdashboard_server[0m[2m:[0m Executing on peer L3:lr-27182:long_run:P2: INSERT INTO users (id, email, name) VALUES (?, ?, ?)
[2m2026-05-16T01:11:11.067913Z[0m [32m INFO[0m [2mdashboard_server[0m[2m:[0m Executing on peer L3:lr-27182:long_run:P2: INSERT INTO users (id, email, name) VALUES (?, ?, ?)
[2m2026-05-16T01:11:11.159332Z[0m [32m INFO[0m [2mdashboard_server[0m[2m:[0m Sync request: L3:lr-27182:long_run:P2 -> L3:lr-27182:long_run:P1
[2m2026-05-16T01:11:11.280083Z[0m [32m INFO[0m [2mdashboard_server[0m[2m:[0m Executing on peer L3:lr-27182:long_run:P3: UPDATE users SET name = ? WHERE id = ?
[2m2026-05-16T01:11:11.370841Z[0m [32m INFO[0m [2mdashboard_server[0m[2m:[0m Executing on peer L3:lr-27182:long_run:P1: UPDATE users SET email = ? WHERE id = ?
[2m2026-05-16T01:11:11.461342Z[0m [32m INFO[0m [2mdashboard_server[0m[2m:[0m Executing on peer L3:lr-27182:long_run:P3: DELETE FROM users WHERE id = ?
[2m2026-05-16T01:11:11.552345Z[0m [32m INFO[0m [2mdashboard_server[0m[2m:[0m Executing on peer L3:lr-27182:long_run:P3: INSERT INTO users (id, email, name) VALUES (?, ?, ?)
[2m2026-05-16T01:11:11.643106Z[0m [32m INFO[0m [2mdashboard_server[0m[2m:[0m Executing on peer L3:lr-27182:long_run:P1: INSERT INTO users (id, email, name) VALUES (?, ?, ?)
[2m2026-05-16T01:11:11.733698Z[0m [32m INFO[0m [2mdashboard_server[0m[2m:[0m Executing on peer L3:lr-27182:long_run:P3: INSERT INTO users (id, email, name) VALUES (?, ?, ?)
[2m2026-05-16T01:11:11.824481Z[0m [32m INFO[0m [2mdashboard_server[0m[2m:[0m Executing on peer L3:lr-27182:long_run:P0: INSERT INTO users (id, email, name) VALUES (?, ?, ?)
[2m2026-05-16T01:11:11.914769Z[0m [32m INFO[0m [2mdashboard_server[0m[2m:[0m Executing on peer L3:lr-27182:long_run:P3: INSERT INTO users (id, email, name) VALUES (?, ?, ?)
[2m2026-05-16T01:11:12.005960Z[0m [32m INFO[0m [2mdashboard_server[0m[2m:[0m Executing on peer L3:lr-27182:long_run:P3: INSERT INTO users (id, email, name) VALUES (?, ?, ?)
[2m2026-05-16T01:11:12.096596Z[0m [32m INFO[0m [2mdashboard_server[0m[2m:[0m Executing on peer L3:lr-27182:long_run:P2: INSERT INTO users (id, email, name) VALUES (?, ?, ?)
[2m2026-05-16T01:11:12.187600Z[0m [32m INFO[0m [2mdashboard_server[0m[2m:[0m Executing on peer L3:lr-27182:long_run:P3: INSERT INTO users (id, email, name) VALUES (?, ?, ?)
[2m2026-05-16T01:11:12.277805Z[0m [32m INFO[0m [2mdashboard_server[0m[2m:[0m Executing on peer L3:lr-27182:long_run:P2: INSERT INTO users (id, email, name) VALUES (?, ?, ?)
[2m2026-05-16T01:11:12.368182Z[0m [32m INFO[0m [2mdashboard_server[0m[2m:[0m Executing on peer L3:lr-27182:long_run:P1: DELETE FROM users WHERE id = ?
[2m2026-05-16T01:11:12.459432Z[0m [32m INFO[0m [2mdashboard_server[0m[2m:[0m Executing on peer L3:lr-27182:long_run:P3: INSERT INTO users (id, email, name) VALUES (?, ?, ?)
[2m2026-05-16T01:11:12.549891Z[0m [32m INFO[0m [2mdashboard_server[0m[2m:[0m Sync request: L3:lr-27182:long_run:P3 -> L3:lr-27182:long_run:P1
[2m2026-05-16T01:11:12.671982Z[0m [32m INFO[0m [2mdashboard_server[0m[2m:[0m Executing on peer L3:lr-27182:long_run:P0: UPDATE users SET name = ? WHERE id = ?
[2m2026-05-16T01:11:12.763088Z[0m [32m INFO[0m [2mdashboard_server[0m[2m:[0m Executing on peer L3:lr-27182:long_run:P1: INSERT INTO users (id, email, name) VALUES (?, ?, ?)
[2m2026-05-16T01:11:13.023322Z[0m [32m INFO[0m [2mdashboard_server[0m[2m:[0m Sync request: L3:lr-27182:long_run:P3 -> L3:lr-27182:long_run:P2
[2m2026-05-16T01:11:13.144621Z[0m [32m INFO[0m [2mdashboard_server[0m[2m:[0m Executing on peer L3:lr-27182:long_run:P2: UPDATE users SET email = ? WHERE id = ?
[2m2026-05-16T01:11:13.235982Z[0m [32m INFO[0m [2mdashboard_server[0m[2m:[0m Executing on peer L3:lr-27182:long_run:P0: DELETE FROM users WHERE id = ?
[2m2026-05-16T01:11:13.326271Z[0m [32m INFO[0m [2mdashboard_server[0m[2m:[0m Executing on peer L3:lr-27182:long_run:P0: INSERT INTO users (id, email, name) VALUES (?, ?, ?)
[2m2026-05-16T01:11:13.417083Z[0m [32m INFO[0m [2mdashboard_server[0m[2m:[0m Executing on peer L3:lr-27182:long_run:P2: INSERT INTO users (id, email, name) VALUES (?, ?, ?)
[2m2026-05-16T01:11:13.508471Z[0m [32m INFO[0m [2mdashboard_server[0m[2m:[0m Executing on peer L3:lr-27182:long_run:P1: INSERT INTO users (id, email, name) VALUES (?, ?, ?)
[2m2026-05-16T01:11:13.599617Z[0m [32m INFO[0m [2mdashboard_server[0m[2m:[0m Executing on peer L3:lr-27182:long_run:P3: DELETE FROM users WHERE id = ?
[2m2026-05-16T01:11:13.690575Z[0m [32m INFO[0m [2mdashboard_server[0m[2m:[0m Sync request: L3:lr-27182:long_run:P3 -> L3:lr-27182:long_run:P0
[2m2026-05-16T01:11:13.813949Z[0m [32m INFO[0m [2mdashboard_server[0m[2m:[0m Executing on peer L3:lr-27182:long_run:P2: UPDATE users SET email = ? WHERE id = ?
[2m2026-05-16T01:11:13.905651Z[0m [32m INFO[0m [2mdashboard_server[0m[2m:[0m Executing on peer L3:lr-27182:long_run:P1: INSERT INTO users (id, email, name) VALUES (?, ?, ?)
[2m2026-05-16T01:11:13.997335Z[0m [32m INFO[0m [2mdashboard_server[0m[2m:[0m Executing on peer L3:lr-27182:long_run:P3: UPDATE users SET email = ? WHERE id = ?
[2m2026-05-16T01:11:14.089382Z[0m [32m INFO[0m [2mdashboard_server[0m[2m:[0m Executing on peer L3:lr-27182:long_run:P0: UPDATE users SET email = ? WHERE id = ?
[2m2026-05-16T01:11:14.181050Z[0m [32m INFO[0m [2mdashboard_server[0m[2m:[0m Executing on peer L3:lr-27182:long_run:P3: UPDATE users SET email = ? WHERE id = ?
[2m2026-05-16T01:11:14.273139Z[0m [32m INFO[0m [2mdashboard_server[0m[2m:[0m Executing on peer L3:lr-27182:long_run:P0: INSERT INTO users (id, email, name) VALUES (?, ?, ?)
[2m2026-05-16T01:11:14.364302Z[0m [32m INFO[0m [2mdashboard_server[0m[2m:[0m Executing on peer L3:lr-27182:long_run:P1: UPDATE users SET email = ? WHERE id = ?
[2m2026-05-16T01:11:14.456303Z[0m [32m INFO[0m [2mdashboard_server[0m[2m:[0m Executing on peer L3:lr-27182:long_run:P0: INSERT INTO users (id, email, name) VALUES (?, ?, ?)
[2m2026-05-16T01:11:14.547447Z[0m [32m INFO[0m [2mdashboard_server[0m[2m:[0m Executing on peer L3:lr-27182:long_run:P2: UPDATE users SET email = ? WHERE id = ?
[2m2026-05-16T01:11:14.639394Z[0m [32m INFO[0m [2mdashboard_server[0m[2m:[0m Sync request: L3:lr-27182:long_run:P2 -> L3:lr-27182:long_run:P1
[2m2026-05-16T01:11:14.762063Z[0m [32m INFO[0m [2mdashboard_server[0m[2m:[0m Executing on peer L3:lr-27182:long_run:P3: INSERT INTO users (id, email, name) VALUES (?, ?, ?)
[2m2026-05-16T01:11:15.023427Z[0m [32m INFO[0m [2mdashboard_server[0m[2m:[0m Executing on peer L3:lr-27182:long_run:P1: DELETE FROM users WHERE id = ?
[2m2026-05-16T01:11:15.115597Z[0m [32m INFO[0m [2mdashboard_server[0m[2m:[0m Executing on peer L3:lr-27182:long_run:P3: INSERT INTO users (id, email, name) VALUES (?, ?, ?)
[2m2026-05-16T01:11:15.207144Z[0m [32m INFO[0m [2mdashboard_server[0m[2m:[0m Executing on peer L3:lr-27182:long_run:P3: INSERT INTO users (id, email, name) VALUES (?, ?, ?)
[2m2026-05-16T01:11:15.297383Z[0m [32m INFO[0m [2mdashboard_server[0m[2m:[0m Executing on peer L3:lr-27182:long_run:P3: INSERT INTO users (id, email, name) VALUES (?, ?, ?)
[2m2026-05-16T01:11:15.388618Z[0m [32m INFO[0m [2mdashboard_server[0m[2m:[0m Executing on peer L3:lr-27182:long_run:P3: INSERT INTO users (id, email, name) VALUES (?, ?, ?)
[2m2026-05-16T01:11:15.479643Z[0m [32m INFO[0m [2mdashboard_server[0m[2m:[0m Executing on peer L3:lr-27182:long_run:P2: INSERT INTO users (id, email, name) VALUES (?, ?, ?)
[2m2026-05-16T01:11:15.571473Z[0m [32m INFO[0m [2mdashboard_server[0m[2m:[0m Executing on peer L3:lr-27182:long_run:P1: INSERT INTO users (id, email, name) VALUES (?, ?, ?)
[2m2026-05-16T01:11:15.662896Z[0m [32m INFO[0m [2mdashboard_server[0m[2m:[0m Executing on peer L3:lr-27182:long_run:P0: INSERT INTO users (id, email, name) VALUES (?, ?, ?)
[2m2026-05-16T01:11:15.753987Z[0m [32m INFO[0m [2mdashboard_server[0m[2m:[0m Executing on peer L3:lr-27182:long_run:P3: INSERT INTO users (id, email, name) VALUES (?, ?, ?)
[2m2026-05-16T01:11:15.844584Z[0m [32m INFO[0m [2mdashboard_server[0m[2m:[0m Executing on peer L3:lr-27182:long_run:P0: INSERT INTO users (id, email, name) VALUES (?, ?, ?)
[2m2026-05-16T01:11:15.935885Z[0m [32m INFO[0m [2mdashboard_server[0m[2m:[0m Executing on peer L3:lr-27182:long_run:P3: INSERT INTO users (id, email, name) VALUES (?, ?, ?)
[2m2026-05-16T01:11:16.027305Z[0m [32m INFO[0m [2mdashboard_server[0m[2m:[0m Executing on peer L3:lr-27182:long_run:P3: UPDATE users SET name = ? WHERE id = ?
[2m2026-05-16T01:11:16.119990Z[0m [32m INFO[0m [2mdashboard_server[0m[2m:[0m Executing on peer L3:lr-27182:long_run:P3: INSERT INTO users (id, email, name) VALUES (?, ?, ?)
[2m2026-05-16T01:11:16.214347Z[0m [32m INFO[0m [2mdashboard_server[0m[2m:[0m Executing on peer L3:lr-27182:long_run:P0: UPDATE users SET name = ? WHERE id = ?
[2m2026-05-16T01:11:16.306514Z[0m [32m INFO[0m [2mdashboard_server[0m[2m:[0m Sync request: L3:lr-27182:long_run:P1 -> L3:lr-27182:long_run:P2
[2m2026-05-16T01:11:16.427577Z[0m [32m INFO[0m [2mdashboard_server[0m[2m:[0m Sync request: L3:lr-27182:long_run:P0 -> L3:lr-27182:long_run:P3
[2m2026-05-16T01:11:16.550795Z[0m [32m INFO[0m [2mdashboard_server[0m[2m:[0m Executing on peer L3:lr-27182:long_run:P0: UPDATE users SET name = ? WHERE id = ?
[2m2026-05-16T01:11:16.642994Z[0m [32m INFO[0m [2mdashboard_server[0m[2m:[0m Executing on peer L3:lr-27182:long_run:P1: INSERT INTO users (id, email, name) VALUES (?, ?, ?)
[2m2026-05-16T01:11:16.735113Z[0m [32m INFO[0m [2mdashboard_server[0m[2m:[0m Executing on peer L3:lr-27182:long_run:P0: INSERT INTO users (id, email, name) VALUES (?, ?, ?)
[2m2026-05-16T01:11:16.826676Z[0m [32m INFO[0m [2mdashboard_server[0m[2m:[0m Executing on peer L3:lr-27182:long_run:P1: INSERT INTO users (id, email, name) VALUES (?, ?, ?)
[2m2026-05-16T01:11:17.088950Z[0m [32m INFO[0m [2mdashboard_server[0m[2m:[0m Executing on peer L3:lr-27182:long_run:P1: INSERT INTO users (id, email, name) VALUES (?, ?, ?)
[2m2026-05-16T01:11:17.180917Z[0m [32m INFO[0m [2mdashboard_server[0m[2m:[0m Executing on peer L3:lr-27182:long_run:P1: INSERT INTO users (id, email, name) VALUES (?, ?, ?)
[2m2026-05-16T01:11:17.272578Z[0m [32m INFO[0m [2mdashboard_server[0m[2m:[0m Executing on peer L3:lr-27182:long_run:P2: DELETE FROM users WHERE id = ?
[2m2026-05-16T01:11:17.364820Z[0m [32m INFO[0m [2mdashboard_server[0m[2m:[0m Executing on peer L3:lr-27182:long_run:P3: INSERT INTO users (id, email, name) VALUES (?, ?, ?)
[2m2026-05-16T01:11:17.456345Z[0m [32m INFO[0m [2mdashboard_server[0m[2m:[0m Executing on peer L3:lr-27182:long_run:P0: INSERT INTO users (id, email, name) VALUES (?, ?, ?)
[2m2026-05-16T01:11:17.548544Z[0m [32m INFO[0m [2mdashboard_server[0m[2m:[0m Executing on peer L3:lr-27182:long_run:P2: INSERT INTO users (id, email, name) VALUES (?, ?, ?)
[2m2026-05-16T01:11:17.640968Z[0m [32m INFO[0m [2mdashboard_server[0m[2m:[0m Sync request: L3:lr-27182:long_run:P1 -> L3:lr-27182:long_run:P2
[2m2026-05-16T01:11:17.764175Z[0m [32m INFO[0m [2mdashboard_server[0m[2m:[0m Executing on peer L3:lr-27182:long_run:P1: UPDATE users SET email = ? WHERE id = ?
[2m2026-05-16T01:11:17.856372Z[0m [32m INFO[0m [2mdashboard_server[0m[2m:[0m Executing on peer L3:lr-27182:long_run:P2: UPDATE users SET name = ? WHERE id = ?
[2m2026-05-16T01:11:17.948620Z[0m [32m INFO[0m [2mdashboard_server[0m[2m:[0m Sync request: L3:lr-27182:long_run:P1 -> L3:lr-27182:long_run:P2
[2m2026-05-16T01:11:18.072228Z[0m [32m INFO[0m [2mdashboard_server[0m[2m:[0m Executing on peer L3:lr-27182:long_run:P3: DELETE FROM users WHERE id = ?
[2m2026-05-16T01:11:18.164610Z[0m [32m INFO[0m [2mdashboard_server[0m[2m:[0m Executing on peer L3:lr-27182:long_run:P2: INSERT INTO users (id, email, name) VALUES (?, ?, ?)
[2m2026-05-16T01:11:18.256813Z[0m [32m INFO[0m [2mdashboard_server[0m[2m:[0m Sync request: L3:lr-27182:long_run:P2 -> L3:lr-27182:long_run:P0
[2m2026-05-16T01:11:18.383859Z[0m [32m INFO[0m [2mdashboard_server[0m[2m:[0m Executing on peer L3:lr-27182:long_run:P0: INSERT INTO users (id, email, name) VALUES (?, ?, ?)
[2m2026-05-16T01:11:18.476805Z[0m [32m INFO[0m [2mdashboard_server[0m[2m:[0m Executing on peer L3:lr-27182:long_run:P2: INSERT INTO users (id, email, name) VALUES (?, ?, ?)
[2m2026-05-16T01:11:18.569777Z[0m [32m INFO[0m [2mdashboard_server[0m[2m:[0m Sync request: L3:lr-27182:long_run:P1 -> L3:lr-27182:long_run:P2
[2m2026-05-16T01:11:18.696299Z[0m [32m INFO[0m [2mdashboard_server[0m[2m:[0m Sync request: L3:lr-27182:long_run:P2 -> L3:lr-27182:long_run:P3
[2m2026-05-16T01:11:18.822564Z[0m [32m INFO[0m [2mdashboard_server[0m[2m:[0m Executing on peer L3:lr-27182:long_run:P0: INSERT INTO users (id, email, name) VALUES (?, ?, ?)
[2m2026-05-16T01:11:19.088026Z[0m [32m INFO[0m [2mdashboard_server[0m[2m:[0m Executing on peer L3:lr-27182:long_run:P1: INSERT INTO users (id, email, name) VALUES (?, ?, ?)
[2m2026-05-16T01:11:19.180615Z[0m [32m INFO[0m [2mdashboard_server[0m[2m:[0m Executing on peer L3:lr-27182:long_run:P0: INSERT INTO users (id, email, name) VALUES (?, ?, ?)
[2m2026-05-16T01:11:19.273378Z[0m [32m INFO[0m [2mdashboard_server[0m[2m:[0m Executing on peer L3:lr-27182:long_run:P0: INSERT INTO users (id, email, name) VALUES (?, ?, ?)
[2m2026-05-16T01:11:19.365959Z[0m [32m INFO[0m [2mdashboard_server[0m[2m:[0m Executing on peer L3:lr-27182:long_run:P1: INSERT INTO users (id, email, name) VALUES (?, ?, ?)
[2m2026-05-16T01:11:19.458889Z[0m [32m INFO[0m [2mdashboard_server[0m[2m:[0m Executing on peer L3:lr-27182:long_run:P2: UPDATE users SET email = ? WHERE id = ?
[2m2026-05-16T01:11:19.553117Z[0m [32m INFO[0m [2mdashboard_server[0m[2m:[0m Executing on peer L3:lr-27182:long_run:P3: UPDATE users SET name = ? WHERE id = ?
[2m2026-05-16T01:11:19.646622Z[0m [32m INFO[0m [2mdashboard_server[0m[2m:[0m Executing on peer L3:lr-27182:long_run:P0: UPDATE users SET name = ? WHERE id = ?
[2m2026-05-16T01:11:19.740229Z[0m [32m INFO[0m [2mdashboard_server[0m[2m:[0m Executing on peer L3:lr-27182:long_run:P0: INSERT INTO users (id, email, name) VALUES (?, ?, ?)
[2m2026-05-16T01:11:19.833875Z[0m [32m INFO[0m [2mdashboard_server[0m[2m:[0m Executing on peer L3:lr-27182:long_run:P3: UPDATE users SET name = ? WHERE id = ?
[2m2026-05-16T01:11:19.927380Z[0m [32m INFO[0m [2mdashboard_server[0m[2m:[0m Executing on peer L3:lr-27182:long_run:P1: INSERT INTO users (id, email, name) VALUES (?, ?, ?)
[2m2026-05-16T01:11:20.020534Z[0m [32m INFO[0m [2mdashboard_server[0m[2m:[0m Executing on peer L3:lr-27182:long_run:P3: UPDATE users SET email = ? WHERE id = ?
[2m2026-05-16T01:11:20.114147Z[0m [32m INFO[0m [2mdashboard_server[0m[2m:[0m Executing on peer L3:lr-27182:long_run:P3: UPDATE users SET name = ? WHERE id = ?
[2m2026-05-16T01:11:20.207495Z[0m [32m INFO[0m [2mdashboard_server[0m[2m:[0m Executing on peer L3:lr-27182:long_run:P0: INSERT INTO users (id, email, name) VALUES (?, ?, ?)
[2m2026-05-16T01:11:20.301026Z[0m [32m INFO[0m [2mdashboard_server[0m[2m:[0m Sync request: L3:lr-27182:long_run:P0 -> L3:lr-27182:long_run:P2
[2m2026-05-16T01:11:20.426556Z[0m [32m INFO[0m [2mdashboard_server[0m[2m:[0m Sync request: L3:lr-27182:long_run:P0 -> L3:lr-27182:long_run:P3
[2m2026-05-16T01:11:20.551867Z[0m [32m INFO[0m [2mdashboard_server[0m[2m:[0m Executing on peer L3:lr-27182:long_run:P2: INSERT INTO users (id, email, name) VALUES (?, ?, ?)
[2m2026-05-16T01:11:20.645198Z[0m [32m INFO[0m [2mdashboard_server[0m[2m:[0m Executing on peer L3:lr-27182:long_run:P1: INSERT INTO users (id, email, name) VALUES (?, ?, ?)
[2m2026-05-16T01:11:20.738022Z[0m [32m INFO[0m [2mdashboard_server[0m[2m:[0m Executing on peer L3:lr-27182:long_run:P3: INSERT INTO users (id, email, name) VALUES (?, ?, ?)
[2m2026-05-16T01:11:20.830750Z[0m [32m INFO[0m [2mdashboard_server[0m[2m:[0m Executing on peer L3:lr-27182:long_run:P2: INSERT INTO users (id, email, name) VALUES (?, ?, ?)
[2m2026-05-16T01:11:21.097186Z[0m [32m INFO[0m [2mdashboard_server[0m[2m:[0m Executing on peer L3:lr-27182:long_run:P2: INSERT INTO users (id, email, name) VALUES (?, ?, ?)
[2m2026-05-16T01:11:21.191967Z[0m [32m INFO[0m [2mdashboard_server[0m[2m:[0m Executing on peer L3:lr-27182:long_run:P3: INSERT INTO users (id, email, name) VALUES (?, ?, ?)
[2m2026-05-16T01:11:21.285295Z[0m [32m INFO[0m [2mdashboard_server[0m[2m:[0m Executing on peer L3:lr-27182:long_run:P2: UPDATE users SET name = ? WHERE id = ?
[2m2026-05-16T01:11:21.378887Z[0m [32m INFO[0m [2mdashboard_server[0m[2m:[0m Executing on peer L3:lr-27182:long_run:P2: UPDATE users SET name = ? WHERE id = ?
[2m2026-05-16T01:11:21.472326Z[0m [32m INFO[0m [2mdashboard_server[0m[2m:[0m Executing on peer L3:lr-27182:long_run:P1: UPDATE users SET name = ? WHERE id = ?
[2m2026-05-16T01:11:21.566387Z[0m [32m INFO[0m [2mdashboard_server[0m[2m:[0m Executing on peer L3:lr-27182:long_run:P0: INSERT INTO users (id, email, name) VALUES (?, ?, ?)
[2m2026-05-16T01:11:21.660080Z[0m [32m INFO[0m [2mdashboard_server[0m[2m:[0m Executing on peer L3:lr-27182:long_run:P3: INSERT INTO users (id, email, name) VALUES (?, ?, ?)
[2m2026-05-16T01:11:21.752912Z[0m [32m INFO[0m [2mdashboard_server[0m[2m:[0m Executing on peer L3:lr-27182:long_run:P3: UPDATE users SET name = ? WHERE id = ?
[2m2026-05-16T01:11:21.846371Z[0m [32m INFO[0m [2mdashboard_server[0m[2m:[0m Executing on peer L3:lr-27182:long_run:P1: INSERT INTO users (id, email, name) VALUES (?, ?, ?)
[2m2026-05-16T01:11:21.939554Z[0m [32m INFO[0m [2mdashboard_server[0m[2m:[0m Executing on peer L3:lr-27182:long_run:P2: INSERT INTO users (id, email, name) VALUES (?, ?, ?)
[2m2026-05-16T01:11:22.033002Z[0m [32m INFO[0m [2mdashboard_server[0m[2m:[0m Executing on peer L3:lr-27182:long_run:P2: INSERT INTO users (id, email, name) VALUES (?, ?, ?)
[2m2026-05-16T01:11:22.126364Z[0m [32m INFO[0m [2mdashboard_server[0m[2m:[0m Executing on peer L3:lr-27182:long_run:P0: INSERT INTO users (id, email, name) VALUES (?, ?, ?)
[2m2026-05-16T01:11:22.219806Z[0m [32m INFO[0m [2mdashboard_server[0m[2m:[0m Executing on peer L3:lr-27182:long_run:P1: UPDATE users SET name = ? WHERE id = ?
[2m2026-05-16T01:11:22.313829Z[0m [32m INFO[0m [2mdashboard_server[0m[2m:[0m Executing on peer L3:lr-27182:long_run:P2: INSERT INTO users (id, email, name) VALUES (?, ?, ?)
[2m2026-05-16T01:11:22.407654Z[0m [32m INFO[0m [2mdashboard_server[0m[2m:[0m Executing on peer L3:lr-27182:long_run:P0: INSERT INTO users (id, email, name) VALUES (?, ?, ?)
[2m2026-05-16T01:11:22.501522Z[0m [32m INFO[0m [2mdashboard_server[0m[2m:[0m Executing on peer L3:lr-27182:long_run:P1: UPDATE users SET email = ? WHERE id = ?
[2m2026-05-16T01:11:22.595488Z[0m [32m INFO[0m [2mdashboard_server[0m[2m:[0m Executing on peer L3:lr-27182:long_run:P1: INSERT INTO users (id, email, name) VALUES (?, ?, ?)
[2m2026-05-16T01:11:22.689270Z[0m [32m INFO[0m [2mdashboard_server[0m[2m:[0m Executing on peer L3:lr-27182:long_run:P0: INSERT INTO users (id, email, name) VALUES (?, ?, ?)
[2m2026-05-16T01:11:22.784662Z[0m [32m INFO[0m [2mdashboard_server[0m[2m:[0m Executing on peer L3:lr-27182:long_run:P3: UPDATE users SET name = ? WHERE id = ?
[2m2026-05-16T01:11:23.095487Z[0m [32m INFO[0m [2mdashboard_server[0m[2m:[0m Executing on peer L3:lr-27182:long_run:P2: UPDATE users SET email = ? WHERE id = ?
[2m2026-05-16T01:11:23.190458Z[0m [32m INFO[0m [2mdashboard_server[0m[2m:[0m Executing on peer L3:lr-27182:long_run:P0: INSERT INTO users (id, email, name) VALUES (?, ?, ?)
[2m2026-05-16T01:11:23.283767Z[0m [32m INFO[0m [2mdashboard_server[0m[2m:[0m Executing on peer L3:lr-27182:long_run:P0: UPDATE users SET name = ? WHERE id = ?
[2m2026-05-16T01:11:23.377467Z[0m [32m INFO[0m [2mdashboard_server[0m[2m:[0m Sync request: L3:lr-27182:long_run:P0 -> L3:lr-27182:long_run:P2
[2m2026-05-16T01:11:23.504974Z[0m [32m INFO[0m [2mdashboard_server[0m[2m:[0m Executing on peer L3:lr-27182:long_run:P3: INSERT INTO users (id, email, name) VALUES (?, ?, ?)
[2m2026-05-16T01:11:23.598207Z[0m [32m INFO[0m [2mdashboard_server[0m[2m:[0m Sync request: L3:lr-27182:long_run:P2 -> L3:lr-27182:long_run:P1
[2m2026-05-16T01:11:23.727781Z[0m [32m INFO[0m [2mdashboard_server[0m[2m:[0m Executing on peer L3:lr-27182:long_run:P3: INSERT INTO users (id, email, name) VALUES (?, ?, ?)
[2m2026-05-16T01:11:23.821237Z[0m [32m INFO[0m [2mdashboard_server[0m[2m:[0m Executing on peer L3:lr-27182:long_run:P1: INSERT INTO users (id, email, name) VALUES (?, ?, ?)
[2m2026-05-16T01:11:23.915308Z[0m [32m INFO[0m [2mdashboard_server[0m[2m:[0m Sync request: L3:lr-27182:long_run:P0 -> L3:lr-27182:long_run:P2
[2m2026-05-16T01:11:24.043104Z[0m [32m INFO[0m [2mdashboard_server[0m[2m:[0m Executing on peer L3:lr-27182:long_run:P1: UPDATE users SET email = ? WHERE id = ?
[2m2026-05-16T01:11:24.138526Z[0m [32m INFO[0m [2mdashboard_server[0m[2m:[0m Executing on peer L3:lr-27182:long_run:P2: INSERT INTO users (id, email, name) VALUES (?, ?, ?)
[2m2026-05-16T01:11:24.232810Z[0m [32m INFO[0m [2mdashboard_server[0m[2m:[0m Executing on peer L3:lr-27182:long_run:P3: INSERT INTO users (id, email, name) VALUES (?, ?, ?)
[2m2026-05-16T01:11:24.326447Z[0m [32m INFO[0m [2mdashboard_server[0m[2m:[0m Executing on peer L3:lr-27182:long_run:P3: UPDATE users SET email = ? WHERE id = ?
[2m2026-05-16T01:11:24.451450Z[0m [32m INFO[0m [2mdashboard_server[0m[2m:[0m Executing on peer L3:lr-27182:long_run:P3: INSERT INTO users (id, email, name) VALUES (?, ?, ?)
[2m2026-05-16T01:11:24.675140Z[0m [32m INFO[0m [2mdashboard_server[0m[2m:[0m Executing on peer L3:lr-27182:long_run:P3: INSERT INTO users (id, email, name) VALUES (?, ?, ?)
[2m2026-05-16T01:11:24.770844Z[0m [32m INFO[0m [2mdashboard_server[0m[2m:[0m Sync request: L3:lr-27182:long_run:P0 -> L3:lr-27182:long_run:P3
[2m2026-05-16T01:11:25.078770Z[0m [32m INFO[0m [2mdashboard_server[0m[2m:[0m Executing on peer L3:lr-27182:long_run:P2: INSERT INTO users (id, email, name) VALUES (?, ?, ?)
[2m2026-05-16T01:11:25.174014Z[0m [32m INFO[0m [2mdashboard_server[0m[2m:[0m Executing on peer L3:lr-27182:long_run:P3: UPDATE users SET email = ? WHERE id = ?
[2m2026-05-16T01:11:25.268873Z[0m [32m INFO[0m [2mdashboard_server[0m[2m:[0m Executing on peer L3:lr-27182:long_run:P1: INSERT INTO users (id, email, name) VALUES (?, ?, ?)
[2m2026-05-16T01:11:25.363296Z[0m [32m INFO[0m [2mdashboard_server[0m[2m:[0m Executing on peer L3:lr-27182:long_run:P1: INSERT INTO users (id, email, name) VALUES (?, ?, ?)
[2m2026-05-16T01:11:25.457750Z[0m [32m INFO[0m [2mdashboard_server[0m[2m:[0m Sync request: L3:lr-27182:long_run:P0 -> L3:lr-27182:long_run:P2
[2m2026-05-16T01:11:25.586454Z[0m [32m INFO[0m [2mdashboard_server[0m[2m:[0m Sync request: L3:lr-27182:long_run:P1 -> L3:lr-27182:long_run:P3
[2m2026-05-16T01:11:25.716968Z[0m [32m INFO[0m [2mdashboard_server[0m[2m:[0m Sync request: L3:lr-27182:long_run:P2 -> L3:lr-27182:long_run:P0
[2m2026-05-16T01:11:25.844897Z[0m [32m INFO[0m [2mdashboard_server[0m[2m:[0m Sync request: L3:lr-27182:long_run:P3 -> L3:lr-27182:long_run:P2
[2m2026-05-16T01:11:25.972804Z[0m [32m INFO[0m [2mdashboard_server[0m[2m:[0m Executing on peer L3:lr-27182:long_run:P2: INSERT INTO users (id, email, name) VALUES (?, ?, ?)
[2m2026-05-16T01:11:26.068112Z[0m [32m INFO[0m [2mdashboard_server[0m[2m:[0m Executing on peer L3:lr-27182:long_run:P2: INSERT INTO users (id, email, name) VALUES (?, ?, ?)
[2m2026-05-16T01:11:26.164310Z[0m [32m INFO[0m [2mdashboard_server[0m[2m:[0m Executing on peer L3:lr-27182:long_run:P1: UPDATE users SET email = ? WHERE id = ?
[2m2026-05-16T01:11:26.260168Z[0m [32m INFO[0m [2mdashboard_server[0m[2m:[0m Executing on peer L3:lr-27182:long_run:P2: INSERT INTO users (id, email, name) VALUES (?, ?, ?)
[2m2026-05-16T01:11:26.354877Z[0m [32m INFO[0m [2mdashboard_server[0m[2m:[0m Executing on peer L3:lr-27182:long_run:P0: INSERT INTO users (id, email, name) VALUES (?, ?, ?)
[2m2026-05-16T01:11:26.449224Z[0m [32m INFO[0m [2mdashboard_server[0m[2m:[0m Sync request: L3:lr-27182:long_run:P2 -> L3:lr-27182:long_run:P0
[2m2026-05-16T01:11:26.579021Z[0m [32m INFO[0m [2mdashboard_server[0m[2m:[0m Sync request: L3:lr-27182:long_run:P3 -> L3:lr-27182:long_run:P1
[2m2026-05-16T01:11:26.707966Z[0m [32m INFO[0m [2mdashboard_server[0m[2m:[0m Sync request: L3:lr-27182:long_run:P2 -> L3:lr-27182:long_run:P3
[2m2026-05-16T01:11:26.837375Z[0m [32m INFO[0m [2mdashboard_server[0m[2m:[0m Executing on peer L3:lr-27182:long_run:P1: DELETE FROM users WHERE id = ?
[2m2026-05-16T01:11:27.014571Z[0m [32m INFO[0m [2mdashboard_server[0m[2m:[0m Executing on peer L3:lr-27182:long_run:P2: UPDATE users SET name = ? WHERE id = ?
[2m2026-05-16T01:11:27.120736Z[0m [32m INFO[0m [2mdashboard_server[0m[2m:[0m Executing on peer L3:lr-27182:long_run:P0: INSERT INTO users (id, email, name) VALUES (?, ?, ?)
[2m2026-05-16T01:11:27.224414Z[0m [32m INFO[0m [2mdashboard_server[0m[2m:[0m Executing on peer L3:lr-27182:long_run:P1: INSERT INTO users (id, email, name) VALUES (?, ?, ?)
[2m2026-05-16T01:11:27.327311Z[0m [32m INFO[0m [2mdashboard_server[0m[2m:[0m Executing on peer L3:lr-27182:long_run:P3: INSERT INTO users (id, email, name) VALUES (?, ?, ?)
[2m2026-05-16T01:11:27.432091Z[0m [32m INFO[0m [2mdashboard_server[0m[2m:[0m Executing on peer L3:lr-27182:long_run:P3: DELETE FROM users WHERE id = ?
[2m2026-05-16T01:11:27.542411Z[0m [32m INFO[0m [2mdashboard_server[0m[2m:[0m Executing on peer L3:lr-27182:long_run:P3: INSERT INTO users (id, email, name) VALUES (?, ?, ?)
[2m2026-05-16T01:11:27.637981Z[0m [32m INFO[0m [2mdashboard_server[0m[2m:[0m Sync request: L3:lr-27182:long_run:P2 -> L3:lr-27182:long_run:P3
[2m2026-05-16T01:11:27.773715Z[0m [32m INFO[0m [2mdashboard_server[0m[2m:[0m Sync request: L3:lr-27182:long_run:P1 -> L3:lr-27182:long_run:P0
[2m2026-05-16T01:11:27.909496Z[0m [32m INFO[0m [2mdashboard_server[0m[2m:[0m Executing on peer L3:lr-27182:long_run:P0: DELETE FROM users WHERE id = ?
[2m2026-05-16T01:11:28.005617Z[0m [32m INFO[0m [2mdashboard_server[0m[2m:[0m Executing on peer L3:lr-27182:long_run:P2: INSERT INTO users (id, email, name) VALUES (?, ?, ?)
[2m2026-05-16T01:11:28.101356Z[0m [32m INFO[0m [2mdashboard_server[0m[2m:[0m Sync request: L3:lr-27182:long_run:P0 -> L3:lr-27182:long_run:P3
[2m2026-05-16T01:11:28.230557Z[0m [32m INFO[0m [2mdashboard_server[0m[2m:[0m Executing on peer L3:lr-27182:long_run:P1: INSERT INTO users (id, email, name) VALUES (?, ?, ?)
[2m2026-05-16T01:11:28.325853Z[0m [32m INFO[0m [2mdashboard_server[0m[2m:[0m Executing on peer L3:lr-27182:long_run:P0: INSERT INTO users (id, email, name) VALUES (?, ?, ?)
[2m2026-05-16T01:11:28.421237Z[0m [32m INFO[0m [2mdashboard_server[0m[2m:[0m Sync request: L3:lr-27182:long_run:P0 -> L3:lr-27182:long_run:P1
[2m2026-05-16T01:11:28.551554Z[0m [32m INFO[0m [2mdashboard_server[0m[2m:[0m Executing on peer L3:lr-27182:long_run:P3: DELETE FROM users WHERE id = ?
[2m2026-05-16T01:11:28.647440Z[0m [32m INFO[0m [2mdashboard_server[0m[2m:[0m Executing on peer L3:lr-27182:long_run:P2: UPDATE users SET name = ? WHERE id = ?
[2m2026-05-16T01:11:28.743346Z[0m [32m INFO[0m [2mdashboard_server[0m[2m:[0m Executing on peer L3:lr-27182:long_run:P3: INSERT INTO users (id, email, name) VALUES (?, ?, ?)
[2m2026-05-16T01:11:29.017447Z[0m [32m INFO[0m [2mdashboard_server[0m[2m:[0m Executing on peer L3:lr-27182:long_run:P0: UPDATE users SET email = ? WHERE id = ?
[2m2026-05-16T01:11:29.113327Z[0m [32m INFO[0m [2mdashboard_server[0m[2m:[0m Executing on peer L3:lr-27182:long_run:P1: INSERT INTO users (id, email, name) VALUES (?, ?, ?)
[2m2026-05-16T01:11:29.209653Z[0m [32m INFO[0m [2mdashboard_server[0m[2m:[0m Executing on peer L3:lr-27182:long_run:P0: UPDATE users SET email = ? WHERE id = ?
[2m2026-05-16T01:11:29.305888Z[0m [32m INFO[0m [2mdashboard_server[0m[2m:[0m Sync request: L3:lr-27182:long_run:P3 -> L3:lr-27182:long_run:P2
[2m2026-05-16T01:11:29.436496Z[0m [32m INFO[0m [2mdashboard_server[0m[2m:[0m Executing on peer L3:lr-27182:long_run:P1: INSERT INTO users (id, email, name) VALUES (?, ?, ?)
[2m2026-05-16T01:11:29.531512Z[0m [32m INFO[0m [2mdashboard_server[0m[2m:[0m Executing on peer L3:lr-27182:long_run:P0: UPDATE users SET email = ? WHERE id = ?
[2m2026-05-16T01:11:29.627223Z[0m [32m INFO[0m [2mdashboard_server[0m[2m:[0m Executing on peer L3:lr-27182:long_run:P0: INSERT INTO users (id, email, name) VALUES (?, ?, ?)
[2m2026-05-16T01:11:29.722786Z[0m [32m INFO[0m [2mdashboard_server[0m[2m:[0m Executing on peer L3:lr-27182:long_run:P3: INSERT INTO users (id, email, name) VALUES (?, ?, ?)
[2m2026-05-16T01:11:29.818473Z[0m [32m INFO[0m [2mdashboard_server[0m[2m:[0m Executing on peer L3:lr-27182:long_run:P2: INSERT INTO users (id, email, name) VALUES (?, ?, ?)
[2m2026-05-16T01:11:29.914033Z[0m [32m INFO[0m [2mdashboard_server[0m[2m:[0m Sync request: L3:lr-27182:long_run:P2 -> L3:lr-27182:long_run:P0
[2m2026-05-16T01:11:30.044865Z[0m [32m INFO[0m [2mdashboard_server[0m[2m:[0m Executing on peer L3:lr-27182:long_run:P1: INSERT INTO users (id, email, name) VALUES (?, ?, ?)
[2m2026-05-16T01:11:30.141555Z[0m [32m INFO[0m [2mdashboard_server[0m[2m:[0m Executing on peer L3:lr-27182:long_run:P1: UPDATE users SET email = ? WHERE id = ?
[2m2026-05-16T01:11:30.238032Z[0m [32m INFO[0m [2mdashboard_server[0m[2m:[0m Executing on peer L3:lr-27182:long_run:P0: INSERT INTO users (id, email, name) VALUES (?, ?, ?)
[2m2026-05-16T01:11:30.333387Z[0m [32m INFO[0m [2mdashboard_server[0m[2m:[0m Executing on peer L3:lr-27182:long_run:P3: INSERT INTO users (id, email, name) VALUES (?, ?, ?)
[2m2026-05-16T01:11:30.428678Z[0m [32m INFO[0m [2mdashboard_server[0m[2m:[0m Executing on peer L3:lr-27182:long_run:P0: INSERT INTO users (id, email, name) VALUES (?, ?, ?)
[2m2026-05-16T01:11:30.524717Z[0m [32m INFO[0m [2mdashboard_server[0m[2m:[0m Executing on peer L3:lr-27182:long_run:P2: INSERT INTO users (id, email, name) VALUES (?, ?, ?)
[2m2026-05-16T01:11:30.621140Z[0m [32m INFO[0m [2mdashboard_server[0m[2m:[0m Executing on peer L3:lr-27182:long_run:P2: INSERT INTO users (id, email, name) VALUES (?, ?, ?)
[2m2026-05-16T01:11:30.717338Z[0m [32m INFO[0m [2mdashboard_server[0m[2m:[0m Sync request: L3:lr-27182:long_run:P0 -> L3:lr-27182:long_run:P3
[2m2026-05-16T01:11:31.026609Z[0m [32m INFO[0m [2mdashboard_server[0m[2m:[0m Executing on peer L3:lr-27182:long_run:P2: UPDATE users SET name = ? WHERE id = ?
[2m2026-05-16T01:11:31.122218Z[0m [32m INFO[0m [2mdashboard_server[0m[2m:[0m Executing on peer L3:lr-27182:long_run:P2: INSERT INTO users (id, email, name) VALUES (?, ?, ?)
[2m2026-05-16T01:11:31.219871Z[0m [32m INFO[0m [2mdashboard_server[0m[2m:[0m Sync request: L3:lr-27182:long_run:P2 -> L3:lr-27182:long_run:P1
[2m2026-05-16T01:11:31.352302Z[0m [32m INFO[0m [2mdashboard_server[0m[2m:[0m Sync request: L3:lr-27182:long_run:P3 -> L3:lr-27182:long_run:P2
[2m2026-05-16T01:11:31.484133Z[0m [32m INFO[0m [2mdashboard_server[0m[2m:[0m Executing on peer L3:lr-27182:long_run:P2: UPDATE users SET email = ? WHERE id = ?
[2m2026-05-16T01:11:31.580900Z[0m [32m INFO[0m [2mdashboard_server[0m[2m:[0m Sync request: L3:lr-27182:long_run:P2 -> L3:lr-27182:long_run:P3
[2m2026-05-16T01:11:31.712862Z[0m [32m INFO[0m [2mdashboard_server[0m[2m:[0m Executing on peer L3:lr-27182:long_run:P1: UPDATE users SET email = ? WHERE id = ?
[2m2026-05-16T01:11:31.809848Z[0m [32m INFO[0m [2mdashboard_server[0m[2m:[0m Executing on peer L3:lr-27182:long_run:P1: UPDATE users SET name = ? WHERE id = ?
[2m2026-05-16T01:11:31.906484Z[0m [32m INFO[0m [2mdashboard_server[0m[2m:[0m Executing on peer L3:lr-27182:long_run:P0: INSERT INTO users (id, email, name) VALUES (?, ?, ?)
[2m2026-05-16T01:11:32.002882Z[0m [32m INFO[0m [2mdashboard_server[0m[2m:[0m Sync request: L3:lr-27182:long_run:P1 -> L3:lr-27182:long_run:P0
[2m2026-05-16T01:11:32.135858Z[0m [32m INFO[0m [2mdashboard_server[0m[2m:[0m Executing on peer L3:lr-27182:long_run:P1: UPDATE users SET email = ? WHERE id = ?
[2m2026-05-16T01:11:32.232576Z[0m [32m INFO[0m [2mdashboard_server[0m[2m:[0m Executing on peer L3:lr-27182:long_run:P0: INSERT INTO users (id, email, name) VALUES (?, ?, ?)
[2m2026-05-16T01:11:32.328070Z[0m [32m INFO[0m [2mdashboard_server[0m[2m:[0m Sync request: L3:lr-27182:long_run:P3 -> L3:lr-27182:long_run:P1
[2m2026-05-16T01:11:32.577016Z[0m [32m INFO[0m [2mdashboard_server[0m[2m:[0m Executing on peer L3:lr-27182:long_run:P2: INSERT INTO users (id, email, name) VALUES (?, ?, ?)
[2m2026-05-16T01:11:32.674193Z[0m [32m INFO[0m [2mdashboard_server[0m[2m:[0m Executing on peer L3:lr-27182:long_run:P2: INSERT INTO users (id, email, name) VALUES (?, ?, ?)
[2m2026-05-16T01:11:32.770366Z[0m [32m INFO[0m [2mdashboard_server[0m[2m:[0m Sync request: L3:lr-27182:long_run:P3 -> L3:lr-27182:long_run:P2
[2m2026-05-16T01:11:33.082741Z[0m [32m INFO[0m [2mdashboard_server[0m[2m:[0m Executing on peer L3:lr-27182:long_run:P2: INSERT INTO users (id, email, name) VALUES (?, ?, ?)
[2m2026-05-16T01:11:33.179157Z[0m [32m INFO[0m [2mdashboard_server[0m[2m:[0m Executing on peer L3:lr-27182:long_run:P3: INSERT INTO users (id, email, name) VALUES (?, ?, ?)
[2m2026-05-16T01:11:33.275527Z[0m [32m INFO[0m [2mdashboard_server[0m[2m:[0m Executing on peer L3:lr-27182:long_run:P0: UPDATE users SET name = ? WHERE id = ?
[2m2026-05-16T01:11:33.372581Z[0m [32m INFO[0m [2mdashboard_server[0m[2m:[0m Executing on peer L3:lr-27182:long_run:P0: INSERT INTO users (id, email, name) VALUES (?, ?, ?)
[2m2026-05-16T01:11:33.468930Z[0m [32m INFO[0m [2mdashboard_server[0m[2m:[0m Sync request: L3:lr-27182:long_run:P2 -> L3:lr-27182:long_run:P3
[2m2026-05-16T01:11:33.601184Z[0m [32m INFO[0m [2mdashboard_server[0m[2m:[0m Executing on peer L3:lr-27182:long_run:P0: INSERT INTO users (id, email, name) VALUES (?, ?, ?)
[2m2026-05-16T01:11:33.698099Z[0m [32m INFO[0m [2mdashboard_server[0m[2m:[0m Executing on peer L3:lr-27182:long_run:P3: INSERT INTO users (id, email, name) VALUES (?, ?, ?)
[2m2026-05-16T01:11:33.794544Z[0m [32m INFO[0m [2mdashboard_server[0m[2m:[0m Sync request: L3:lr-27182:long_run:P0 -> L3:lr-27182:long_run:P2
[2m2026-05-16T01:11:33.926690Z[0m [32m INFO[0m [2mdashboard_server[0m[2m:[0m Executing on peer L3:lr-27182:long_run:P2: INSERT INTO users (id, email, name) VALUES (?, ?, ?)
[2m2026-05-16T01:11:34.023980Z[0m [32m INFO[0m [2mdashboard_server[0m[2m:[0m Executing on peer L3:lr-27182:long_run:P0: INSERT INTO users (id, email, name) VALUES (?, ?, ?)
[2m2026-05-16T01:11:34.120331Z[0m [32m INFO[0m [2mdashboard_server[0m[2m:[0m Executing on peer L3:lr-27182:long_run:P1: INSERT INTO users (id, email, name) VALUES (?, ?, ?)
[2m2026-05-16T01:11:34.217645Z[0m [32m INFO[0m [2mdashboard_server[0m[2m:[0m Executing on peer L3:lr-27182:long_run:P3: INSERT INTO users (id, email, name) VALUES (?, ?, ?)
[2m2026-05-16T01:11:34.314503Z[0m [32m INFO[0m [2mdashboard_server[0m[2m:[0m Executing on peer L3:lr-27182:long_run:P3: UPDATE users SET email = ? WHERE id = ?
[2m2026-05-16T01:11:34.410947Z[0m [32m INFO[0m [2mdashboard_server[0m[2m:[0m Executing on peer L3:lr-27182:long_run:P3: INSERT INTO users (id, email, name) VALUES (?, ?, ?)
[2m2026-05-16T01:11:34.508166Z[0m [32m INFO[0m [2mdashboard_server[0m[2m:[0m Executing on peer L3:lr-27182:long_run:P1: UPDATE users SET email = ? WHERE id = ?
[2m2026-05-16T01:11:34.605489Z[0m [32m INFO[0m [2mdashboard_server[0m[2m:[0m Executing on peer L3:lr-27182:long_run:P3: INSERT INTO users (id, email, name) VALUES (?, ?, ?)
[2m2026-05-16T01:11:34.703299Z[0m [32m INFO[0m [2mdashboard_server[0m[2m:[0m Executing on peer L3:lr-27182:long_run:P1: UPDATE users SET email = ? WHERE id = ?
[2m2026-05-16T01:11:34.800806Z[0m [32m INFO[0m [2mdashboard_server[0m[2m:[0m Executing on peer L3:lr-27182:long_run:P1: INSERT INTO users (id, email, name) VALUES (?, ?, ?)
[2m2026-05-16T01:11:35.076574Z[0m [32m INFO[0m [2mdashboard_server[0m[2m:[0m Executing on peer L3:lr-27182:long_run:P1: INSERT INTO users (id, email, name) VALUES (?, ?, ?)
[2m2026-05-16T01:11:35.173753Z[0m [32m INFO[0m [2mdashboard_server[0m[2m:[0m Sync request: L3:lr-27182:long_run:P0 -> L3:lr-27182:long_run:P2
[2m2026-05-16T01:11:35.306557Z[0m [32m INFO[0m [2mdashboard_server[0m[2m:[0m Executing on peer L3:lr-27182:long_run:P2: DELETE FROM users WHERE id = ?
[2m2026-05-16T01:11:35.404743Z[0m [32m INFO[0m [2mdashboard_server[0m[2m:[0m Executing on peer L3:lr-27182:long_run:P3: UPDATE users SET name = ? WHERE id = ?
[2m2026-05-16T01:11:35.503080Z[0m [32m INFO[0m [2mdashboard_server[0m[2m:[0m Executing on peer L3:lr-27182:long_run:P3: INSERT INTO users (id, email, name) VALUES (?, ?, ?)
[2m2026-05-16T01:11:35.599870Z[0m [32m INFO[0m [2mdashboard_server[0m[2m:[0m Executing on peer L3:lr-27182:long_run:P3: INSERT INTO users (id, email, name) VALUES (?, ?, ?)
[2m2026-05-16T01:11:35.696803Z[0m [32m INFO[0m [2mdashboard_server[0m[2m:[0m Executing on peer L3:lr-27182:long_run:P0: INSERT INTO users (id, email, name) VALUES (?, ?, ?)
[2m2026-05-16T01:11:35.793599Z[0m [32m INFO[0m [2mdashboard_server[0m[2m:[0m Sync request: L3:lr-27182:long_run:P1 -> L3:lr-27182:long_run:P3
[2m2026-05-16T01:11:35.927500Z[0m [32m INFO[0m [2mdashboard_server[0m[2m:[0m Executing on peer L3:lr-27182:long_run:P2: UPDATE users SET email = ? WHERE id = ?
[2m2026-05-16T01:11:36.026091Z[0m [32m INFO[0m [2mdashboard_server[0m[2m:[0m Executing on peer L3:lr-27182:long_run:P0: INSERT INTO users (id, email, name) VALUES (?, ?, ?)
[2m2026-05-16T01:11:36.123134Z[0m [32m INFO[0m [2mdashboard_server[0m[2m:[0m Executing on peer L3:lr-27182:long_run:P0: DELETE FROM users WHERE id = ?
[2m2026-05-16T01:11:36.221686Z[0m [32m INFO[0m [2mdashboard_server[0m[2m:[0m Executing on peer L3:lr-27182:long_run:P1: DELETE FROM users WHERE id = ?
[2m2026-05-16T01:11:36.318931Z[0m [32m INFO[0m [2mdashboard_server[0m[2m:[0m Executing on peer L3:lr-27182:long_run:P3: UPDATE users SET name = ? WHERE id = ?
[2m2026-05-16T01:11:36.416837Z[0m [32m INFO[0m [2mdashboard_server[0m[2m:[0m Executing on peer L3:lr-27182:long_run:P2: INSERT INTO users (id, email, name) VALUES (?, ?, ?)
[2m2026-05-16T01:11:36.514112Z[0m [32m INFO[0m [2mdashboard_server[0m[2m:[0m Executing on peer L3:lr-27182:long_run:P2: UPDATE users SET name = ? WHERE id = ?
[2m2026-05-16T01:11:36.610463Z[0m [32m INFO[0m [2mdashboard_server[0m[2m:[0m Executing on peer L3:lr-27182:long_run:P0: INSERT INTO users (id, email, name) VALUES (?, ?, ?)
[2m2026-05-16T01:11:36.707291Z[0m [32m INFO[0m [2mdashboard_server[0m[2m:[0m Sync request: L3:lr-27182:long_run:P1 -> L3:lr-27182:long_run:P3
[2m2026-05-16T01:11:37.020554Z[0m [32m INFO[0m [2mdashboard_server[0m[2m:[0m Sync request: L3:lr-27182:long_run:P1 -> L3:lr-27182:long_run:P0
[2m2026-05-16T01:11:37.155833Z[0m [32m INFO[0m [2mdashboard_server[0m[2m:[0m Executing on peer L3:lr-27182:long_run:P0: INSERT INTO users (id, email, name) VALUES (?, ?, ?)
[2m2026-05-16T01:11:37.253853Z[0m [32m INFO[0m [2mdashboard_server[0m[2m:[0m Executing on peer L3:lr-27182:long_run:P2: UPDATE users SET name = ? WHERE id = ?
[2m2026-05-16T01:11:37.351559Z[0m [32m INFO[0m [2mdashboard_server[0m[2m:[0m Executing on peer L3:lr-27182:long_run:P1: INSERT INTO users (id, email, name) VALUES (?, ?, ?)
[2m2026-05-16T01:11:37.448843Z[0m [32m INFO[0m [2mdashboard_server[0m[2m:[0m Sync request: L3:lr-27182:long_run:P0 -> L3:lr-27182:long_run:P3
[2m2026-05-16T01:11:37.583189Z[0m [32m INFO[0m [2mdashboard_server[0m[2m:[0m Executing on peer L3:lr-27182:long_run:P1: INSERT INTO users (id, email, name) VALUES (?, ?, ?)
[2m2026-05-16T01:11:37.680963Z[0m [32m INFO[0m [2mdashboard_server[0m[2m:[0m Executing on peer L3:lr-27182:long_run:P2: INSERT INTO users (id, email, name) VALUES (?, ?, ?)
[2m2026-05-16T01:11:37.778702Z[0m [32m INFO[0m [2mdashboard_server[0m[2m:[0m Executing on peer L3:lr-27182:long_run:P3: INSERT INTO users (id, email, name) VALUES (?, ?, ?)
[2m2026-05-16T01:11:37.876063Z[0m [32m INFO[0m [2mdashboard_server[0m[2m:[0m Sync request: L3:lr-27182:long_run:P1 -> L3:lr-27182:long_run:P3
[2m2026-05-16T01:11:38.011333Z[0m [32m INFO[0m [2mdashboard_server[0m[2m:[0m Executing on peer L3:lr-27182:long_run:P0: INSERT INTO users (id, email, name) VALUES (?, ?, ?)
[2m2026-05-16T01:11:38.109146Z[0m [32m INFO[0m [2mdashboard_server[0m[2m:[0m Executing on peer L3:lr-27182:long_run:P2: INSERT INTO users (id, email, name) VALUES (?, ?, ?)
[2m2026-05-16T01:11:38.207164Z[0m [32m INFO[0m [2mdashboard_server[0m[2m:[0m Executing on peer L3:lr-27182:long_run:P2: UPDATE users SET name = ? WHERE id = ?
[2m2026-05-16T01:11:38.305553Z[0m [32m INFO[0m [2mdashboard_server[0m[2m:[0m Executing on peer L3:lr-27182:long_run:P2: INSERT INTO users (id, email, name) VALUES (?, ?, ?)
[2m2026-05-16T01:11:38.403395Z[0m [32m INFO[0m [2mdashboard_server[0m[2m:[0m Executing on peer L3:lr-27182:long_run:P2: UPDATE users SET email = ? WHERE id = ?
[2m2026-05-16T01:11:38.501971Z[0m [32m INFO[0m [2mdashboard_server[0m[2m:[0m Executing on peer L3:lr-27182:long_run:P2: UPDATE users SET name = ? WHERE id = ?
[2m2026-05-16T01:11:38.599898Z[0m [32m INFO[0m [2mdashboard_server[0m[2m:[0m Executing on peer L3:lr-27182:long_run:P2: INSERT INTO users (id, email, name) VALUES (?, ?, ?)
[2m2026-05-16T01:11:38.697943Z[0m [32m INFO[0m [2mdashboard_server[0m[2m:[0m Executing on peer L3:lr-27182:long_run:P2: UPDATE users SET email = ? WHERE id = ?
[2m2026-05-16T01:11:38.796485Z[0m [32m INFO[0m [2mdashboard_server[0m[2m:[0m Executing on peer L3:lr-27182:long_run:P0: UPDATE users SET email = ? WHERE id = ?
[2m2026-05-16T01:11:39.075521Z[0m [32m INFO[0m [2mdashboard_server[0m[2m:[0m Executing on peer L3:lr-27182:long_run:P3: UPDATE users SET name = ? WHERE id = ?
[2m2026-05-16T01:11:39.173415Z[0m [32m INFO[0m [2mdashboard_server[0m[2m:[0m Sync request: L3:lr-27182:long_run:P2 -> L3:lr-27182:long_run:P0
[2m2026-05-16T01:11:39.310240Z[0m [32m INFO[0m [2mdashboard_server[0m[2m:[0m Executing on peer L3:lr-27182:long_run:P2: INSERT INTO users (id, email, name) VALUES (?, ?, ?)
[2m2026-05-16T01:11:39.408301Z[0m [32m INFO[0m [2mdashboard_server[0m[2m:[0m Executing on peer L3:lr-27182:long_run:P3: INSERT INTO users (id, email, name) VALUES (?, ?, ?)
[2m2026-05-16T01:11:39.511096Z[0m [32m INFO[0m [2mdashboard_server[0m[2m:[0m Sync request: L3:lr-27182:long_run:P1 -> L3:lr-27182:long_run:P2
[2m2026-05-16T01:11:39.661504Z[0m [32m INFO[0m [2mdashboard_server[0m[2m:[0m Executing on peer L3:lr-27182:long_run:P2: INSERT INTO users (id, email, name) VALUES (?, ?, ?)
[2m2026-05-16T01:11:39.767485Z[0m [32m INFO[0m [2mdashboard_server[0m[2m:[0m Executing on peer L3:lr-27182:long_run:P2: INSERT INTO users (id, email, name) VALUES (?, ?, ?)
[2m2026-05-16T01:11:39.875241Z[0m [32m INFO[0m [2mdashboard_server[0m[2m:[0m Executing on peer L3:lr-27182:long_run:P0: UPDATE users SET email = ? WHERE id = ?
[2m2026-05-16T01:11:39.982588Z[0m [32m INFO[0m [2mdashboard_server[0m[2m:[0m Executing on peer L3:lr-27182:long_run:P2: INSERT INTO users (id, email, name) VALUES (?, ?, ?)
[2m2026-05-16T01:11:40.090796Z[0m [32m INFO[0m [2mdashboard_server[0m[2m:[0m Executing on peer L3:lr-27182:long_run:P3: UPDATE users SET name = ? WHERE id = ?
[2m2026-05-16T01:11:40.190420Z[0m [32m INFO[0m [2mdashboard_server[0m[2m:[0m Executing on peer L3:lr-27182:long_run:P1: UPDATE users SET name = ? WHERE id = ?
[2m2026-05-16T01:11:40.289776Z[0m [32m INFO[0m [2mdashboard_server[0m[2m:[0m Executing on peer L3:lr-27182:long_run:P2: INSERT INTO users (id, email, name) VALUES (?, ?, ?)
[2m2026-05-16T01:11:40.388417Z[0m [32m INFO[0m [2mdashboard_server[0m[2m:[0m Executing on peer L3:lr-27182:long_run:P0: INSERT INTO users (id, email, name) VALUES (?, ?, ?)
[2m2026-05-16T01:11:40.486768Z[0m [32m INFO[0m [2mdashboard_server[0m[2m:[0m Executing on peer L3:lr-27182:long_run:P2: UPDATE users SET name = ? WHERE id = ?
[2m2026-05-16T01:11:40.584983Z[0m [32m INFO[0m [2mdashboard_server[0m[2m:[0m Executing on peer L3:lr-27182:long_run:P0: INSERT INTO users (id, email, name) VALUES (?, ?, ?)
[2m2026-05-16T01:11:40.683852Z[0m [32m INFO[0m [2mdashboard_server[0m[2m:[0m Executing on peer L3:lr-27182:long_run:P2: UPDATE users SET email = ? WHERE id = ?
[2m2026-05-16T01:11:40.782969Z[0m [32m INFO[0m [2mdashboard_server[0m[2m:[0m Executing on peer L3:lr-27182:long_run:P3: INSERT INTO users (id, email, name) VALUES (?, ?, ?)
[2m2026-05-16T01:11:41.062389Z[0m [32m INFO[0m [2mdashboard_server[0m[2m:[0m Sync request: L3:lr-27182:long_run:P3 -> L3:lr-27182:long_run:P2
[2m2026-05-16T01:11:41.201458Z[0m [32m INFO[0m [2mdashboard_server[0m[2m:[0m Executing on peer L3:lr-27182:long_run:P1: DELETE FROM users WHERE id = ?
[2m2026-05-16T01:11:41.300154Z[0m [32m INFO[0m [2mdashboard_server[0m[2m:[0m Executing on peer L3:lr-27182:long_run:P0: INSERT INTO users (id, email, name) VALUES (?, ?, ?)
[2m2026-05-16T01:11:41.398447Z[0m [32m INFO[0m [2mdashboard_server[0m[2m:[0m Executing on peer L3:lr-27182:long_run:P1: INSERT INTO users (id, email, name) VALUES (?, ?, ?)
[2m2026-05-16T01:11:41.496637Z[0m [32m INFO[0m [2mdashboard_server[0m[2m:[0m Executing on peer L3:lr-27182:long_run:P3: INSERT INTO users (id, email, name) VALUES (?, ?, ?)
[2m2026-05-16T01:11:41.594581Z[0m [32m INFO[0m [2mdashboard_server[0m[2m:[0m Sync request: L3:lr-27182:long_run:P0 -> L3:lr-27182:long_run:P1
[2m2026-05-16T01:11:41.731381Z[0m [32m INFO[0m [2mdashboard_server[0m[2m:[0m Sync request: L3:lr-27182:long_run:P1 -> L3:lr-27182:long_run:P0
[2m2026-05-16T01:11:41.866825Z[0m [32m INFO[0m [2mdashboard_server[0m[2m:[0m Executing on peer L3:lr-27182:long_run:P2: INSERT INTO users (id, email, name) VALUES (?, ?, ?)
[2m2026-05-16T01:11:41.964388Z[0m [32m INFO[0m [2mdashboard_server[0m[2m:[0m Executing on peer L3:lr-27182:long_run:P2: INSERT INTO users (id, email, name) VALUES (?, ?, ?)
[2m2026-05-16T01:11:42.063428Z[0m [32m INFO[0m [2mdashboard_server[0m[2m:[0m Executing on peer L3:lr-27182:long_run:P3: UPDATE users SET email = ? WHERE id = ?
[2m2026-05-16T01:11:42.174167Z[0m [32m INFO[0m [2mdashboard_server[0m[2m:[0m Executing on peer L3:lr-27182:long_run:P3: INSERT INTO users (id, email, name) VALUES (?, ?, ?)
[2m2026-05-16T01:11:42.283315Z[0m [32m INFO[0m [2mdashboard_server[0m[2m:[0m Sync request: L3:lr-27182:long_run:P3 -> L3:lr-27182:long_run:P1
[2m2026-05-16T01:11:42.426632Z[0m [32m INFO[0m [2mdashboard_server[0m[2m:[0m Executing on peer L3:lr-27182:long_run:P2: INSERT INTO users (id, email, name) VALUES (?, ?, ?)
[2m2026-05-16T01:11:42.526120Z[0m [32m INFO[0m [2mdashboard_server[0m[2m:[0m Executing on peer L3:lr-27182:long_run:P0: INSERT INTO users (id, email, name) VALUES (?, ?, ?)
[2m2026-05-16T01:11:42.624886Z[0m [32m INFO[0m [2mdashboard_server[0m[2m:[0m Sync request: L3:lr-27182:long_run:P2 -> L3:lr-27182:long_run:P3
[2m2026-05-16T01:11:42.763655Z[0m [32m INFO[0m [2mdashboard_server[0m[2m:[0m Executing on peer L3:lr-27182:long_run:P2: INSERT INTO users (id, email, name) VALUES (?, ?, ?)
[2m2026-05-16T01:11:43.044735Z[0m [32m INFO[0m [2mdashboard_server[0m[2m:[0m Executing on peer L3:lr-27182:long_run:P1: UPDATE users SET email = ? WHERE id = ?
[2m2026-05-16T01:11:43.145076Z[0m [32m INFO[0m [2mdashboard_server[0m[2m:[0m Executing on peer L3:lr-27182:long_run:P2: INSERT INTO users (id, email, name) VALUES (?, ?, ?)
[2m2026-05-16T01:11:43.245602Z[0m [32m INFO[0m [2mdashboard_server[0m[2m:[0m Executing on peer L3:lr-27182:long_run:P0: INSERT INTO users (id, email, name) VALUES (?, ?, ?)
[2m2026-05-16T01:11:43.343536Z[0m [32m INFO[0m [2mdashboard_server[0m[2m:[0m Executing on peer L3:lr-27182:long_run:P3: INSERT INTO users (id, email, name) VALUES (?, ?, ?)
[2m2026-05-16T01:11:43.442982Z[0m [32m INFO[0m [2mdashboard_server[0m[2m:[0m Sync request: L3:lr-27182:long_run:P1 -> L3:lr-27182:long_run:P2
[2m2026-05-16T01:11:43.580900Z[0m [32m INFO[0m [2mdashboard_server[0m[2m:[0m Executing on peer L3:lr-27182:long_run:P0: INSERT INTO users (id, email, name) VALUES (?, ?, ?)
[2m2026-05-16T01:11:43.680314Z[0m [32m INFO[0m [2mdashboard_server[0m[2m:[0m Executing on peer L3:lr-27182:long_run:P3: UPDATE users SET name = ? WHERE id = ?
[2m2026-05-16T01:11:43.780167Z[0m [32m INFO[0m [2mdashboard_server[0m[2m:[0m Executing on peer L3:lr-27182:long_run:P1: INSERT INTO users (id, email, name) VALUES (?, ?, ?)
[2m2026-05-16T01:11:43.879098Z[0m [32m INFO[0m [2mdashboard_server[0m[2m:[0m Executing on peer L3:lr-27182:long_run:P3: UPDATE users SET email = ? WHERE id = ?
[2m2026-05-16T01:11:43.977866Z[0m [32m INFO[0m [2mdashboard_server[0m[2m:[0m Executing on peer L3:lr-27182:long_run:P0: INSERT INTO users (id, email, name) VALUES (?, ?, ?)
[2m2026-05-16T01:11:44.077076Z[0m [32m INFO[0m [2mdashboard_server[0m[2m:[0m Executing on peer L3:lr-27182:long_run:P2: INSERT INTO users (id, email, name) VALUES (?, ?, ?)
[2m2026-05-16T01:11:44.177146Z[0m [32m INFO[0m [2mdashboard_server[0m[2m:[0m Executing on peer L3:lr-27182:long_run:P3: UPDATE users SET email = ? WHERE id = ?
[2m2026-05-16T01:11:44.277196Z[0m [32m INFO[0m [2mdashboard_server[0m[2m:[0m Executing on peer L3:lr-27182:long_run:P3: INSERT INTO users (id, email, name) VALUES (?, ?, ?)
[2m2026-05-16T01:11:44.376239Z[0m [32m INFO[0m [2mdashboard_server[0m[2m:[0m Executing on peer L3:lr-27182:long_run:P0: INSERT INTO users (id, email, name) VALUES (?, ?, ?)
[2m2026-05-16T01:11:44.474478Z[0m [32m INFO[0m [2mdashboard_server[0m[2m:[0m Sync request: L3:lr-27182:long_run:P1 -> L3:lr-27182:long_run:P3
[2m2026-05-16T01:11:44.612804Z[0m [32m INFO[0m [2mdashboard_server[0m[2m:[0m Executing on peer L3:lr-27182:long_run:P2: DELETE FROM users WHERE id = ?
[2m2026-05-16T01:11:44.712848Z[0m [32m INFO[0m [2mdashboard_server[0m[2m:[0m Executing on peer L3:lr-27182:long_run:P3: INSERT INTO users (id, email, name) VALUES (?, ?, ?)
[2m2026-05-16T01:11:44.811125Z[0m [32m INFO[0m [2mdashboard_server[0m[2m:[0m Executing on peer L3:lr-27182:long_run:P1: UPDATE users SET email = ? WHERE id = ?
[2m2026-05-16T01:11:45.094135Z[0m [32m INFO[0m [2mdashboard_server[0m[2m:[0m Executing on peer L3:lr-27182:long_run:P1: INSERT INTO users (id, email, name) VALUES (?, ?, ?)
[2m2026-05-16T01:11:45.193114Z[0m [32m INFO[0m [2mdashboard_server[0m[2m:[0m Executing on peer L3:lr-27182:long_run:P0: INSERT INTO users (id, email, name) VALUES (?, ?, ?)
[2m2026-05-16T01:11:45.292815Z[0m [32m INFO[0m [2mdashboard_server[0m[2m:[0m Executing on peer L3:lr-27182:long_run:P1: UPDATE users SET name = ? WHERE id = ?
[2m2026-05-16T01:11:45.392919Z[0m [32m INFO[0m [2mdashboard_server[0m[2m:[0m Sync request: L3:lr-27182:long_run:P3 -> L3:lr-27182:long_run:P0
[2m2026-05-16T01:11:45.533459Z[0m [32m INFO[0m [2mdashboard_server[0m[2m:[0m Executing on peer L3:lr-27182:long_run:P2: UPDATE users SET name = ? WHERE id = ?
[2m2026-05-16T01:11:45.633634Z[0m [32m INFO[0m [2mdashboard_server[0m[2m:[0m Executing on peer L3:lr-27182:long_run:P2: INSERT INTO users (id, email, name) VALUES (?, ?, ?)
[2m2026-05-16T01:11:45.733829Z[0m [32m INFO[0m [2mdashboard_server[0m[2m:[0m Executing on peer L3:lr-27182:long_run:P3: DELETE FROM users WHERE id = ?
[2m2026-05-16T01:11:45.833596Z[0m [32m INFO[0m [2mdashboard_server[0m[2m:[0m Executing on peer L3:lr-27182:long_run:P2: INSERT INTO users (id, email, name) VALUES (?, ?, ?)
[2m2026-05-16T01:11:45.933181Z[0m [32m INFO[0m [2mdashboard_server[0m[2m:[0m Executing on peer L3:lr-27182:long_run:P0: INSERT INTO users (id, email, name) VALUES (?, ?, ?)
[2m2026-05-16T01:11:46.032467Z[0m [32m INFO[0m [2mdashboard_server[0m[2m:[0m Executing on peer L3:lr-27182:long_run:P1: INSERT INTO users (id, email, name) VALUES (?, ?, ?)
[2m2026-05-16T01:11:46.132279Z[0m [32m INFO[0m [2mdashboard_server[0m[2m:[0m Executing on peer L3:lr-27182:long_run:P1: INSERT INTO users (id, email, name) VALUES (?, ?, ?)
[2m2026-05-16T01:11:46.233131Z[0m [32m INFO[0m [2mdashboard_server[0m[2m:[0m Executing on peer L3:lr-27182:long_run:P3: INSERT INTO users (id, email, name) VALUES (?, ?, ?)
[2m2026-05-16T01:11:46.332574Z[0m [32m INFO[0m [2mdashboard_server[0m[2m:[0m Executing on peer L3:lr-27182:long_run:P3: INSERT INTO users (id, email, name) VALUES (?, ?, ?)
[2m2026-05-16T01:11:46.432875Z[0m [32m INFO[0m [2mdashboard_server[0m[2m:[0m Executing on peer L3:lr-27182:long_run:P0: INSERT INTO users (id, email, name) VALUES (?, ?, ?)
[2m2026-05-16T01:11:46.532867Z[0m [32m INFO[0m [2mdashboard_server[0m[2m:[0m Executing on peer L3:lr-27182:long_run:P2: INSERT INTO users (id, email, name) VALUES (?, ?, ?)
[2m2026-05-16T01:11:46.632457Z[0m [32m INFO[0m [2mdashboard_server[0m[2m:[0m Executing on peer L3:lr-27182:long_run:P2: UPDATE users SET email = ? WHERE id = ?
[2m2026-05-16T01:11:46.733265Z[0m [32m INFO[0m [2mdashboard_server[0m[2m:[0m Executing on peer L3:lr-27182:long_run:P2: UPDATE users SET email = ? WHERE id = ?
[2m2026-05-16T01:11:46.833798Z[0m [32m INFO[0m [2mdashboard_server[0m[2m:[0m Executing on peer L3:lr-27182:long_run:P1: UPDATE users SET name = ? WHERE id = ?
[2m2026-05-16T01:11:47.117500Z[0m [32m INFO[0m [2mdashboard_server[0m[2m:[0m Executing on peer L3:lr-27182:long_run:P3: UPDATE users SET name = ? WHERE id = ?
[2m2026-05-16T01:11:47.218186Z[0m [32m INFO[0m [2mdashboard_server[0m[2m:[0m Executing on peer L3:lr-27182:long_run:P0: INSERT INTO users (id, email, name) VALUES (?, ?, ?)
[2m2026-05-16T01:11:47.317641Z[0m [32m INFO[0m [2mdashboard_server[0m[2m:[0m Sync request: L3:lr-27182:long_run:P1 -> L3:lr-27182:long_run:P2
[2m2026-05-16T01:11:47.457811Z[0m [32m INFO[0m [2mdashboard_server[0m[2m:[0m Executing on peer L3:lr-27182:long_run:P1: UPDATE users SET email = ? WHERE id = ?
[2m2026-05-16T01:11:47.558262Z[0m [32m INFO[0m [2mdashboard_server[0m[2m:[0m Executing on peer L3:lr-27182:long_run:P2: UPDATE users SET name = ? WHERE id = ?
[2m2026-05-16T01:11:47.658873Z[0m [32m INFO[0m [2mdashboard_server[0m[2m:[0m Executing on peer L3:lr-27182:long_run:P0: INSERT INTO users (id, email, name) VALUES (?, ?, ?)
[2m2026-05-16T01:11:47.758996Z[0m [32m INFO[0m [2mdashboard_server[0m[2m:[0m Executing on peer L3:lr-27182:long_run:P0: UPDATE users SET name = ? WHERE id = ?
[2m2026-05-16T01:11:47.858848Z[0m [32m INFO[0m [2mdashboard_server[0m[2m:[0m Sync request: L3:lr-27182:long_run:P0 -> L3:lr-27182:long_run:P1
[2m2026-05-16T01:11:48.000322Z[0m [32m INFO[0m [2mdashboard_server[0m[2m:[0m Sync request: L3:lr-27182:long_run:P1 -> L3:lr-27182:long_run:P3
[2m2026-05-16T01:11:48.142803Z[0m [32m INFO[0m [2mdashboard_server[0m[2m:[0m Executing on peer L3:lr-27182:long_run:P2: UPDATE users SET email = ? WHERE id = ?
[2m2026-05-16T01:11:48.243706Z[0m [32m INFO[0m [2mdashboard_server[0m[2m:[0m Sync request: L3:lr-27182:long_run:P1 -> L3:lr-27182:long_run:P2
[2m2026-05-16T01:11:48.385201Z[0m [32m INFO[0m [2mdashboard_server[0m[2m:[0m Executing on peer L3:lr-27182:long_run:P0: INSERT INTO users (id, email, name) VALUES (?, ?, ?)
[2m2026-05-16T01:11:48.485362Z[0m [32m INFO[0m [2mdashboard_server[0m[2m:[0m Executing on peer L3:lr-27182:long_run:P2: INSERT INTO users (id, email, name) VALUES (?, ?, ?)
[2m2026-05-16T01:11:48.585613Z[0m [32m INFO[0m [2mdashboard_server[0m[2m:[0m Executing on peer L3:lr-27182:long_run:P0: INSERT INTO users (id, email, name) VALUES (?, ?, ?)
[2m2026-05-16T01:11:48.686248Z[0m [32m INFO[0m [2mdashboard_server[0m[2m:[0m Sync request: L3:lr-27182:long_run:P1 -> L3:lr-27182:long_run:P0
[2m2026-05-16T01:11:48.827543Z[0m [32m INFO[0m [2mdashboard_server[0m[2m:[0m Executing on peer L3:lr-27182:long_run:P0: UPDATE users SET name = ? WHERE id = ?
[2m2026-05-16T01:11:49.113509Z[0m [32m INFO[0m [2mdashboard_server[0m[2m:[0m Executing on peer L3:lr-27182:long_run:P2: INSERT INTO users (id, email, name) VALUES (?, ?, ?)
[2m2026-05-16T01:11:49.213385Z[0m [32m INFO[0m [2mdashboard_server[0m[2m:[0m Executing on peer L3:lr-27182:long_run:P1: UPDATE users SET email = ? WHERE id = ?
[2m2026-05-16T01:11:49.314120Z[0m [32m INFO[0m [2mdashboard_server[0m[2m:[0m Executing on peer L3:lr-27182:long_run:P2: UPDATE users SET email = ? WHERE id = ?
[2m2026-05-16T01:11:49.414804Z[0m [32m INFO[0m [2mdashboard_server[0m[2m:[0m Executing on peer L3:lr-27182:long_run:P0: INSERT INTO users (id, email, name) VALUES (?, ?, ?)
[2m2026-05-16T01:11:49.514823Z[0m [32m INFO[0m [2mdashboard_server[0m[2m:[0m Executing on peer L3:lr-27182:long_run:P0: INSERT INTO users (id, email, name) VALUES (?, ?, ?)
[2m2026-05-16T01:11:49.614986Z[0m [32m INFO[0m [2mdashboard_server[0m[2m:[0m Executing on peer L3:lr-27182:long_run:P2: INSERT INTO users (id, email, name) VALUES (?, ?, ?)
[2m2026-05-16T01:11:49.715866Z[0m [32m INFO[0m [2mdashboard_server[0m[2m:[0m Executing on peer L3:lr-27182:long_run:P0: INSERT INTO users (id, email, name) VALUES (?, ?, ?)
[2m2026-05-16T01:11:49.816315Z[0m [32m INFO[0m [2mdashboard_server[0m[2m:[0m Sync request: L3:lr-27182:long_run:P2 -> L3:lr-27182:long_run:P0
[2m2026-05-16T01:11:49.957906Z[0m [32m INFO[0m [2mdashboard_server[0m[2m:[0m Executing on peer L3:lr-27182:long_run:P1: INSERT INTO users (id, email, name) VALUES (?, ?, ?)
[2m2026-05-16T01:11:50.059605Z[0m [32m INFO[0m [2mdashboard_server[0m[2m:[0m Sync request: L3:lr-27182:long_run:P2 -> L3:lr-27182:long_run:P1
[2m2026-05-16T01:11:50.201718Z[0m [32m INFO[0m [2mdashboard_server[0m[2m:[0m Executing on peer L3:lr-27182:long_run:P2: INSERT INTO users (id, email, name) VALUES (?, ?, ?)
[2m2026-05-16T01:11:50.302751Z[0m [32m INFO[0m [2mdashboard_server[0m[2m:[0m Sync request: L3:lr-27182:long_run:P0 -> L3:lr-27182:long_run:P3
[2m2026-05-16T01:11:50.445320Z[0m [32m INFO[0m [2mdashboard_server[0m[2m:[0m Executing on peer L3:lr-27182:long_run:P1: UPDATE users SET name = ? WHERE id = ?
[2m2026-05-16T01:11:50.546436Z[0m [32m INFO[0m [2mdashboard_server[0m[2m:[0m Sync request: L3:lr-27182:long_run:P1 -> L3:lr-27182:long_run:P2
[2m2026-05-16T01:11:50.687563Z[0m [32m INFO[0m [2mdashboard_server[0m[2m:[0m Executing on peer L3:lr-27182:long_run:P2: UPDATE users SET name = ? WHERE id = ?
[2m2026-05-16T01:11:50.788881Z[0m [32m INFO[0m [2mdashboard_server[0m[2m:[0m Executing on peer L3:lr-27182:long_run:P0: INSERT INTO users (id, email, name) VALUES (?, ?, ?)
[2m2026-05-16T01:11:51.075498Z[0m [32m INFO[0m [2mdashboard_server[0m[2m:[0m Executing on peer L3:lr-27182:long_run:P2: INSERT INTO users (id, email, name) VALUES (?, ?, ?)
[2m2026-05-16T01:11:51.177313Z[0m [32m INFO[0m [2mdashboard_server[0m[2m:[0m Executing on peer L3:lr-27182:long_run:P2: INSERT INTO users (id, email, name) VALUES (?, ?, ?)
[2m2026-05-16T01:11:51.279135Z[0m [32m INFO[0m [2mdashboard_server[0m[2m:[0m Executing on peer L3:lr-27182:long_run:P1: INSERT INTO users (id, email, name) VALUES (?, ?, ?)
[2m2026-05-16T01:11:51.380462Z[0m [32m INFO[0m [2mdashboard_server[0m[2m:[0m Executing on peer L3:lr-27182:long_run:P1: UPDATE users SET email = ? WHERE id = ?
[2m2026-05-16T01:11:51.482075Z[0m [32m INFO[0m [2mdashboard_server[0m[2m:[0m Executing on peer L3:lr-27182:long_run:P2: INSERT INTO users (id, email, name) VALUES (?, ?, ?)
[2m2026-05-16T01:11:51.583450Z[0m [32m INFO[0m [2mdashboard_server[0m[2m:[0m Executing on peer L3:lr-27182:long_run:P1: INSERT INTO users (id, email, name) VALUES (?, ?, ?)
[2m2026-05-16T01:11:51.685638Z[0m [32m INFO[0m [2mdashboard_server[0m[2m:[0m Executing on peer L3:lr-27182:long_run:P0: INSERT INTO users (id, email, name) VALUES (?, ?, ?)
[2m2026-05-16T01:11:51.786692Z[0m [32m INFO[0m [2mdashboard_server[0m[2m:[0m Executing on peer L3:lr-27182:long_run:P0: INSERT INTO users (id, email, name) VALUES (?, ?, ?)
[2m2026-05-16T01:11:51.888038Z[0m [32m INFO[0m [2mdashboard_server[0m[2m:[0m Executing on peer L3:lr-27182:long_run:P3: INSERT INTO users (id, email, name) VALUES (?, ?, ?)
[2m2026-05-16T01:11:51.989353Z[0m [32m INFO[0m [2mdashboard_server[0m[2m:[0m Executing on peer L3:lr-27182:long_run:P0: INSERT INTO users (id, email, name) VALUES (?, ?, ?)
[2m2026-05-16T01:11:52.091065Z[0m [32m INFO[0m [2mdashboard_server[0m[2m:[0m Sync request: L3:lr-27182:long_run:P1 -> L3:lr-27182:long_run:P2
[2m2026-05-16T01:11:52.233247Z[0m [32m INFO[0m [2mdashboard_server[0m[2m:[0m Sync request: L3:lr-27182:long_run:P0 -> L3:lr-27182:long_run:P1
[2m2026-05-16T01:11:52.375835Z[0m [32m INFO[0m [2mdashboard_server[0m[2m:[0m Executing on peer L3:lr-27182:long_run:P2: UPDATE users SET email = ? WHERE id = ?
[2m2026-05-16T01:11:52.477379Z[0m [32m INFO[0m [2mdashboard_server[0m[2m:[0m Executing on peer L3:lr-27182:long_run:P3: INSERT INTO users (id, email, name) VALUES (?, ?, ?)
[2m2026-05-16T01:11:52.577828Z[0m [32m INFO[0m [2mdashboard_server[0m[2m:[0m Sync request: L3:lr-27182:long_run:P3 -> L3:lr-27182:long_run:P2
[2m2026-05-16T01:11:52.720955Z[0m [32m INFO[0m [2mdashboard_server[0m[2m:[0m Sync request: L3:lr-27182:long_run:P0 -> L3:lr-27182:long_run:P3
[2m2026-05-16T01:11:53.050461Z[0m [32m INFO[0m [2mdashboard_server[0m[2m:[0m Executing on peer L3:lr-27182:long_run:P3: INSERT INTO users (id, email, name) VALUES (?, ?, ?)
[2m2026-05-16T01:11:53.151760Z[0m [32m INFO[0m [2mdashboard_server[0m[2m:[0m Executing on peer L3:lr-27182:long_run:P0: DELETE FROM users WHERE id = ?
[2m2026-05-16T01:11:53.253673Z[0m [32m INFO[0m [2mdashboard_server[0m[2m:[0m Executing on peer L3:lr-27182:long_run:P3: INSERT INTO users (id, email, name) VALUES (?, ?, ?)
[2m2026-05-16T01:11:53.355756Z[0m [32m INFO[0m [2mdashboard_server[0m[2m:[0m Executing on peer L3:lr-27182:long_run:P1: INSERT INTO users (id, email, name) VALUES (?, ?, ?)
[2m2026-05-16T01:11:53.457956Z[0m [32m INFO[0m [2mdashboard_server[0m[2m:[0m Executing on peer L3:lr-27182:long_run:P0: UPDATE users SET email = ? WHERE id = ?
[2m2026-05-16T01:11:53.560327Z[0m [32m INFO[0m [2mdashboard_server[0m[2m:[0m Executing on peer L3:lr-27182:long_run:P0: INSERT INTO users (id, email, name) VALUES (?, ?, ?)
[2m2026-05-16T01:11:53.661392Z[0m [32m INFO[0m [2mdashboard_server[0m[2m:[0m Executing on peer L3:lr-27182:long_run:P1: UPDATE users SET email = ? WHERE id = ?
[2m2026-05-16T01:11:53.763739Z[0m [32m INFO[0m [2mdashboard_server[0m[2m:[0m Sync request: L3:lr-27182:long_run:P1 -> L3:lr-27182:long_run:P2
[2m2026-05-16T01:11:53.907287Z[0m [32m INFO[0m [2mdashboard_server[0m[2m:[0m Executing on peer L3:lr-27182:long_run:P1: INSERT INTO users (id, email, name) VALUES (?, ?, ?)
[2m2026-05-16T01:11:54.070863Z[0m [32m INFO[0m [2mdashboard_server[0m[2m:[0m Sync request: L3:lr-27182:long_run:P0 -> L3:lr-27182:long_run:P2
[2m2026-05-16T01:11:54.217950Z[0m [32m INFO[0m [2mdashboard_server[0m[2m:[0m Executing on peer L3:lr-27182:long_run:P3: UPDATE users SET name = ? WHERE id = ?
[2m2026-05-16T01:11:54.320676Z[0m [32m INFO[0m [2mdashboard_server[0m[2m:[0m Executing on peer L3:lr-27182:long_run:P3: INSERT INTO users (id, email, name) VALUES (?, ?, ?)
[2m2026-05-16T01:11:54.425502Z[0m [32m INFO[0m [2mdashboard_server[0m[2m:[0m Executing on peer L3:lr-27182:long_run:P3: INSERT INTO users (id, email, name) VALUES (?, ?, ?)
[2m2026-05-16T01:11:54.528335Z[0m [32m INFO[0m [2mdashboard_server[0m[2m:[0m Executing on peer L3:lr-27182:long_run:P0: INSERT INTO users (id, email, name) VALUES (?, ?, ?)
[2m2026-05-16T01:11:54.630424Z[0m [32m INFO[0m [2mdashboard_server[0m[2m:[0m Executing on peer L3:lr-27182:long_run:P0: UPDATE users SET name = ? WHERE id = ?
[2m2026-05-16T01:11:54.733187Z[0m [32m INFO[0m [2mdashboard_server[0m[2m:[0m Executing on peer L3:lr-27182:long_run:P0: INSERT INTO users (id, email, name) VALUES (?, ?, ?)
[2m2026-05-16T01:11:54.834718Z[0m [32m INFO[0m [2mdashboard_server[0m[2m:[0m Sync request: L3:lr-27182:long_run:P0 -> L3:lr-27182:long_run:P1
[2m2026-05-16T01:11:55.166233Z[0m [32m INFO[0m [2mdashboard_server[0m[2m:[0m Sync request: L3:lr-27182:long_run:P0 -> L3:lr-27182:long_run:P2
[2m2026-05-16T01:11:55.309615Z[0m [32m INFO[0m [2mdashboard_server[0m[2m:[0m Sync request: L3:lr-27182:long_run:P0 -> L3:lr-27182:long_run:P3
[2m2026-05-16T01:11:55.454105Z[0m [32m INFO[0m [2mdashboard_server[0m[2m:[0m Sync request: L3:lr-27182:long_run:P1 -> L3:lr-27182:long_run:P2
[2m2026-05-16T01:11:55.596839Z[0m [32m INFO[0m [2mdashboard_server[0m[2m:[0m Sync request: L3:lr-27182:long_run:P1 -> L3:lr-27182:long_run:P3
[2m2026-05-16T01:11:55.740676Z[0m [32m INFO[0m [2mdashboard_server[0m[2m:[0m Sync request: L3:lr-27182:long_run:P2 -> L3:lr-27182:long_run:P3
[2m2026-05-16T01:11:55.884510Z[0m [32m INFO[0m [2mdashboard_server[0m[2m:[0m Sync request: L3:lr-27182:long_run:P0 -> L3:lr-27182:long_run:P1
[2m2026-05-16T01:11:56.027616Z[0m [32m INFO[0m [2mdashboard_server[0m[2m:[0m Sync request: L3:lr-27182:long_run:P0 -> L3:lr-27182:long_run:P2
[2m2026-05-16T01:11:56.171855Z[0m [32m INFO[0m [2mdashboard_server[0m[2m:[0m Sync request: L3:lr-27182:long_run:P0 -> L3:lr-27182:long_run:P3
[2m2026-05-16T01:11:56.316451Z[0m [32m INFO[0m [2mdashboard_server[0m[2m:[0m Sync request: L3:lr-27182:long_run:P1 -> L3:lr-27182:long_run:P2
[2m2026-05-16T01:11:56.459805Z[0m [32m INFO[0m [2mdashboard_server[0m[2m:[0m Sync request: L3:lr-27182:long_run:P1 -> L3:lr-27182:long_run:P3
[2m2026-05-16T01:11:56.603163Z[0m [32m INFO[0m [2mdashboard_server[0m[2m:[0m Sync request: L3:lr-27182:long_run:P2 -> L3:lr-27182:long_run:P3
[2m2026-05-16T01:11:56.747467Z[0m [32m INFO[0m [2mdashboard_server[0m[2m:[0m Sync request: L3:lr-27182:long_run:P0 -> L3:lr-27182:long_run:P1
[2m2026-05-16T01:11:57.078682Z[0m [32m INFO[0m [2mdashboard_server[0m[2m:[0m Sync request: L3:lr-27182:long_run:P0 -> L3:lr-27182:long_run:P2
[2m2026-05-16T01:11:57.221222Z[0m [32m INFO[0m [2mdashboard_server[0m[2m:[0m Sync request: L3:lr-27182:long_run:P0 -> L3:lr-27182:long_run:P3
[2m2026-05-16T01:11:57.364647Z[0m [32m INFO[0m [2mdashboard_server[0m[2m:[0m Sync request: L3:lr-27182:long_run:P1 -> L3:lr-27182:long_run:P2
[2m2026-05-16T01:11:57.507626Z[0m [32m INFO[0m [2mdashboard_server[0m[2m:[0m Sync request: L3:lr-27182:long_run:P1 -> L3:lr-27182:long_run:P3
[2m2026-05-16T01:11:57.651066Z[0m [32m INFO[0m [2mdashboard_server[0m[2m:[0m Sync request: L3:lr-27182:long_run:P2 -> L3:lr-27182:long_run:P3
[2m2026-05-16T01:11:57.867310Z[0m [32m INFO[0m [2mdashboard_server[0m[2m:[0m Resetting entire cluster state — wiping ALL peers
